"Name","Files","GiB","LastWrite"
"hardware_sdk","1532","2.035","2026-08-27 14:21"
"qwen_vl_cifar10","45","0.795","2026-07-25 17:10"
"qwen3_vl_8b_multimodal_mlp","27","0.331","2026-07-23 21:04"
"qwen3_vl_8b_vision_mlp","27","0.331","2026-07-23 21:04"
"qwen3_vl_embedding_2b_caltech101_four_layer_optical_retrieval","306","0.267","2026-08-21 23:10"
"lab_qwen","317","0.147","2026-08-30 20:35"
"qwen3_vl_embedding_2b_caltech101_multiplane_optical_retrieval","75","0.145","2026-08-27 09:01"
"qwen3_vl_embedding_2b_caltech101_four_layer_optical_retrieval_10cm_warmstart5","81","0.096","2026-08-29 21:43"
"lab_lgvq","59","0.087","2026-09-04 10:01"
"d2nn_mnist4_single_layer_17um_10cm_v2","131","0.053","2026-09-04 22:27"
"qwen_optical_platform_handoff","24","0.048","2026-09-04 22:53"
"lgvq_four_stage_optical_electronic_109_no_attention_vqa","170","0.042","2026-09-04 10:01"
"qwen3_vl_embedding_2b_caltech101_four_layer_optical_retrieval_10cm_early_robust_tradeoff","60","0.015","2026-09-04 22:27"
"qwen3_vl_2b_lgvq_single_metric_o2_16frame_54","291","0.014","2026-09-04 23:17"
"qwen3_vl_2b_lgvq_temporal_framecount_timing","98","0.003","2026-09-04 22:27"
"qwen3_vl_embedding_2b_grocery10_optical_retrieval","80","0.002","2026-08-30 11:32"
"qwen3_vl_2b_spaq_single_attribute_multimodal_electronic_router_moe16_224","71","0.001","2026-07-26 22:19"
"qwen3_vl_2b_kadid10k_mos_multimodal_electronic_router_moe16_224","59","0.001","2026-07-29 21:22"
"qwen3_vl_embedding_2b_caltech101_four_layer_optical_router_retrieval","63","0.001","2026-09-02 02:06"
"qwen3_vl_embedding_2b_abo_product_retrieval_optical_moe16","44","0.001","2026-08-04 01:02"
"qwen3_vl_embedding_2b_awa2_animal10_optical_retrieval","55","0.001","2026-08-11 19:11"
"qwen3_vl_embedding_2b_bdd100k_bench2drive_e2e_optical_moe16","58","0.001","2026-08-04 01:02"
"qwen3_vl_embedding_2b_caltech101_four_layer_optical_retrieval_10cm_robust","53","0.001","2026-08-26 22:10"
"qwen3_vl_2b_openmoji_instruction_four_stage_optical_editing","438","0.001","2026-08-18 17:20"
"qwen3_vl_2b_spaq_single_attribute_multimodal_electronic_router_moe16_224_1layer_baseline","26","0.001","2026-08-04 01:02"
"qwen3_vl_2b_flickr30k_image_text_matching_multimodal_homogeneous_moe9","52","0.001","2026-07-21 23:28"
"qwen3_vl_embedding_2b_caltech101_object10_optical_retrieval","79","0.001","2026-08-12 16:52"
"qwen3_vl_embedding_2b_grocery10_tokenwise_optical_moe4","44","0.001","2026-08-11 09:35"
"qwen3_vl_embedding_2b_fss1000_vision_optical_saliency","37","0.001","2026-08-04 01:02"
"qwen3_vl_2b_coco_pretrain_flickr30k_itm_homogeneous_moe9_residual15","26","0.001","2026-07-25 17:10"
"qwen3_vl_2b_cifar10_vision_homogeneous_moe9","73","0.001","2026-07-17 10:34"
"qwen3_vl_embedding_2b_salicon_vision_optical_saliency","30","0","2026-08-04 01:02"
"qwen3_vl_embedding_2b_caltech101_balanced_optical_fusion_ablation","25","0","2026-09-02 13:19"
"qwen3_vl_embedding_2b_isic2016_skin_lesion_optical_segmentation","29","0","2026-08-17 20:53"
"vision2_hybrid_dense","14","0","2026-08-17 21:05"
"__pycache__","2","0","2026-09-02 00:12"
"qwen3_vl_embedding_2b_lsp_pose_optical_moe16","49","0","2026-08-10 14:12"
"qwen3_vl_embedding_2b_lsp_pose_optical_router","26","0","2026-09-02 11:48"
"qwen3_vl_embedding_2b_caltech101_electronic_retrieval","29","0","2026-08-16 17:08"
"qwen3_vl_embedding_2b_cifar10_electronic_retrieval","18","0","2026-08-16 16:53"
"qwen3_vl_embedding_2b_caltech101_robust_hybrid_retrieval","24","0","2026-08-30 11:32"
"qwen3_vl_embedding_2b_caltech101_language2_optical_retrieval","24","0","2026-08-16 21:40"
"qwen3_vl_embedding_2b_coco_duts_vision_optical_moe16_pretrain","36","0","2026-08-04 01:02"
"qwen3_vl_embedding_2b_caltech101_four_layer_optical_retrieval_10cm_ccd_noise1","39","0","2026-08-29 15:41"
"qwen3_vl_embedding_2b_grocery10_robust_hybrid_retrieval","29","0","2026-08-15 21:09"
"qwen3_vl_embedding_2b_fss1000_saliency_coco_duts_pretrained_moe16","22","0","2026-08-04 01:02"
"qwen3_vl_8b_multimodal_optical_weather4","24","0","2026-07-23 21:04"
"qwen3_vl_2b_bdd100k_scene4_optical_fullstack4","23","0","2026-07-23 21:04"
"optical_mlp_mixer_moe9_imagenet1k_clip_distill","45","0","2026-07-25 17:10"
"kadid10k_quality3_optical5_electronic_readout","16","0","2026-08-04 01:02"
"qwen3_vl_2b_bdd100k_timeofday3_optical_fullstack4","23","0","2026-07-29 21:22"
"qwen3_vl_2b_cc3m_general_distillation_pca224_moe16","52","0","2026-07-26 19:00"
"qwen3_vl_2b_bdd100k_timeofday3_visionfield_mlp_probe","20","0","2026-07-23 21:04"
"qwen3_vl_2b_bdd100k_timeofday3_optical_fullstack4_token64_residual","62","0","2026-07-09 17:03"
"grocery10_electronic_retrieval_baselines","27","0","2026-07-28 00:13"
"d2nn_mnist4_single_layer_17um","30","0","2026-08-26 12:23"
"bdd100k_weather4_optical5_mlp","13","0","2026-07-25 17:10"
"bdd100k_timeofday3_standard_baselines","0","0","2026-07-25 17:10"
"d2nn_mnist4_single_layer_17um_10cm","44","0","2026-08-26 18:19"
"grocery10_electronic_classification_baselines","25","0","2026-07-28 10:05"
"grocery10_d2nn2_classification_baseline","25","0","2026-07-28 10:01"
"fashion_mnist_optical5_continuous","16","0","2026-07-25 17:10"
"qwen3_vl_2b_cifar10_optical_fullstack4","22","0","2026-08-04 01:02"
"qwen3_vl_2b_spaq_single_attribute_multimodal_electronic_router_moe9","24","0","2026-08-04 01:02"
"bdd100k_timeofday3_optical5_vs_cnn","19","0","2026-07-25 17:10"
"qwen3_vl_2b_spaq_multitask_iqa","15","0","2026-08-04 01:02"
"qwen3_vl_2b_spaq_single_attribute_multimodal_homogeneous_moe9","24","0","2026-08-04 01:02"
"qwen3_vl_2b_synthetic_instruction_four_stage_optical_editing","32","0","2026-08-18 14:58"
"qwen3_vl_2b_spaq_zeroshot_iqa","7","0","2026-08-04 01:02"
"qwen3_vl_2b_spaq_single_attribute_vision_homogeneous_moe9","24","0","2026-08-04 01:02"
"qwen3_vl_2b_spaq_mos_vision_homogeneous_moe9","24","0","2026-08-04 01:02"
"qwen3_vl_2b_lgvq_linear_baseline","9","0","2026-09-04 10:01"
"qwen3_vl_2b_kadid10k_quality3_optical_fullstack4_token64_residual","24","0","2026-07-23 21:04"
"qwen3_vl_2b_cifar10_optical_fullstack4_token64_residual","24","0","2026-08-04 01:02"
"qwen3_vl_2b_lgvq_o2_109_highalpha_vqa","38","0","2026-09-04 22:27"
"qwen3_vl_2b_spaq_mos_patchhidden_probe","10","0","2026-08-04 01:02"
"qwen3_vl_2b_multimodal_optical_weather4","23","0","2026-07-23 21:04"
"qwen3_vl_2b_lgvq_spatiotemporal_optical_router_vqa","36","0","2026-09-02 17:13"
