source_family,project,physical_source_root,python_module,tracked_file_count,source_tree_sha256,default_artifact_root,source_sync_contract,artifact_sync_contract
fixed_feedback,d2nn_cifar100_cifar10_fixed_feedback_contrastive_20stage400,FixedFeedbackSFT/projects/d2nn_cifar100_cifar10_fixed_feedback_contrastive_20stage400,experiments.d2nn_cifar100_cifar10_fixed_feedback_contrastive_20stage400,15,28a9e419553a8a52d331a125329226d5c086f56b6567d99780c1efabe4e20718,FixedFeedbackSFT/runs/d2nn_cifar100_cifar10_fixed_feedback_contrastive_20stage400,GitHub main -> local and server,server authoritative; manifest/checksum only
fixed_feedback,d2nn_cifar100c10_fixed_feedback_20stage400,FixedFeedbackSFT/projects/d2nn_cifar100c10_fixed_feedback_20stage400,experiments.d2nn_cifar100c10_fixed_feedback_20stage400,23,e65e426a91f4a9d7c3f6dd44ee39f70f1f91d282bb7dc4599d8db40a4ac263ea,FixedFeedbackSFT/runs/d2nn_cifar100c10_fixed_feedback_20stage400,GitHub main -> local and server,server authoritative; manifest/checksum only
fixed_feedback,d2nn_cifar10_high_performance_optical_backbone,FixedFeedbackSFT/projects/d2nn_cifar10_high_performance_optical_backbone,experiments.d2nn_cifar10_high_performance_optical_backbone,178,fb992603c173419381355886adf6100462d9ab15a625b2c720c1a266bc2cd407,FixedFeedbackSFT/runs/d2nn_cifar10_high_performance_optical_backbone,GitHub main -> local and server,server authoritative; manifest/checksum only
fixed_feedback,qwen3_vl_patch_stem_8stage_dual_scale_optical_imagenet_backbone,FixedFeedbackSFT/projects/qwen3_vl_patch_stem_8stage_dual_scale_optical_imagenet_backbone,experiments.qwen3_vl_patch_stem_8stage_dual_scale_optical_imagenet_backbone,17,4cb151d16c248baf4070d46a2bcebae46dea8139024ef70a9e522da1a33aeb7d,FixedFeedbackSFT/runs/qwen3_vl_patch_stem_8stage_dual_scale_optical_imagenet_backbone,GitHub main -> local and server,server authoritative; manifest/checksum only
fixed_feedback,qwen3_vl_patch_stem_8stage_optical_imagenet_backbone,FixedFeedbackSFT/projects/qwen3_vl_patch_stem_8stage_optical_imagenet_backbone,experiments.qwen3_vl_patch_stem_8stage_optical_imagenet_backbone,28,9460ff4763f0cadd81e98bfb4f9d820eeb428a96722816d5d5869b6d6f17a623,FixedFeedbackSFT/runs/qwen3_vl_patch_stem_8stage_optical_imagenet_backbone,GitHub main -> local and server,server authoritative; manifest/checksum only
fixed_feedback,qwen3_vl_patch_stem_8stage_separable_optical_downstream_fa,FixedFeedbackSFT/projects/qwen3_vl_patch_stem_8stage_separable_optical_downstream_fa,experiments.qwen3_vl_patch_stem_8stage_separable_optical_downstream_fa,40,c02ba8777e7ae63a2e67ae12ccf1bfa20eed285f46e26456b57b23fabd99849a,FixedFeedbackSFT/runs/qwen3_vl_patch_stem_8stage_separable_optical_downstream_fa,GitHub main -> local and server,server authoritative; manifest/checksum only
fixed_feedback,qwen3_vl_patch_stem_8stage_separable_optical_imagenet22k_backbone,FixedFeedbackSFT/projects/qwen3_vl_patch_stem_8stage_separable_optical_imagenet22k_backbone,experiments.qwen3_vl_patch_stem_8stage_separable_optical_imagenet22k_backbone,19,bec5af84a5b09f7b154c7b98fa27a2a10439908e113700bb53db311861c0848f,FixedFeedbackSFT/runs/qwen3_vl_patch_stem_8stage_separable_optical_imagenet22k_backbone,GitHub main -> local and server,server authoritative; manifest/checksum only
fixed_feedback,qwen3_vl_patch_stem_8stage_separable_optical_imagenet_backbone,FixedFeedbackSFT/projects/qwen3_vl_patch_stem_8stage_separable_optical_imagenet_backbone,experiments.qwen3_vl_patch_stem_8stage_separable_optical_imagenet_backbone,37,d18319cbddb368b60546fa4fdbbba2294416cc52ab3faeed41a1c19c6443d161,FixedFeedbackSFT/runs/qwen3_vl_patch_stem_8stage_separable_optical_imagenet_backbone,GitHub main -> local and server,server authoritative; manifest/checksum only
fixed_feedback,qwen3_vl_patch_stem_8stage_slim_mixer_imagenet_backbone,FixedFeedbackSFT/projects/qwen3_vl_patch_stem_8stage_slim_mixer_imagenet_backbone,experiments.qwen3_vl_patch_stem_8stage_slim_mixer_imagenet_backbone,19,4c8e241fcd948325b3bd88e5023e68b3d92f17ec94ff277a133e683174d80fba,FixedFeedbackSFT/runs/qwen3_vl_patch_stem_8stage_slim_mixer_imagenet_backbone,GitHub main -> local and server,server authoritative; manifest/checksum only
fixed_feedback,qwen3_vl_patch_stem_progressive_64stage_optical_imagenet_backbone,FixedFeedbackSFT/projects/qwen3_vl_patch_stem_progressive_64stage_optical_imagenet_backbone,experiments.qwen3_vl_patch_stem_progressive_64stage_optical_imagenet_backbone,51,a7f1ddc03aa798a92049b2c5d392a06632dd7693c81e197c68029e87e746c84e,FixedFeedbackSFT/runs/qwen3_vl_patch_stem_progressive_64stage_optical_imagenet_backbone,GitHub main -> local and server,server authoritative; manifest/checksum only
general_experiment,d2nn_mnist4_single_layer_17um_10cm_v2,experiments/d2nn_mnist4_single_layer_17um_10cm_v2,experiments.d2nn_mnist4_single_layer_17um_10cm_v2,45,96c752023897b6198034c4427eb648ad63ea0df73394cb14dfbbfcc6d505c5da,experiments/d2nn_mnist4_single_layer_17um_10cm_v2/runs,GitHub main -> local and server,server authoritative; manifest/checksum only
general_experiment,grocery10_d2nn2_classification_baseline,experiments/grocery10_d2nn2_classification_baseline,experiments.grocery10_d2nn2_classification_baseline,15,49c5477dd679081964d38d176904b9f080059a2cf66a4dd7d94434d6d5f1f635,experiments/grocery10_d2nn2_classification_baseline/runs,GitHub main -> local and server,server authoritative; manifest/checksum only
general_experiment,grocery10_electronic_classification_baselines,experiments/grocery10_electronic_classification_baselines,experiments.grocery10_electronic_classification_baselines,17,1d5d9655c6e26adeca7e682c1467373071c15a64c7d64a1adae7499e450016c8,experiments/grocery10_electronic_classification_baselines/runs,GitHub main -> local and server,server authoritative; manifest/checksum only
general_experiment,grocery10_electronic_retrieval_baselines,experiments/grocery10_electronic_retrieval_baselines,experiments.grocery10_electronic_retrieval_baselines,18,b88207d2864491acea8a7bbf72ceede7375eedb62baffc954cad75eef9f8baac,experiments/grocery10_electronic_retrieval_baselines/runs,GitHub main -> local and server,server authoritative; manifest/checksum only
general_experiment,hardware_sdk,experiments/hardware_sdk,experiments.hardware_sdk,310,95cc5c7cae1d502554b48a3fa7b0f14c6ad8b120138b19c717a3c832e3b80ab4,experiments/hardware_sdk/runs,GitHub main -> local and server,server authoritative; manifest/checksum only
general_experiment,lab_lgvq,experiments/lab_lgvq,experiments.lab_lgvq,10,46a50a475444cb9d887108435806ea031d41bc1809c16444c5ef92d9ebb628af,experiments/lab_lgvq/runs,GitHub main -> local and server,server authoritative; manifest/checksum only
general_experiment,lab_qwen,experiments/lab_qwen,experiments.lab_qwen,20,5c41adfca4ea6aa6b74c205d2df8b8a7a473e5de37d0d65c7ccbca6a88d676e2,experiments/lab_qwen/runs,GitHub main -> local and server,server authoritative; manifest/checksum only
general_experiment,lgvq_four_stage_optical_electronic_109_no_attention_vqa,experiments/lgvq_four_stage_optical_electronic_109_no_attention_vqa,experiments.lgvq_four_stage_optical_electronic_109_no_attention_vqa,69,e4e812e82d8e9ecd81cfaa273db5336d0c8295e4ac49599805143de4f745e5e5,experiments/lgvq_four_stage_optical_electronic_109_no_attention_vqa/runs,GitHub main -> local and server,server authoritative; manifest/checksum only
general_experiment,optical_mlp_mixer_moe9_imagenet1k_clip_distill,experiments/optical_mlp_mixer_moe9_imagenet1k_clip_distill,experiments.optical_mlp_mixer_moe9_imagenet1k_clip_distill,25,bdcdfbd7fe76da0489ffa5bdf19e9db21caaaf70dcd6d61f82683485c48e45a4,experiments/optical_mlp_mixer_moe9_imagenet1k_clip_distill/runs,GitHub main -> local and server,server authoritative; manifest/checksum only
general_experiment,qwen3_vl_2b_bdd100k_timeofday3_optical_fullstack4_token64_residual,experiments/qwen3_vl_2b_bdd100k_timeofday3_optical_fullstack4_token64_residual,experiments.qwen3_vl_2b_bdd100k_timeofday3_optical_fullstack4_token64_residual,38,8d7f57e4de9d4035d86e31650cad94cac78ea14d496ce67c021020e7962c4c94,experiments/qwen3_vl_2b_bdd100k_timeofday3_optical_fullstack4_token64_residual/runs,GitHub main -> local and server,server authoritative; manifest/checksum only
general_experiment,qwen3_vl_2b_cc3m_general_distillation_pca224_moe16,experiments/qwen3_vl_2b_cc3m_general_distillation_pca224_moe16,experiments.qwen3_vl_2b_cc3m_general_distillation_pca224_moe16,29,88afff70b6914ed98015414d082dcf26eb982715846306b88add517f72efc936,experiments/qwen3_vl_2b_cc3m_general_distillation_pca224_moe16/runs,GitHub main -> local and server,server authoritative; manifest/checksum only
general_experiment,qwen3_vl_2b_cifar10_vision_homogeneous_moe9,experiments/qwen3_vl_2b_cifar10_vision_homogeneous_moe9,experiments.qwen3_vl_2b_cifar10_vision_homogeneous_moe9,42,400f6b5a7c1adfd156c2f67bb5708163d33df84999e6ec702953ba78be0cfeb4,experiments/qwen3_vl_2b_cifar10_vision_homogeneous_moe9/runs,GitHub main -> local and server,server authoritative; manifest/checksum only
general_experiment,qwen3_vl_2b_flickr30k_image_text_matching_multimodal_homogeneous_moe9,experiments/qwen3_vl_2b_flickr30k_image_text_matching_multimodal_homogeneous_moe9,experiments.qwen3_vl_2b_flickr30k_image_text_matching_multimodal_homogeneous_moe9,30,e88673e344cfccbe85f258c780ab03089b2186d6d38600ab18d21f18a49b7d81,experiments/qwen3_vl_2b_flickr30k_image_text_matching_multimodal_homogeneous_moe9/runs,GitHub main -> local and server,server authoritative; manifest/checksum only
general_experiment,qwen3_vl_2b_kadid10k_mos_multimodal_electronic_router_moe16_224,experiments/qwen3_vl_2b_kadid10k_mos_multimodal_electronic_router_moe16_224,experiments.qwen3_vl_2b_kadid10k_mos_multimodal_electronic_router_moe16_224,33,1333a8bbcfa0b08d4778a1532bef8add25c34bca433f16a224674aa93f5f7496,experiments/qwen3_vl_2b_kadid10k_mos_multimodal_electronic_router_moe16_224/runs,GitHub main -> local and server,server authoritative; manifest/checksum only
general_experiment,qwen3_vl_2b_lgvq_linear_baseline,experiments/qwen3_vl_2b_lgvq_linear_baseline,experiments.qwen3_vl_2b_lgvq_linear_baseline,7,d3a5c158351464f9e84be26e9d6645856719e6cd203da44e5c9cfd9026f49abf,experiments/qwen3_vl_2b_lgvq_linear_baseline/runs,GitHub main -> local and server,server authoritative; manifest/checksum only
general_experiment,qwen3_vl_2b_lgvq_o2_109_highalpha_vqa,experiments/qwen3_vl_2b_lgvq_o2_109_highalpha_vqa,experiments.qwen3_vl_2b_lgvq_o2_109_highalpha_vqa,25,07ea72a35ea18f04f40afeec510c5ab4dd12734baeed4a3879114faa1f466b59,experiments/qwen3_vl_2b_lgvq_o2_109_highalpha_vqa/runs,GitHub main -> local and server,server authoritative; manifest/checksum only
general_experiment,qwen3_vl_2b_lgvq_single_metric_o2_16frame_54,experiments/qwen3_vl_2b_lgvq_single_metric_o2_16frame_54,experiments.qwen3_vl_2b_lgvq_single_metric_o2_16frame_54,225,a9cdb370e845c55c32db04fe0bad28a537bbf7aab3c52ee84945f71daf46da8d,experiments/qwen3_vl_2b_lgvq_single_metric_o2_16frame_54/runs,GitHub main -> local and server,server authoritative; manifest/checksum only
general_experiment,qwen3_vl_2b_lgvq_spatiotemporal_optical_router_vqa,experiments/qwen3_vl_2b_lgvq_spatiotemporal_optical_router_vqa,experiments.qwen3_vl_2b_lgvq_spatiotemporal_optical_router_vqa,23,3e9f0acb8f3d852d10d58b0e7ec0efaf63212342ef9cb8bccaf71c4d17bda316,experiments/qwen3_vl_2b_lgvq_spatiotemporal_optical_router_vqa/runs,GitHub main -> local and server,server authoritative; manifest/checksum only
general_experiment,qwen3_vl_2b_lgvq_temporal_framecount_timing,experiments/qwen3_vl_2b_lgvq_temporal_framecount_timing,experiments.qwen3_vl_2b_lgvq_temporal_framecount_timing,80,20f0f060fc7c8779714918dfde9d8fd539f9b85f72c44ac1e02f1415ff189465,experiments/qwen3_vl_2b_lgvq_temporal_framecount_timing/runs,GitHub main -> local and server,server authoritative; manifest/checksum only
general_experiment,qwen3_vl_2b_openmoji_instruction_four_stage_optical_editing,experiments/qwen3_vl_2b_openmoji_instruction_four_stage_optical_editing,experiments.qwen3_vl_2b_openmoji_instruction_four_stage_optical_editing,18,e947d75bc04df986dac3ed2ddeb3832047bfd62103a01d3bd62559d7c2f66671,experiments/qwen3_vl_2b_openmoji_instruction_four_stage_optical_editing/runs,GitHub main -> local and server,server authoritative; manifest/checksum only
general_experiment,qwen3_vl_2b_spaq_single_attribute_multimodal_electronic_router_moe16_224,experiments/qwen3_vl_2b_spaq_single_attribute_multimodal_electronic_router_moe16_224,experiments.qwen3_vl_2b_spaq_single_attribute_multimodal_electronic_router_moe16_224,45,c57f0ca1fca80f71446648e0cb7e602df1118382e13732b69db12822f5e20437,experiments/qwen3_vl_2b_spaq_single_attribute_multimodal_electronic_router_moe16_224/runs,GitHub main -> local and server,server authoritative; manifest/checksum only
general_experiment,qwen3_vl_2b_synthetic_instruction_four_stage_optical_editing,experiments/qwen3_vl_2b_synthetic_instruction_four_stage_optical_editing,experiments.qwen3_vl_2b_synthetic_instruction_four_stage_optical_editing,18,51714ba5379732c260d5493a377b05e830cefd5efac296b5f167afeececbb5e4,experiments/qwen3_vl_2b_synthetic_instruction_four_stage_optical_editing/runs,GitHub main -> local and server,server authoritative; manifest/checksum only
general_experiment,qwen3_vl_embedding_2b_abo_product_retrieval_optical_moe16,experiments/qwen3_vl_embedding_2b_abo_product_retrieval_optical_moe16,experiments.qwen3_vl_embedding_2b_abo_product_retrieval_optical_moe16,27,311729112c3671af3e1ff75914d96123823649dd42915c189058a61cd59e0502,experiments/qwen3_vl_embedding_2b_abo_product_retrieval_optical_moe16/runs,GitHub main -> local and server,server authoritative; manifest/checksum only
general_experiment,qwen3_vl_embedding_2b_awa2_animal10_optical_retrieval,experiments/qwen3_vl_embedding_2b_awa2_animal10_optical_retrieval,experiments.qwen3_vl_embedding_2b_awa2_animal10_optical_retrieval,31,7ac1c8db57965d59ac0022cd4d1a7090ee9714c74b36c1bef677510f0fc48ae8,experiments/qwen3_vl_embedding_2b_awa2_animal10_optical_retrieval/runs,GitHub main -> local and server,server authoritative; manifest/checksum only
general_experiment,qwen3_vl_embedding_2b_bdd100k_bench2drive_e2e_optical_moe16,experiments/qwen3_vl_embedding_2b_bdd100k_bench2drive_e2e_optical_moe16,experiments.qwen3_vl_embedding_2b_bdd100k_bench2drive_e2e_optical_moe16,37,aa26ac442962460fb7b95b6eb4e3faa156292b4af4300edeeb9a51b17bc8a652,experiments/qwen3_vl_embedding_2b_bdd100k_bench2drive_e2e_optical_moe16/runs,GitHub main -> local and server,server authoritative; manifest/checksum only
general_experiment,qwen3_vl_embedding_2b_caltech101_balanced_optical_fusion_ablation,experiments/qwen3_vl_embedding_2b_caltech101_balanced_optical_fusion_ablation,experiments.qwen3_vl_embedding_2b_caltech101_balanced_optical_fusion_ablation,16,80a75490cd506aa1040e31a8a7c774e425c1e6d517d99e7a1ab61908c54deca6,experiments/qwen3_vl_embedding_2b_caltech101_balanced_optical_fusion_ablation/runs,GitHub main -> local and server,server authoritative; manifest/checksum only
general_experiment,qwen3_vl_embedding_2b_caltech101_electronic_retrieval,experiments/qwen3_vl_embedding_2b_caltech101_electronic_retrieval,experiments.qwen3_vl_embedding_2b_caltech101_electronic_retrieval,21,5f1c6a8b531bc2d3dc0258c131d64c8779ca98cae62e982485647074dd501844,experiments/qwen3_vl_embedding_2b_caltech101_electronic_retrieval/runs,GitHub main -> local and server,server authoritative; manifest/checksum only
general_experiment,qwen3_vl_embedding_2b_caltech101_four_layer_optical_retrieval,experiments/qwen3_vl_embedding_2b_caltech101_four_layer_optical_retrieval,experiments.qwen3_vl_embedding_2b_caltech101_four_layer_optical_retrieval,21,2a4b15dc15a5915104c1bfb041fb27d55d3baeba92bd802058ae62e291aeb0f1,experiments/qwen3_vl_embedding_2b_caltech101_four_layer_optical_retrieval/runs,GitHub main -> local and server,server authoritative; manifest/checksum only
general_experiment,qwen3_vl_embedding_2b_caltech101_four_layer_optical_retrieval_10cm_ccd_noise1,experiments/qwen3_vl_embedding_2b_caltech101_four_layer_optical_retrieval_10cm_ccd_noise1,experiments.qwen3_vl_embedding_2b_caltech101_four_layer_optical_retrieval_10cm_ccd_noise1,24,fa174cf06d894816d72e8c457d1f1378c4fd684047c0ca8c73393e440df82eb4,experiments/qwen3_vl_embedding_2b_caltech101_four_layer_optical_retrieval_10cm_ccd_noise1/runs,GitHub main -> local and server,server authoritative; manifest/checksum only
general_experiment,qwen3_vl_embedding_2b_caltech101_four_layer_optical_retrieval_10cm_early_robust_tradeoff,experiments/qwen3_vl_embedding_2b_caltech101_four_layer_optical_retrieval_10cm_early_robust_tradeoff,experiments.qwen3_vl_embedding_2b_caltech101_four_layer_optical_retrieval_10cm_early_robust_tradeoff,24,9f9f2228c9a05caf39d856838a80421e46d8bf3e784a1855e474f04e95370bf9,experiments/qwen3_vl_embedding_2b_caltech101_four_layer_optical_retrieval_10cm_early_robust_tradeoff/runs,GitHub main -> local and server,server authoritative; manifest/checksum only
general_experiment,qwen3_vl_embedding_2b_caltech101_four_layer_optical_retrieval_10cm_robust,experiments/qwen3_vl_embedding_2b_caltech101_four_layer_optical_retrieval_10cm_robust,experiments.qwen3_vl_embedding_2b_caltech101_four_layer_optical_retrieval_10cm_robust,30,4b1049f7d4c24373031d8de2ed4ca4b8ec6a583e6b3aa92cbb61ea5d2ea07397,experiments/qwen3_vl_embedding_2b_caltech101_four_layer_optical_retrieval_10cm_robust/runs,GitHub main -> local and server,server authoritative; manifest/checksum only
general_experiment,qwen3_vl_embedding_2b_caltech101_four_layer_optical_retrieval_10cm_warmstart5,experiments/qwen3_vl_embedding_2b_caltech101_four_layer_optical_retrieval_10cm_warmstart5,experiments.qwen3_vl_embedding_2b_caltech101_four_layer_optical_retrieval_10cm_warmstart5,42,32857d31c327b3ce6cb26f65a4debb4c48194b51667f209798d0b8c7842c266f,experiments/qwen3_vl_embedding_2b_caltech101_four_layer_optical_retrieval_10cm_warmstart5/runs,GitHub main -> local and server,server authoritative; manifest/checksum only
general_experiment,qwen3_vl_embedding_2b_caltech101_four_layer_optical_router_retrieval,experiments/qwen3_vl_embedding_2b_caltech101_four_layer_optical_router_retrieval,experiments.qwen3_vl_embedding_2b_caltech101_four_layer_optical_router_retrieval,37,7a67771e050e504d29c8fa16762e58fcd2d346c998270f9c63f44333ecbf9fc2,experiments/qwen3_vl_embedding_2b_caltech101_four_layer_optical_router_retrieval/runs,GitHub main -> local and server,server authoritative; manifest/checksum only
general_experiment,qwen3_vl_embedding_2b_caltech101_language2_optical_retrieval,experiments/qwen3_vl_embedding_2b_caltech101_language2_optical_retrieval,experiments.qwen3_vl_embedding_2b_caltech101_language2_optical_retrieval,14,0fbff928f25bff1ce25ded974bc121560adf34bc7a58a0aaba5e3737a8ec26a6,experiments/qwen3_vl_embedding_2b_caltech101_language2_optical_retrieval/runs,GitHub main -> local and server,server authoritative; manifest/checksum only
general_experiment,qwen3_vl_embedding_2b_caltech101_multiplane_optical_retrieval,experiments/qwen3_vl_embedding_2b_caltech101_multiplane_optical_retrieval,experiments.qwen3_vl_embedding_2b_caltech101_multiplane_optical_retrieval,31,c51b6620f10bc9dd1196b390728b00fc0a3a5d6bdfb89a41e854f25a68653d3e,experiments/qwen3_vl_embedding_2b_caltech101_multiplane_optical_retrieval/runs,GitHub main -> local and server,server authoritative; manifest/checksum only
general_experiment,qwen3_vl_embedding_2b_caltech101_object10_optical_retrieval,experiments/qwen3_vl_embedding_2b_caltech101_object10_optical_retrieval,experiments.qwen3_vl_embedding_2b_caltech101_object10_optical_retrieval,47,80985ce0fddfb9ed91383c5951a71efd24413b24a8d16c38c30a83c273a308ca,experiments/qwen3_vl_embedding_2b_caltech101_object10_optical_retrieval/runs,GitHub main -> local and server,server authoritative; manifest/checksum only
general_experiment,qwen3_vl_embedding_2b_caltech101_robust_hybrid_retrieval,experiments/qwen3_vl_embedding_2b_caltech101_robust_hybrid_retrieval,experiments.qwen3_vl_embedding_2b_caltech101_robust_hybrid_retrieval,15,5e142f73b6d0479de8b88cb25b8802cb784aa13073c6a081a7f3968d82d40c91,experiments/qwen3_vl_embedding_2b_caltech101_robust_hybrid_retrieval/runs,GitHub main -> local and server,server authoritative; manifest/checksum only
general_experiment,qwen3_vl_embedding_2b_cifar10_electronic_retrieval,experiments/qwen3_vl_embedding_2b_cifar10_electronic_retrieval,experiments.qwen3_vl_embedding_2b_cifar10_electronic_retrieval,11,e261526d466abc9458c4e76c4d56f315527c38b0b79677d4023ffef219f90871,experiments/qwen3_vl_embedding_2b_cifar10_electronic_retrieval/runs,GitHub main -> local and server,server authoritative; manifest/checksum only
general_experiment,qwen3_vl_embedding_2b_coco_duts_vision_optical_moe16_pretrain,experiments/qwen3_vl_embedding_2b_coco_duts_vision_optical_moe16_pretrain,experiments.qwen3_vl_embedding_2b_coco_duts_vision_optical_moe16_pretrain,20,782206b52a5da84e3c508a9b5aa13446cfdd83a488d2780c3f1a6c6161249f1b,experiments/qwen3_vl_embedding_2b_coco_duts_vision_optical_moe16_pretrain/runs,GitHub main -> local and server,server authoritative; manifest/checksum only
general_experiment,qwen3_vl_embedding_2b_fss1000_saliency_coco_duts_pretrained_moe16,experiments/qwen3_vl_embedding_2b_fss1000_saliency_coco_duts_pretrained_moe16,experiments.qwen3_vl_embedding_2b_fss1000_saliency_coco_duts_pretrained_moe16,12,f2e7b6ef28ac049c97cf5063c7ab583fdd97a634b9be6e220f90bd849fbe6e03,experiments/qwen3_vl_embedding_2b_fss1000_saliency_coco_duts_pretrained_moe16/runs,GitHub main -> local and server,server authoritative; manifest/checksum only
general_experiment,qwen3_vl_embedding_2b_fss1000_vision_optical_saliency,experiments/qwen3_vl_embedding_2b_fss1000_vision_optical_saliency,experiments.qwen3_vl_embedding_2b_fss1000_vision_optical_saliency,24,9384c7c396f987c89c851d82758df9140a1817f10d198ef8c7a0bb8c7b24f9e9,experiments/qwen3_vl_embedding_2b_fss1000_vision_optical_saliency/runs,GitHub main -> local and server,server authoritative; manifest/checksum only
general_experiment,qwen3_vl_embedding_2b_grocery10_optical_retrieval,experiments/qwen3_vl_embedding_2b_grocery10_optical_retrieval,experiments.qwen3_vl_embedding_2b_grocery10_optical_retrieval,45,c382b42084c13c478cf6b963c4444afe9540b75f5da17e3589fc067fdbc5566b,experiments/qwen3_vl_embedding_2b_grocery10_optical_retrieval/runs,GitHub main -> local and server,server authoritative; manifest/checksum only
general_experiment,qwen3_vl_embedding_2b_grocery10_robust_hybrid_retrieval,experiments/qwen3_vl_embedding_2b_grocery10_robust_hybrid_retrieval,experiments.qwen3_vl_embedding_2b_grocery10_robust_hybrid_retrieval,18,f7a7449f043c6bbdfc3cff9cab3d06f44f0bff1521299aca505668ebdc5d9616,experiments/qwen3_vl_embedding_2b_grocery10_robust_hybrid_retrieval/runs,GitHub main -> local and server,server authoritative; manifest/checksum only
general_experiment,qwen3_vl_embedding_2b_grocery10_tokenwise_optical_moe4,experiments/qwen3_vl_embedding_2b_grocery10_tokenwise_optical_moe4,experiments.qwen3_vl_embedding_2b_grocery10_tokenwise_optical_moe4,29,0b72c7eae65e24dead27b4891d2a155234122ecbbc67871ac80c49ec2d7439fa,experiments/qwen3_vl_embedding_2b_grocery10_tokenwise_optical_moe4/runs,GitHub main -> local and server,server authoritative; manifest/checksum only
general_experiment,qwen3_vl_embedding_2b_isic2016_skin_lesion_optical_segmentation,experiments/qwen3_vl_embedding_2b_isic2016_skin_lesion_optical_segmentation,experiments.qwen3_vl_embedding_2b_isic2016_skin_lesion_optical_segmentation,19,f906d5e567e14760b899a9e766f2a149cd052d2c4ecac40c8e124804676c4d80,experiments/qwen3_vl_embedding_2b_isic2016_skin_lesion_optical_segmentation/runs,GitHub main -> local and server,server authoritative; manifest/checksum only
general_experiment,qwen3_vl_embedding_2b_lsp_pose_optical_moe16,experiments/qwen3_vl_embedding_2b_lsp_pose_optical_moe16,experiments.qwen3_vl_embedding_2b_lsp_pose_optical_moe16,33,93c8c9fdae3574a3b536a616f299108c342905514dd742940a99dd5b6d7d1dbb,experiments/qwen3_vl_embedding_2b_lsp_pose_optical_moe16/runs,GitHub main -> local and server,server authoritative; manifest/checksum only
general_experiment,qwen3_vl_embedding_2b_lsp_pose_optical_router,experiments/qwen3_vl_embedding_2b_lsp_pose_optical_router,experiments.qwen3_vl_embedding_2b_lsp_pose_optical_router,16,4728f9ff0c7f060118dcbafb7f4b2a29030e7b8723bf3a01561a0a7d4c72a7c7,experiments/qwen3_vl_embedding_2b_lsp_pose_optical_router/runs,GitHub main -> local and server,server authoritative; manifest/checksum only
general_experiment,qwen3_vl_embedding_2b_salicon_vision_optical_saliency,experiments/qwen3_vl_embedding_2b_salicon_vision_optical_saliency,experiments.qwen3_vl_embedding_2b_salicon_vision_optical_saliency,19,c209ef5bcb565df22e9055f0e2ea7fea5d9ecdaee2f8e317a6bd97ca4ffd2e40,experiments/qwen3_vl_embedding_2b_salicon_vision_optical_saliency/runs,GitHub main -> local and server,server authoritative; manifest/checksum only
general_experiment,qwen_optical_platform_handoff,experiments/qwen_optical_platform_handoff,experiments.qwen_optical_platform_handoff,20,a32e05258c6e51ff20f8b018ab265243bca866360eeb0fa3d1bda4fefe5d56df,experiments/qwen_optical_platform_handoff/runs,GitHub main -> local and server,server authoritative; manifest/checksum only
general_experiment,vision2_hybrid_dense,experiments/vision2_hybrid_dense,experiments.vision2_hybrid_dense,8,4c810405b983f0e693d8e30c88712ed46caaecdb8229660f5e76a86d9b57b091,experiments/vision2_hybrid_dense/runs,GitHub main -> local and server,server authoritative; manifest/checksum only
