relative_path,kind,file_count,bytes,gib,modified_utc
.gitignore,file,1,4367,0.000004,1788542604.9007735
.vscode,directory,1,132,0.000000,1782896161.0154228
archive,directory,157,339443288,0.316131,1788542356.1246831
data,directory,3845700,701180794723,653.025503,1788543004.6515877
document,directory,1297,260653993,0.242753,1788542275.61244
experiments,directory,138866,216111596215,201.269608,1788542745.2084994
experiments/__init__.py,file,1,563,0.000001,1788542356.1246831
experiments/__pycache__,directory,3,599,0.000001,1784194607.631868
experiments/d2nn_cifar100_cifar10_fixed_feedback_contrastive_20stage400,directory,93,3306560750,3.079475,1788542275.1604383
experiments/d2nn_cifar100c10_fixed_feedback_20stage400,directory,167,3535286214,3.292492,1788542275.2044387
experiments/d2nn_cifar10_high_performance_optical_backbone,directory,756,2747194304,2.558524,1788542275.4564395
experiments/d2nn_mnist4_single_layer_17um,directory,167,180014723,0.167652,1787728613.1778865
experiments/d2nn_mnist4_single_layer_17um_10cm,directory,542,547959750,0.510327,1787743922.4261475
experiments/d2nn_mnist4_single_layer_17um_10cm_v2,directory,5329,2632959696,2.452135,1788542356.1246831
experiments/EMBEDDING_EXPERIMENTS_PROGRESS_REPORT.md,file,1,8124,0.000008,1785401816.2655609
experiments/EMBEDDING_OPTICAL_PHASE_AUDIT.md,file,1,4310,0.000004,1785673414.0477028
experiments/grocery10_d2nn2_classification_baseline,directory,537,743286373,0.692239,1785204516.8423867
experiments/grocery10_electronic_classification_baselines,directory,126,780902301,0.727272,1785204612.3017054
experiments/grocery10_electronic_retrieval_baselines,directory,132,788014412,0.733896,1785169174.0397398
experiments/hardware_sdk,directory,1005,1340272622,1.248226,1788059053.757152
experiments/lab_lgvq,directory,55,92956959,0.086573,1788542356.128683
experiments/lab_qwen,directory,73,41749422,0.038882,1788542356.128683
experiments/lgvq_four_stage_optical_electronic_109_no_attention_vqa,directory,1056,6687505165,6.228225,1788542356.132683
experiments/optical_mlp_mixer_moe9_imagenet1k_clip_distill,directory,91,6083599410,5.665793,1787282491.419519
experiments/qwen3_vl_2b_bdd100k_timeofday3_optical_fullstack4_token64_residual,directory,342,102611992,0.095565,1783585212.4976733
experiments/qwen3_vl_2b_cc3m_general_distillation_pca224_moe16,directory,52,542475,0.000505,1785318029.6291308
experiments/qwen3_vl_2b_cifar10_vision_homogeneous_moe9,directory,9049,6043433488,5.628386,1784256073.2477932
experiments/qwen3_vl_2b_flickr30k_image_text_matching_multimodal_homogeneous_moe9,directory,221,335859521,0.312794,1784734697.266791
experiments/qwen3_vl_2b_kadid10k_mos_multimodal_electronic_router_moe16_224,directory,434,17421307874,16.224857,1785301663.1271012
experiments/qwen3_vl_2b_lgvq_linear_baseline,directory,9,124215,0.000116,1788542356.132683
experiments/qwen3_vl_2b_lgvq_o2_109_highalpha_vqa,directory,111,9463284136,8.813370,1788542356.132683
experiments/qwen3_vl_2b_lgvq_single_metric_o2_16frame_54,directory,2526,58103749321,54.113333,1788542356.1406832
experiments/qwen3_vl_2b_lgvq_spatiotemporal_optical_router_vqa,directory,29,52195309,0.048611,1788352165.9933796
experiments/qwen3_vl_2b_lgvq_temporal_framecount_timing,directory,93,2648455,0.002467,1788542356.1566832
experiments/qwen3_vl_2b_openmoji_instruction_four_stage_optical_editing,directory,24632,985202576,0.917541,1788542356.1566832
experiments/qwen3_vl_2b_spaq_single_attribute_multimodal_electronic_router_moe16_224,directory,686,12637978498,11.770035,1785075813.5447097
experiments/qwen3_vl_2b_synthetic_instruction_four_stage_optical_editing,directory,262,642389435,0.598272,1788542356.1566832
experiments/qwen3_vl_embedding_2b_abo_product_retrieval_optical_moe16,directory,175,907376831,0.845061,1785417504.980759
experiments/qwen3_vl_embedding_2b_awa2_animal10_optical_retrieval,directory,143,561595251,0.523026,1786448231.1550522
experiments/qwen3_vl_embedding_2b_bdd100k_bench2drive_e2e_optical_moe16,directory,100,149087790,0.138849,1785659219.0574224
experiments/qwen3_vl_embedding_2b_caltech101_balanced_optical_fusion_ablation,directory,275,1269845605,1.182636,1788542356.1566832
experiments/qwen3_vl_embedding_2b_caltech101_electronic_retrieval,directory,347,1795699736,1.672376,1786871481.6610334
experiments/qwen3_vl_embedding_2b_caltech101_four_layer_optical_retrieval,directory,11868,1373213398,1.278905,1787325306.1890833
experiments/qwen3_vl_embedding_2b_caltech101_four_layer_optical_retrieval_10cm_ccd_noise1,directory,2330,7457145986,6.945008,1787989993.0184538
experiments/qwen3_vl_embedding_2b_caltech101_four_layer_optical_retrieval_10cm_early_robust_tradeoff,directory,7075,9340531034,8.699047,1788542356.1566832
experiments/qwen3_vl_embedding_2b_caltech101_four_layer_optical_retrieval_10cm_robust,directory,405,1101974235,1.026293,1788061841.6557562
experiments/qwen3_vl_embedding_2b_caltech101_four_layer_optical_retrieval_10cm_warmstart5,directory,922,1002907116,0.934030,1788011790.6876183
experiments/qwen3_vl_embedding_2b_caltech101_four_layer_optical_router_retrieval,directory,747,3214364882,2.993611,1788286089.7193124
experiments/qwen3_vl_embedding_2b_caltech101_language2_optical_retrieval,directory,23134,17845398387,16.619822,1786882019.0463452
experiments/qwen3_vl_embedding_2b_caltech101_multiplane_optical_retrieval,directory,467,2759990921,2.570442,1788542356.1606832
experiments/qwen3_vl_embedding_2b_caltech101_object10_optical_retrieval,directory,627,2121844030,1.976121,1786690761.4067504
experiments/qwen3_vl_embedding_2b_caltech101_robust_hybrid_retrieval,directory,6896,3949485261,3.678245,1788542356.1606832
experiments/qwen3_vl_embedding_2b_cifar10_electronic_retrieval,directory,62,268217908,0.249797,1786871481.6610334
experiments/qwen3_vl_embedding_2b_coco_duts_vision_optical_moe16_pretrain,directory,263,471833545,0.439429,1785381577.9056847
experiments/qwen3_vl_embedding_2b_fss1000_saliency_coco_duts_pretrained_moe16,directory,573,195306741,0.181894,1785400694.094491
experiments/qwen3_vl_embedding_2b_fss1000_vision_optical_saliency,directory,372,1797210957,1.673783,1785301663.4031055
experiments/qwen3_vl_embedding_2b_grocery10_optical_retrieval,directory,26843,13775736363,12.829654,1788542356.1606832
experiments/qwen3_vl_embedding_2b_grocery10_robust_hybrid_retrieval,directory,94,296714548,0.276337,1786861885.225987
experiments/qwen3_vl_embedding_2b_grocery10_tokenwise_optical_moe4,directory,392,2734927581,2.547100,1786412246.6818566
experiments/qwen3_vl_embedding_2b_isic2016_skin_lesion_optical_segmentation,directory,5311,2934806789,2.733252,1786973003.4907904
experiments/qwen3_vl_embedding_2b_lsp_pose_optical_moe16,directory,486,2685249314,2.500833,1786973003.4907904
experiments/qwen3_vl_embedding_2b_lsp_pose_optical_router,directory,157,42485133,0.039567,1788542356.1606832
experiments/qwen3_vl_embedding_2b_salicon_vision_optical_saliency,directory,110,92998626,0.086612,1786973003.4947903
experiments/qwen3_vl_patch_stem_8stage_dual_scale_optical_imagenet_backbone,directory,26,214349215,0.199628,1788542275.4724395
experiments/qwen3_vl_patch_stem_8stage_separable_optical_imagenet_backbone,directory,26,214388806,0.199665,1788542275.53644
experiments/qwen3_vl_patch_stem_8stage_slim_mixer_imagenet_backbone,directory,25,237086003,0.220804,1788542275.53644
experiments/qwen_optical_platform_handoff,directory,20,51142,0.000048,1788542356.1606832
experiments/vision2_hybrid_dense,directory,14,170089,0.000158,1786978398.659179
FixedFeedbackSFT,directory,2576,1757255104,1.636571,1788542356.0526829
FixedFeedbackSFT/.gitattributes,file,1,17,0.000000,1788542356.048683
FixedFeedbackSFT/__init__.py,file,1,64,0.000000,1788542356.0526829
FixedFeedbackSFT/ADVISOR_PROGRESS_REPORT_2026-08-24.md,file,1,27357,0.000025,1788542356.048683
FixedFeedbackSFT/CODE_INDEX.md,file,1,3790,0.000004,1788542356.048683
FixedFeedbackSFT/commands,directory,9,15472,0.000014,1788542356.0526829
FixedFeedbackSFT/COMMANDS.md,file,1,3806,0.000004,1788542356.048683
FixedFeedbackSFT/EIGHT_STAGE_FOUNDATION_BACKBONE_ROADMAP.md,file,1,6928,0.000006,1788542356.048683
FixedFeedbackSFT/EIGHT_STAGE_OPTIMIZATION_LOG.md,file,1,11380,0.000011,1788542356.048683
FixedFeedbackSFT/evidence,directory,1986,756933396,0.704949,1788529465.9869964
FixedFeedbackSFT/EXPERIMENTS.md,file,1,6209,0.000006,1788542356.048683
FixedFeedbackSFT/HANDOFF.md,file,1,8640,0.000008,1788542356.048683
FixedFeedbackSFT/literature,directory,1,250002,0.000233,1787039959.7982602
FixedFeedbackSFT/METHOD.md,file,1,4403,0.000004,1787039959.7942603
FixedFeedbackSFT/MIGRATION.md,file,1,10916,0.000010,1788542356.048683
FixedFeedbackSFT/NEXT_STEPS.md,file,1,4059,0.000004,1788542356.048683
FixedFeedbackSFT/paths.py,file,1,3304,0.000003,1788542356.0526829
FixedFeedbackSFT/PROJECT_BRIEF_FOR_GPT56_PRO.md,file,1,31957,0.000030,1788542356.0526829
FixedFeedbackSFT/projects,directory,539,995671273,0.927291,1788542275.57644
FixedFeedbackSFT/PROJECTS.md,file,1,8314,0.000008,1788542356.0526829
FixedFeedbackSFT/README.md,file,1,8653,0.000008,1788542356.0526829
FixedFeedbackSFT/reports,directory,18,4168130,0.003882,1788542356.088683
FixedFeedbackSFT/RESEARCH_PLAN.md,file,1,16587,0.000015,1787051117.8441236
FixedFeedbackSFT/RUN_REGISTRY.md,file,1,13190,0.000012,1788542356.0526829
FixedFeedbackSFT/runs,directory,0,0,0.000000,1788279953.103004
FixedFeedbackSFT/tests,directory,3,9446,0.000009,1788542356.1246831
FixedFeedbackSFT/tools,directory,2,37811,0.000035,1788542356.1246831
maintenance,directory,30,1972385,0.001837,1788532406.0726528
opticalmoe,directory,23921,3451596147,3.214549,1785654830.5228326
opticalmoe/.pytest_cache,directory,6,29804,0.000028,1782957532.4173405
opticalmoe/__pycache__,directory,1,5510,0.000005,1783914941.8527493
opticalmoe/configs,directory,23,58819,0.000055,1782896161.0154228
opticalmoe/d2nn_baseline_mnist256,directory,17,146139,0.000136,1782957491.6576602
opticalmoe/d2nn_cifar10_4class_heterogeneous_moe9_deep_linear,directory,2068,387878472,0.361240,1784010293.30129
opticalmoe/d2nn_cifar10_4class_heterogeneous_moe9_deep_nonlinear,directory,20190,2614952281,2.435364,1784017638.6679647
opticalmoe/d2nn_cifar10_4class_heterogeneous_moe9_linear,directory,1475,424399722,0.395253,1783999068.790082
opticalmoe/FOUR_EXPERT_MOE_TRAINING_NOTES.md,file,1,13145,0.000012,1782896161.0154228
opticalmoe/FOUR_EXPERT_PROMPT_ARCHITECTURE.md,file,1,12386,0.000012,1782896161.0154228
opticalmoe/LINUX_SERVER_SETUP.md,file,1,10542,0.000010,1782896161.0154228
opticalmoe/MULTITASK_AND_CONTROL_EXPERIMENTS.md,file,1,7039,0.000007,1782896161.0154228
opticalmoe/notebooks,directory,5,22359846,0.020824,1783864000.2686589
opticalmoe/OPTICAL_MOE_USAGE.md,file,1,7319,0.000007,1782896161.0154228
opticalmoe/pyproject.toml,file,1,451,0.000000,1782896161.151422
opticalmoe/README.md,file,1,6402,0.000006,1782896161.0154228
opticalmoe/requirements-linux.txt,file,1,190,0.000000,1782896161.151422
opticalmoe/scripts,directory,18,776905,0.000724,1782957491.4856617
opticalmoe/slm_bmp.py,file,1,2717,0.000003,1783914941.4967587
opticalmoe/src,directory,84,626108,0.000583,1782957646.208461
opticalmoe/tests,directory,24,296487,0.000276,1782957488.2016876
opticalmoe/weekly_progress_opticalmoe_2026-06-02.md,file,1,5863,0.000005,1782896161.155422
opticalmoe_experiments,directory,61267,1633150169,1.520990,1783177030.6332262
opticalmoe_experiments/common,directory,84,538594,0.000502,1782957491.6736603
opticalmoe_experiments/data,directory,60009,492372075,0.458557,1786870941.2402787
opticalmoe_experiments/dataset_switching,directory,34,260953,0.000243,1782957491.7256598
opticalmoe_experiments/expert_task_ablation,directory,1,135,0.000000,1782896161.1594222
opticalmoe_experiments/foundation_distillation,directory,882,1138581686,1.060387,1783236212.1247687
opticalmoe_experiments/prompt_ablation,directory,1,196,0.000000,1782896161.1594222
opticalmoe_experiments/README.md,file,1,5795,0.000005,1782896161.155422
opticalmoe_experiments/same_input_multitask,directory,30,192062,0.000179,1782957491.801659
opticalmoe_experiments/scripts,directory,2,6531,0.000006,1782896161.1594222
opticalmoe_experiments/single_task,directory,56,246397,0.000229,1782957491.829659
opticalmoe_experiments/tests,directory,141,749159,0.000698,1783236212.1207688
opticalmoe_experiments/transfer_adaptation,directory,26,196586,0.000183,1782957492.101657
