sample_index,sample_id,target_mos,prediction,batch_index,batch_size_videos,selected_frame_positions
0,"Gen-2/A baseball player swung the bat, preparing for a home run.mp4",55.63,55.64744567871094,0,2,"[10, 35, 60, 86]"
1,Gen-2/A bowl of hot soup is especially delicious on a cold winter day.mp4,73.15,67.4462890625,0,2,"[10, 35, 60, 86]"
2,Gen-2/A bowl of ramen has delicious pork and seaweed.mp4,67.57,49.44695281982422,1,2,"[10, 35, 60, 86]"
3,Gen-2/A bowl of rich French onion soup emanates an enticing aroma.mp4,60.64,65.78685760498047,1,2,"[10, 35, 60, 86]"
4,Gen-2/A bowl of spicy Mexican chili is very delicious.mp4,60.94,50.36542510986328,2,2,"[10, 35, 60, 86]"
5,Gen-2/A butterfly gracefully dances among the flowers.mp4,73.15,70.83001708984375,2,2,"[10, 35, 60, 86]"
6,Gen-2/A cactus thrives in the harsh desert.mp4,75.97,66.60643005371094,3,2,"[10, 35, 60, 86]"
7,"Gen-2/A couple walks hand in hand on the beach, listening to the sound of the waves.mp4",68.98,71.08711242675781,3,2,"[10, 35, 60, 86]"
8,Gen-2/A cup of hot chocolate is fragrant.mp4,54.53,63.69325637817383,4,2,"[10, 35, 60, 86]"
9,Gen-2/A daffodil sways in the spring breeze.mp4,70.32,65.91059112548828,4,2,"[10, 35, 60, 86]"
10,Gen-2/A designer creates fashionable clothing designs.mp4,70.37,52.760498046875,5,2,"[10, 35, 60, 86]"
11,Gen-2/A diver is exploring the underwater world under the coral reef.mp4,67.55,51.87083053588867,5,2,"[10, 35, 60, 86]"
12,Gen-2/A doctor cares for patients in the hospital.mp4,63.63,53.7374267578125,6,2,"[10, 35, 60, 86]"
13,Gen-2/A doctor is carefully examining a patient's body.mp4,70.53,67.06723022460938,6,2,"[10, 35, 60, 86]"
14,Gen-2/A family goes to the movies on the weekend.mp4,57.91,66.64395141601562,7,2,"[10, 35, 60, 86]"
15,Gen-2/A field of dandelions lines the side of a rural road.mp4,74.58,64.38370513916016,7,2,"[10, 35, 60, 86]"
16,Gen-2/A golden field of wheat sways gently in the breeze.mp4,70.82,54.57228088378906,8,2,"[10, 35, 60, 86]"
17,Gen-2/A group of villagers wash clothes by the stream.mp4,66.71,56.21482467651367,8,2,"[10, 35, 60, 86]"
18,Gen-2/A hippo leisurely floats in the water.mp4,74.49,69.09708404541016,9,2,"[10, 35, 60, 86]"
19,Gen-2/A kangaroo jumps across the Australian desert.mp4,70.49,68.70909118652344,9,2,"[10, 35, 60, 86]"
20,Gen-2/A lotus leaf floats on a serene pond.mp4,66.73,73.61397552490234,10,2,"[10, 35, 60, 86]"
21,Gen-2/A milkshake is garnished with fresh strawberries and cream.mp4,51.32,63.74484634399414,10,2,"[10, 35, 60, 86]"
22,Gen-2/A painter showcases their art on an outdoor gallery.mp4,71.72,63.468170166015625,11,2,"[10, 35, 60, 86]"
23,Gen-2/A peony blooms with snow-white petals.mp4,76.08,71.99418640136719,11,2,"[10, 35, 60, 86]"
24,Gen-2/A pet owner walks their dog in the park.mp4,74.3,74.75188446044922,12,2,"[10, 35, 60, 86]"
25,Gen-2/A photographer captures the neon lights of the city.mp4,71.76,63.56950378417969,12,2,"[10, 35, 60, 86]"
26,Gen-2/A piece of French bread is spread with butter.mp4,62.42,65.57782745361328,13,2,"[10, 35, 60, 86]"
27,Gen-2/A piece of cheesecake is covered with blueberry sauce.mp4,69.23,60.81990432739258,13,2,"[10, 35, 60, 86]"
28,Gen-2/A pizza is topped with Italian sausage and mushrooms.mp4,77.3,63.49156188964844,14,2,"[10, 35, 60, 86]"
29,Gen-2/A purple bellflower opens in the sunlight.mp4,77.3,71.48191833496094,14,2,"[10, 35, 60, 86]"
30,Gen-2/A roasted cod fish is garnished with fresh herbs.mp4,54.47,53.35845184326172,15,2,"[10, 35, 60, 86]"
31,Gen-2/A roasted salmon is presented on a plate.mp4,77.3,70.1783218383789,15,2,"[10, 35, 60, 86]"
32,Gen-2/A salad is sprinkled with nuts and fruits.mp4,67.74,50.90965270996094,16,2,"[10, 35, 60, 86]"
33,Gen-2/A sausage is grilled slightly crispy on the barbecue.mp4,69.08,68.25779724121094,16,2,"[10, 35, 60, 86]"
34,Gen-2/A skier enjoys the thrill of skiing on a snowy mountain.mp4,72.0,58.81977844238281,17,2,"[10, 35, 60, 86]"
35,Gen-2/A slice of French chocolate mousse cake brings sweet delight.mp4,73.94,55.536888122558594,17,2,"[10, 35, 60, 86]"
36,Gen-2/A tennis player elegantly slid on the grass court.mp4,57.87,62.13493728637695,18,2,"[10, 35, 60, 86]"
37,Gen-2/A tennis player made spectacular plays at the net.mp4,52.91,48.092498779296875,18,2,"[10, 35, 60, 86]"
38,Gen-2/A thin pancake is spread with butter and maple syrup.mp4,57.04,50.58639144897461,19,2,"[10, 35, 60, 86]"
39,Gen-2/A water skier created splashes on the lake.mp4,70.32,64.9225845336914,19,2,"[10, 35, 60, 86]"
40,"Gen-2/A waterfall cascades gracefully, resembling a silver thread.mp4",74.49,64.6240005493164,20,2,"[10, 35, 60, 86]"
41,Gen-2/A wheat field sways gracefully in the gentle breeze.mp4,74.64,67.14015197753906,20,2,"[10, 35, 60, 86]"
42,Gen-2/A white orchid grows in a potted plant.mp4,63.63,49.13044738769531,21,2,"[10, 35, 60, 86]"
43,"Gen-2/A writer sits at a desk, crafting a new novel.mp4",73.15,67.95831298828125,21,2,"[10, 35, 60, 86]"
44,Gen-2/An adorable little cat is napping on the windowsill.mp4,70.34,73.68387603759766,22,2,"[10, 35, 60, 86]"
45,Gen-2/An ancient church is a landmark in the village.mp4,77.3,66.5653076171875,22,2,"[10, 35, 60, 86]"
46,Gen-2/An explorer searches for adventure in the forest.mp4,65.32,63.185394287109375,23,2,"[10, 35, 60, 86]"
47,Gen-2/An orchid blooms with deep purple flowers.mp4,73.11,68.49406433105469,23,2,"[10, 35, 60, 86]"
48,"Gen-2/Blue skies and fluffy clouds, ever-changing shapes like poetry.mp4",74.49,71.54043579101562,24,2,"[10, 35, 60, 86]"
49,Gen-2/Cherry trees in the orchard are filled with red fruit.mp4,66.45,55.323280334472656,24,2,"[10, 35, 60, 86]"
50,Gen-2/Children dig sandcastles on the beach.mp4,70.33,48.378570556640625,25,2,"[10, 35, 60, 86]"
51,Gen-2/Crocodiles swim leisurely in the lake.mp4,66.24,60.53794479370117,25,2,"[10, 35, 60, 86]"
52,Gen-2/Great white sharks swim majestically in the depths of the ocean.mp4,74.68,63.05117416381836,26,2,"[10, 35, 60, 86]"
53,"Gen-2/In a rugby match, players vied for possession of the rugby ball.mp4",65.11,56.61875915527344,26,2,"[10, 35, 60, 86]"
54,"Gen-2/In front of a farmhouse, there is a swing.mp4",70.41,66.35325622558594,27,2,"[10, 35, 60, 86]"
55,Gen-2/Military aircraft are neatly lined up on the military base.mp4,59.55,48.931671142578125,27,2,"[10, 35, 60, 86]"
56,Gen-2/Parents pick up students at the bus stop.mp4,65.21,59.845458984375,28,2,"[10, 35, 60, 86]"
57,Gen-2/People sunbathe on the lawn.mp4,60.76,71.04759979248047,28,2,"[10, 35, 60, 86]"
58,Gen-2/People taking a leisurely walk admire the lake view.mp4,63.78,67.90214538574219,29,2,"[10, 35, 60, 86]"
59,"Gen-2/Plateaus surrounding lakes, embraced by peaceful and harmonious mountains.mp4",77.3,70.23667907714844,29,2,"[10, 35, 60, 86]"
60,Gen-2/Purple lavender grows in the field.mp4,74.53,63.67243194580078,30,2,"[10, 35, 60, 86]"
61,Gen-2/Sharks dart through the water.mp4,65.03,62.295196533203125,30,2,"[10, 35, 60, 86]"
62,Gen-2/Soldiers are setting up tents in the camp.mp4,73.24,61.138607025146484,31,2,"[10, 35, 60, 86]"
63,Gen-2/Students and teachers discuss topics in the classroom.mp4,77.3,61.55010223388672,31,2,"[10, 35, 60, 86]"
64,Gen-2/Students create exquisite artwork in art class.mp4,67.64,61.73114776611328,32,2,"[10, 35, 60, 86]"
65,Gen-2/Students enjoy tasty sandwiches in the cafeteria.mp4,64.85,65.07870483398438,32,2,"[10, 35, 60, 86]"
66,"Gen-2/Students enjoy their time on campus, full of youthful energy.mp4",58.45,71.00157165527344,33,2,"[10, 35, 60, 86]"
67,"Gen-2/Students line up in the cafeteria, waiting for lunch.mp4",74.24,69.4670639038086,33,2,"[10, 35, 60, 86]"
68,Gen-2/Students participate in celebration ceremonies in the school courtyard.mp4,62.47,63.783103942871094,34,2,"[10, 35, 60, 86]"
69,Gen-2/Students program in the computer lab.mp4,70.43,55.09931564331055,34,2,"[10, 35, 60, 86]"
70,Gen-2/Students savor delicious soups in the cafeteria.mp4,70.53,59.37461853027344,35,2,"[10, 35, 60, 86]"
71,Gen-2/Sunflowers stand tall in a field.mp4,64.04,47.50802993774414,35,2,"[10, 35, 60, 86]"
72,Gen-2/Sunlight is streaming through the leaves onto the grass.mp4,74.27,69.28111267089844,36,2,"[10, 35, 60, 86]"
73,Gen-2/Swallows soar in the air.mp4,65.14,62.60719680786133,36,2,"[10, 35, 60, 86]"
74,Gen-2/Teenage skateboarders perform tricks by the pond.mp4,63.32,62.1568603515625,37,2,"[10, 35, 60, 86]"
75,"Gen-2/The campus has colorful gardens, full of vitality.mp4",66.46,52.82319641113281,37,2,"[10, 35, 60, 86]"
76,Gen-2/The commander is strategizing in front of a map.mp4,58.02,56.05377197265625,38,2,"[10, 35, 60, 86]"
77,Gen-2/The crickets chirped merrily in the summer night.mp4,64.88,64.36339569091797,38,2,"[10, 35, 60, 86]"
78,Gen-2/The leaves of a purple-leaf plum tree turn deep purple.mp4,67.77,71.25273132324219,39,2,"[10, 35, 60, 86]"
79,Gen-2/The lion roars majestically on the grassland.mp4,74.67,70.84243774414062,39,2,"[10, 35, 60, 86]"
80,Gen-2/The parrot chirped in the treetops.mp4,70.32,66.25109100341797,40,2,"[10, 35, 60, 86]"
81,Gen-2/The roof of a farmhouse is covered in moss.mp4,74.52,70.85425567626953,40,2,"[10, 35, 60, 86]"
82,Gen-2/The rural stream serves as the water source for villagers.mp4,77.3,69.95756530761719,41,2,"[10, 35, 60, 86]"
83,Gen-2/The school auditorium is decorated with festive decorations.mp4,71.76,63.288368225097656,41,2,"[10, 35, 60, 86]"
84,Gen-2/The seahorse swayed slowly on the sea floor.mp4,70.43,58.40867614746094,42,2,"[10, 35, 60, 86]"
85,Gen-2/There are boats on the park lake.mp4,75.96,73.87281036376953,42,2,"[10, 35, 60, 86]"
86,Gen-2/There's a drum and guitar in the music classroom.mp4,74.68,63.433074951171875,43,2,"[10, 35, 60, 86]"
87,"Gen-2/Unique desert landscapes, with dunes sculpted by the wind.mp4",77.3,73.54401397705078,43,2,"[10, 35, 60, 86]"
88,Gen-2/Various fruit trees grow in the countryside.mp4,73.3,63.75390625,44,2,"[10, 35, 60, 86]"
89,Gen-2/Vendors at the market display fresh fruits and vegetables.mp4,61.18,53.059715270996094,44,2,"[10, 35, 60, 86]"
90,Gen-2/Visitors get information at the park's visitor center.mp4,73.39,62.42619705200195,45,2,"[10, 35, 60, 86]"
91,"Gen-2/Wandering through a forest path, surrounded by emerald greenery.mp4",67.59,72.38288879394531,45,2,"[10, 35, 60, 86]"
92,"Gen-2/Willow trees by the river, swaying gently in the calming breeze.mp4",73.27,69.68870544433594,46,2,"[10, 35, 60, 86]"
93,"Hotshot-XL/A baseball player swung the bat, preparing for a home run.mp4",39.52,40.13676834106445,46,2,"[1, 3, 4, 6]"
94,Hotshot-XL/A bowl of hot soup is especially delicious on a cold winter day.mp4,54.21,48.15692901611328,47,2,"[1, 3, 4, 6]"
95,Hotshot-XL/A bowl of ramen has delicious pork and seaweed.mp4,66.41,59.979515075683594,47,2,"[1, 3, 4, 6]"
96,Hotshot-XL/A bowl of rich French onion soup emanates an enticing aroma.mp4,62.41,57.54084014892578,48,2,"[1, 3, 4, 6]"
97,Hotshot-XL/A bowl of spicy Mexican chili is very delicious.mp4,66.38,53.02727508544922,48,2,"[1, 3, 4, 6]"
98,Hotshot-XL/A butterfly gracefully dances among the flowers.mp4,54.1,58.497100830078125,49,2,"[1, 3, 4, 6]"
99,Hotshot-XL/A cactus thrives in the harsh desert.mp4,51.43,55.466285705566406,49,2,"[1, 3, 4, 6]"
100,"Hotshot-XL/A couple walks hand in hand on the beach, listening to the sound of the waves.mp4",56.98,56.275699615478516,50,2,"[1, 3, 4, 6]"
101,Hotshot-XL/A cup of hot chocolate is fragrant.mp4,62.26,53.452613830566406,50,2,"[1, 3, 4, 6]"
102,Hotshot-XL/A daffodil sways in the spring breeze.mp4,51.55,47.96684265136719,51,2,"[1, 3, 4, 6]"
103,Hotshot-XL/A designer creates fashionable clothing designs.mp4,60.23,56.50825881958008,51,2,"[1, 3, 4, 6]"
104,Hotshot-XL/A diver is exploring the underwater world under the coral reef.mp4,56.93,54.862552642822266,52,2,"[1, 3, 4, 6]"
105,Hotshot-XL/A doctor cares for patients in the hospital.mp4,47.38,60.898651123046875,52,2,"[1, 3, 4, 6]"
106,Hotshot-XL/A doctor is carefully examining a patient's body.mp4,47.55,54.521583557128906,53,2,"[1, 3, 4, 6]"
107,Hotshot-XL/A family goes to the movies on the weekend.mp4,48.81,53.629268646240234,53,2,"[1, 3, 4, 6]"
108,Hotshot-XL/A field of dandelions lines the side of a rural road.mp4,60.47,63.68535232543945,54,2,"[1, 3, 4, 6]"
109,Hotshot-XL/A golden field of wheat sways gently in the breeze.mp4,52.4,66.13668060302734,54,2,"[1, 3, 4, 6]"
110,Hotshot-XL/A group of villagers wash clothes by the stream.mp4,60.79,55.081451416015625,55,2,"[1, 3, 4, 6]"
111,Hotshot-XL/A hippo leisurely floats in the water.mp4,53.86,59.05583953857422,55,2,"[1, 3, 4, 6]"
112,Hotshot-XL/A kangaroo jumps across the Australian desert.mp4,48.54,49.758087158203125,56,2,"[1, 3, 4, 6]"
113,Hotshot-XL/A lotus leaf floats on a serene pond.mp4,62.09,61.89703369140625,56,2,"[1, 3, 4, 6]"
114,Hotshot-XL/A milkshake is garnished with fresh strawberries and cream.mp4,56.67,50.89678192138672,57,2,"[1, 3, 4, 6]"
115,Hotshot-XL/A painter showcases their art on an outdoor gallery.mp4,53.96,53.087703704833984,57,2,"[1, 3, 4, 6]"
116,Hotshot-XL/A peony blooms with snow-white petals.mp4,68.02,63.11528015136719,58,2,"[1, 3, 4, 6]"
117,Hotshot-XL/A pet owner walks their dog in the park.mp4,62.29,59.13241195678711,58,2,"[1, 3, 4, 6]"
118,Hotshot-XL/A photographer captures the neon lights of the city.mp4,49.94,50.94318771362305,59,2,"[1, 3, 4, 6]"
119,Hotshot-XL/A piece of French bread is spread with butter.mp4,66.36,50.3807373046875,59,2,"[1, 3, 4, 6]"
120,Hotshot-XL/A piece of cheesecake is covered with blueberry sauce.mp4,63.44,44.58473205566406,60,2,"[1, 3, 4, 6]"
121,Hotshot-XL/A pizza is topped with Italian sausage and mushrooms.mp4,62.67,49.79156494140625,60,2,"[1, 3, 4, 6]"
122,Hotshot-XL/A purple bellflower opens in the sunlight.mp4,63.98,58.00536346435547,61,2,"[1, 3, 4, 6]"
123,Hotshot-XL/A roasted cod fish is garnished with fresh herbs.mp4,66.7,58.71864318847656,61,2,"[1, 3, 4, 6]"
124,Hotshot-XL/A roasted salmon is presented on a plate.mp4,71.78,55.04580307006836,62,2,"[1, 3, 4, 6]"
125,Hotshot-XL/A salad is sprinkled with nuts and fruits.mp4,63.74,54.03974151611328,62,2,"[1, 3, 4, 6]"
126,Hotshot-XL/A sausage is grilled slightly crispy on the barbecue.mp4,66.36,52.339935302734375,63,2,"[1, 3, 4, 6]"
127,Hotshot-XL/A skier enjoys the thrill of skiing on a snowy mountain.mp4,53.37,61.73285675048828,63,2,"[1, 3, 4, 6]"
128,Hotshot-XL/A slice of French chocolate mousse cake brings sweet delight.mp4,51.47,57.24604034423828,64,2,"[1, 3, 4, 6]"
129,Hotshot-XL/A tennis player elegantly slid on the grass court.mp4,40.63,50.11239242553711,64,2,"[1, 3, 4, 6]"
130,Hotshot-XL/A tennis player made spectacular plays at the net.mp4,39.41,38.311370849609375,65,2,"[1, 3, 4, 6]"
131,Hotshot-XL/A thin pancake is spread with butter and maple syrup.mp4,60.95,60.351051330566406,65,2,"[1, 3, 4, 6]"
132,Hotshot-XL/A water skier created splashes on the lake.mp4,62.16,45.70842742919922,66,2,"[1, 3, 4, 6]"
133,"Hotshot-XL/A waterfall cascades gracefully, resembling a silver thread.mp4",62.45,58.836585998535156,66,2,"[1, 3, 4, 6]"
134,Hotshot-XL/A wheat field sways gracefully in the gentle breeze.mp4,64.97,65.15689086914062,67,2,"[1, 3, 4, 6]"
135,Hotshot-XL/A white orchid grows in a potted plant.mp4,58.59,60.80469512939453,67,2,"[1, 3, 4, 6]"
136,"Hotshot-XL/A writer sits at a desk, crafting a new novel.mp4",44.89,61.033058166503906,68,2,"[1, 3, 4, 6]"
137,Hotshot-XL/An adorable little cat is napping on the windowsill.mp4,66.38,62.24390411376953,68,2,"[1, 3, 4, 6]"
138,Hotshot-XL/An ancient church is a landmark in the village.mp4,54.08,63.70561981201172,69,2,"[1, 3, 4, 6]"
139,Hotshot-XL/An explorer searches for adventure in the forest.mp4,56.58,58.85929489135742,69,2,"[1, 3, 4, 6]"
140,Hotshot-XL/An orchid blooms with deep purple flowers.mp4,57.23,44.23598861694336,70,2,"[1, 3, 4, 6]"
141,"Hotshot-XL/Blue skies and fluffy clouds, ever-changing shapes like poetry.mp4",69.22,66.41813659667969,70,2,"[1, 3, 4, 6]"
142,Hotshot-XL/Cherry trees in the orchard are filled with red fruit.mp4,62.29,53.10175323486328,71,2,"[1, 3, 4, 6]"
143,Hotshot-XL/Children dig sandcastles on the beach.mp4,56.7,56.06319808959961,71,2,"[1, 3, 4, 6]"
144,Hotshot-XL/Crocodiles swim leisurely in the lake.mp4,63.61,48.53455352783203,72,2,"[1, 3, 4, 6]"
145,Hotshot-XL/Great white sharks swim majestically in the depths of the ocean.mp4,63.73,49.56487274169922,72,2,"[1, 3, 4, 6]"
146,"Hotshot-XL/In a rugby match, players vied for possession of the rugby ball.mp4",46.04,44.4420280456543,73,2,"[1, 3, 4, 6]"
147,"Hotshot-XL/In front of a farmhouse, there is a swing.mp4",66.47,58.94960021972656,73,2,"[1, 3, 4, 6]"
148,Hotshot-XL/Military aircraft are neatly lined up on the military base.mp4,65.08,59.69147872924805,74,2,"[1, 3, 4, 6]"
149,Hotshot-XL/Parents pick up students at the bus stop.mp4,49.99,52.99285888671875,74,2,"[1, 3, 4, 6]"
150,Hotshot-XL/People sunbathe on the lawn.mp4,64.77,54.865455627441406,75,2,"[1, 3, 4, 6]"
151,Hotshot-XL/People taking a leisurely walk admire the lake view.mp4,43.35,59.458282470703125,75,2,"[1, 3, 4, 6]"
152,"Hotshot-XL/Plateaus surrounding lakes, embraced by peaceful and harmonious mountains.mp4",61.24,58.861446380615234,76,2,"[1, 3, 4, 6]"
153,Hotshot-XL/Purple lavender grows in the field.mp4,63.86,57.35667419433594,76,2,"[1, 3, 4, 6]"
154,Hotshot-XL/Sharks dart through the water.mp4,55.51,55.21173858642578,77,2,"[1, 3, 4, 6]"
155,Hotshot-XL/Soldiers are setting up tents in the camp.mp4,47.93,53.875370025634766,77,2,"[1, 3, 4, 6]"
156,Hotshot-XL/Students and teachers discuss topics in the classroom.mp4,46.73,49.6081657409668,78,2,"[1, 3, 4, 6]"
157,Hotshot-XL/Students create exquisite artwork in art class.mp4,58.23,48.132049560546875,78,2,"[1, 3, 4, 6]"
158,Hotshot-XL/Students enjoy tasty sandwiches in the cafeteria.mp4,50.3,46.407508850097656,79,2,"[1, 3, 4, 6]"
159,"Hotshot-XL/Students enjoy their time on campus, full of youthful energy.mp4",46.07,50.441524505615234,79,2,"[1, 3, 4, 6]"
160,"Hotshot-XL/Students line up in the cafeteria, waiting for lunch.mp4",43.45,51.679832458496094,80,2,"[1, 3, 4, 6]"
161,Hotshot-XL/Students participate in celebration ceremonies in the school courtyard.mp4,51.36,51.20734405517578,80,2,"[1, 3, 4, 6]"
162,Hotshot-XL/Students program in the computer lab.mp4,46.01,60.38510513305664,81,2,"[1, 3, 4, 6]"
163,Hotshot-XL/Students savor delicious soups in the cafeteria.mp4,54.46,48.60923767089844,81,2,"[1, 3, 4, 6]"
164,Hotshot-XL/Sunflowers stand tall in a field.mp4,64.96,59.24717330932617,82,2,"[1, 3, 4, 6]"
165,Hotshot-XL/Sunlight is streaming through the leaves onto the grass.mp4,63.88,65.60621643066406,82,2,"[1, 3, 4, 6]"
166,Hotshot-XL/Swallows soar in the air.mp4,48.9,44.8560791015625,83,2,"[1, 3, 4, 6]"
167,Hotshot-XL/Teenage skateboarders perform tricks by the pond.mp4,40.72,47.66057586669922,83,2,"[1, 3, 4, 6]"
168,"Hotshot-XL/The campus has colorful gardens, full of vitality.mp4",57.22,54.96223449707031,84,2,"[1, 3, 4, 6]"
169,Hotshot-XL/The commander is strategizing in front of a map.mp4,56.88,62.959957122802734,84,2,"[1, 3, 4, 6]"
170,Hotshot-XL/The crickets chirped merrily in the summer night.mp4,61.31,62.08202362060547,85,2,"[1, 3, 4, 6]"
171,Hotshot-XL/The leaves of a purple-leaf plum tree turn deep purple.mp4,56.78,58.64110565185547,85,2,"[1, 3, 4, 6]"
172,Hotshot-XL/The lion roars majestically on the grassland.mp4,59.55,58.61257553100586,86,2,"[1, 3, 4, 6]"
173,Hotshot-XL/The parrot chirped in the treetops.mp4,55.74,52.08713912963867,86,2,"[1, 3, 4, 6]"
174,Hotshot-XL/The roof of a farmhouse is covered in moss.mp4,73.66,65.13737487792969,87,2,"[1, 3, 4, 6]"
175,Hotshot-XL/The rural stream serves as the water source for villagers.mp4,56.86,59.51153564453125,87,2,"[1, 3, 4, 6]"
176,Hotshot-XL/The school auditorium is decorated with festive decorations.mp4,52.53,47.141517639160156,88,2,"[1, 3, 4, 6]"
177,Hotshot-XL/The seahorse swayed slowly on the sea floor.mp4,59.89,60.30447769165039,88,2,"[1, 3, 4, 6]"
178,Hotshot-XL/There are boats on the park lake.mp4,66.31,58.212127685546875,89,2,"[1, 3, 4, 6]"
179,Hotshot-XL/There's a drum and guitar in the music classroom.mp4,51.66,50.424888610839844,89,2,"[1, 3, 4, 6]"
180,"Hotshot-XL/Unique desert landscapes, with dunes sculpted by the wind.mp4",66.0,67.85930633544922,90,2,"[1, 3, 4, 6]"
181,Hotshot-XL/Various fruit trees grow in the countryside.mp4,57.03,57.251312255859375,90,2,"[1, 3, 4, 6]"
182,Hotshot-XL/Vendors at the market display fresh fruits and vegetables.mp4,65.11,61.38444900512695,91,2,"[1, 3, 4, 6]"
183,Hotshot-XL/Visitors get information at the park's visitor center.mp4,58.25,54.449684143066406,91,2,"[1, 3, 4, 6]"
184,"Hotshot-XL/Wandering through a forest path, surrounded by emerald greenery.mp4",55.54,56.43537139892578,92,2,"[1, 3, 4, 6]"
185,"Hotshot-XL/Willow trees by the river, swaying gently in the calming breeze.mp4",55.77,61.43634033203125,92,2,"[1, 3, 4, 6]"
186,"Text2Video-Zero/A baseball player swung the bat, preparing for a home run.mp4",31.34,44.938880920410156,93,2,"[4, 13, 22, 32]"
187,Text2Video-Zero/A bowl of hot soup is especially delicious on a cold winter day.mp4,33.96,35.09169387817383,93,2,"[4, 13, 22, 32]"
188,Text2Video-Zero/A bowl of ramen has delicious pork and seaweed.mp4,46.16,34.143924713134766,94,2,"[4, 13, 22, 32]"
189,Text2Video-Zero/A bowl of rich French onion soup emanates an enticing aroma.mp4,35.41,36.78260803222656,94,2,"[4, 13, 22, 32]"
190,Text2Video-Zero/A bowl of spicy Mexican chili is very delicious.mp4,29.95,34.64323425292969,95,2,"[4, 13, 22, 32]"
191,Text2Video-Zero/A butterfly gracefully dances among the flowers.mp4,38.18,34.288997650146484,95,2,"[4, 13, 22, 32]"
192,Text2Video-Zero/A cactus thrives in the harsh desert.mp4,38.15,44.261619567871094,96,2,"[4, 13, 22, 32]"
193,"Text2Video-Zero/A couple walks hand in hand on the beach, listening to the sound of the waves.mp4",34.79,42.239742279052734,96,2,"[4, 13, 22, 32]"
194,Text2Video-Zero/A cup of hot chocolate is fragrant.mp4,36.8,44.744075775146484,97,2,"[4, 13, 22, 32]"
195,Text2Video-Zero/A daffodil sways in the spring breeze.mp4,35.41,32.39936828613281,97,2,"[4, 13, 22, 32]"
196,Text2Video-Zero/A designer creates fashionable clothing designs.mp4,32.66,37.910728454589844,98,2,"[4, 13, 22, 32]"
197,Text2Video-Zero/A diver is exploring the underwater world under the coral reef.mp4,32.69,40.399410247802734,98,2,"[4, 13, 22, 32]"
198,Text2Video-Zero/A doctor cares for patients in the hospital.mp4,31.35,55.830406188964844,99,2,"[4, 13, 22, 32]"
199,Text2Video-Zero/A doctor is carefully examining a patient's body.mp4,42.23,48.1071662902832,99,2,"[4, 13, 22, 32]"
200,Text2Video-Zero/A family goes to the movies on the weekend.mp4,34.18,37.69026565551758,100,2,"[4, 13, 22, 32]"
201,Text2Video-Zero/A field of dandelions lines the side of a rural road.mp4,39.39,50.42306900024414,100,2,"[4, 13, 22, 32]"
202,Text2Video-Zero/A golden field of wheat sways gently in the breeze.mp4,39.5,66.89568328857422,101,2,"[4, 13, 22, 32]"
203,Text2Video-Zero/A group of villagers wash clothes by the stream.mp4,31.24,35.09477233886719,101,2,"[4, 13, 22, 32]"
204,Text2Video-Zero/A hippo leisurely floats in the water.mp4,37.97,44.15257263183594,102,2,"[4, 13, 22, 32]"
205,Text2Video-Zero/A kangaroo jumps across the Australian desert.mp4,39.08,55.00804138183594,102,2,"[4, 13, 22, 32]"
206,Text2Video-Zero/A lotus leaf floats on a serene pond.mp4,39.46,47.71307373046875,103,2,"[4, 13, 22, 32]"
207,Text2Video-Zero/A milkshake is garnished with fresh strawberries and cream.mp4,36.82,38.797119140625,103,2,"[4, 13, 22, 32]"
208,Text2Video-Zero/A painter showcases their art on an outdoor gallery.mp4,39.5,32.92317199707031,104,2,"[4, 13, 22, 32]"
209,Text2Video-Zero/A peony blooms with snow-white petals.mp4,40.94,37.81510925292969,104,2,"[4, 13, 22, 32]"
210,Text2Video-Zero/A pet owner walks their dog in the park.mp4,39.47,35.73500061035156,105,2,"[4, 13, 22, 32]"
211,Text2Video-Zero/A photographer captures the neon lights of the city.mp4,36.86,44.34138107299805,105,2,"[4, 13, 22, 32]"
212,Text2Video-Zero/A piece of French bread is spread with butter.mp4,36.74,40.167877197265625,106,2,"[4, 13, 22, 32]"
213,Text2Video-Zero/A piece of cheesecake is covered with blueberry sauce.mp4,40.75,32.66161346435547,106,2,"[4, 13, 22, 32]"
214,Text2Video-Zero/A pizza is topped with Italian sausage and mushrooms.mp4,35.33,40.02102279663086,107,2,"[4, 13, 22, 32]"
215,Text2Video-Zero/A purple bellflower opens in the sunlight.mp4,36.74,36.023311614990234,107,2,"[4, 13, 22, 32]"
216,Text2Video-Zero/A roasted cod fish is garnished with fresh herbs.mp4,36.81,34.470314025878906,108,2,"[4, 13, 22, 32]"
217,Text2Video-Zero/A roasted salmon is presented on a plate.mp4,37.98,38.42376708984375,108,2,"[4, 13, 22, 32]"
218,Text2Video-Zero/A salad is sprinkled with nuts and fruits.mp4,43.04,35.71295928955078,109,2,"[4, 13, 22, 32]"
219,Text2Video-Zero/A sausage is grilled slightly crispy on the barbecue.mp4,40.83,38.49158477783203,109,2,"[4, 13, 22, 32]"
220,Text2Video-Zero/A skier enjoys the thrill of skiing on a snowy mountain.mp4,32.56,34.07597351074219,110,2,"[4, 13, 22, 32]"
221,Text2Video-Zero/A slice of French chocolate mousse cake brings sweet delight.mp4,39.27,32.428749084472656,110,2,"[4, 13, 22, 32]"
222,Text2Video-Zero/A tennis player elegantly slid on the grass court.mp4,32.69,53.46834182739258,111,2,"[4, 13, 22, 32]"
223,Text2Video-Zero/A tennis player made spectacular plays at the net.mp4,32.64,37.40110778808594,111,2,"[4, 13, 22, 32]"
224,Text2Video-Zero/A thin pancake is spread with butter and maple syrup.mp4,40.75,34.75060272216797,112,2,"[4, 13, 22, 32]"
225,Text2Video-Zero/A water skier created splashes on the lake.mp4,32.8,45.280696868896484,112,2,"[4, 13, 22, 32]"
226,"Text2Video-Zero/A waterfall cascades gracefully, resembling a silver thread.mp4",35.44,47.957733154296875,113,2,"[4, 13, 22, 32]"
227,Text2Video-Zero/A wheat field sways gracefully in the gentle breeze.mp4,35.3,64.53378295898438,113,2,"[4, 13, 22, 32]"
228,Text2Video-Zero/A white orchid grows in a potted plant.mp4,32.06,37.528594970703125,114,2,"[4, 13, 22, 32]"
229,"Text2Video-Zero/A writer sits at a desk, crafting a new novel.mp4",29.97,39.11438751220703,114,2,"[4, 13, 22, 32]"
230,Text2Video-Zero/An adorable little cat is napping on the windowsill.mp4,36.86,48.20868682861328,115,2,"[4, 13, 22, 32]"
231,Text2Video-Zero/An ancient church is a landmark in the village.mp4,29.95,37.87135696411133,115,2,"[4, 13, 22, 32]"
232,Text2Video-Zero/An explorer searches for adventure in the forest.mp4,31.4,59.95018005371094,116,2,"[4, 13, 22, 32]"
233,Text2Video-Zero/An orchid blooms with deep purple flowers.mp4,31.4,38.162139892578125,116,2,"[4, 13, 22, 32]"
234,"Text2Video-Zero/Blue skies and fluffy clouds, ever-changing shapes like poetry.mp4",38.15,35.13166046142578,117,2,"[4, 13, 22, 32]"
235,Text2Video-Zero/Cherry trees in the orchard are filled with red fruit.mp4,31.87,44.848392486572266,117,2,"[4, 13, 22, 32]"
236,Text2Video-Zero/Children dig sandcastles on the beach.mp4,41.8,39.253211975097656,118,2,"[4, 13, 22, 32]"
237,Text2Video-Zero/Crocodiles swim leisurely in the lake.mp4,31.34,40.10310745239258,118,2,"[4, 13, 22, 32]"
238,Text2Video-Zero/Great white sharks swim majestically in the depths of the ocean.mp4,34.18,45.72816467285156,119,2,"[4, 13, 22, 32]"
239,"Text2Video-Zero/In a rugby match, players vied for possession of the rugby ball.mp4",32.64,38.60272216796875,119,2,"[4, 13, 22, 32]"
240,"Text2Video-Zero/In front of a farmhouse, there is a swing.mp4",34.09,37.05536651611328,120,2,"[4, 13, 22, 32]"
241,Text2Video-Zero/Military aircraft are neatly lined up on the military base.mp4,32.81,36.519264221191406,120,2,"[4, 13, 22, 32]"
242,Text2Video-Zero/Parents pick up students at the bus stop.mp4,32.69,33.803916931152344,121,2,"[4, 13, 22, 32]"
243,Text2Video-Zero/People sunbathe on the lawn.mp4,38.2,41.324737548828125,121,2,"[4, 13, 22, 32]"
244,Text2Video-Zero/People taking a leisurely walk admire the lake view.mp4,32.75,33.03293228149414,122,2,"[4, 13, 22, 32]"
245,"Text2Video-Zero/Plateaus surrounding lakes, embraced by peaceful and harmonious mountains.mp4",38.26,36.09004592895508,122,2,"[4, 13, 22, 32]"
246,Text2Video-Zero/Purple lavender grows in the field.mp4,40.6,55.74991226196289,123,2,"[4, 13, 22, 32]"
247,Text2Video-Zero/Sharks dart through the water.mp4,29.95,38.73613357543945,123,2,"[4, 13, 22, 32]"
248,Text2Video-Zero/Soldiers are setting up tents in the camp.mp4,38.15,39.641300201416016,124,2,"[4, 13, 22, 32]"
249,Text2Video-Zero/Students and teachers discuss topics in the classroom.mp4,34.03,35.5422477722168,124,2,"[4, 13, 22, 32]"
250,Text2Video-Zero/Students create exquisite artwork in art class.mp4,35.47,32.169105529785156,125,2,"[4, 13, 22, 32]"
251,Text2Video-Zero/Students enjoy tasty sandwiches in the cafeteria.mp4,34.27,32.41204071044922,125,2,"[4, 13, 22, 32]"
252,"Text2Video-Zero/Students enjoy their time on campus, full of youthful energy.mp4",35.41,37.63266372680664,126,2,"[4, 13, 22, 32]"
253,"Text2Video-Zero/Students line up in the cafeteria, waiting for lunch.mp4",32.68,35.83362579345703,126,2,"[4, 13, 22, 32]"
254,Text2Video-Zero/Students participate in celebration ceremonies in the school courtyard.mp4,42.24,32.09951400756836,127,2,"[4, 13, 22, 32]"
255,Text2Video-Zero/Students program in the computer lab.mp4,35.21,40.40019989013672,127,2,"[4, 13, 22, 32]"
256,Text2Video-Zero/Students savor delicious soups in the cafeteria.mp4,32.17,33.286312103271484,128,2,"[4, 13, 22, 32]"
257,Text2Video-Zero/Sunflowers stand tall in a field.mp4,35.42,40.2958984375,128,2,"[4, 13, 22, 32]"
258,Text2Video-Zero/Sunlight is streaming through the leaves onto the grass.mp4,36.7,59.48827362060547,129,2,"[4, 13, 22, 32]"
259,Text2Video-Zero/Swallows soar in the air.mp4,37.93,39.313743591308594,129,2,"[4, 13, 22, 32]"
260,Text2Video-Zero/Teenage skateboarders perform tricks by the pond.mp4,38.02,36.0460205078125,130,2,"[4, 13, 22, 32]"
261,"Text2Video-Zero/The campus has colorful gardens, full of vitality.mp4",34.33,43.82640075683594,130,2,"[4, 13, 22, 32]"
262,Text2Video-Zero/The commander is strategizing in front of a map.mp4,31.43,36.356632232666016,131,2,"[4, 13, 22, 32]"
263,Text2Video-Zero/The crickets chirped merrily in the summer night.mp4,36.79,42.6295051574707,131,2,"[4, 13, 22, 32]"
264,Text2Video-Zero/The leaves of a purple-leaf plum tree turn deep purple.mp4,42.01,42.11639404296875,132,2,"[4, 13, 22, 32]"
265,Text2Video-Zero/The lion roars majestically on the grassland.mp4,44.92,51.78092575073242,132,2,"[4, 13, 22, 32]"
266,Text2Video-Zero/The parrot chirped in the treetops.mp4,29.95,35.63035583496094,133,2,"[4, 13, 22, 32]"
267,Text2Video-Zero/The roof of a farmhouse is covered in moss.mp4,35.41,39.605560302734375,133,2,"[4, 13, 22, 32]"
268,Text2Video-Zero/The rural stream serves as the water source for villagers.mp4,36.68,46.143218994140625,134,2,"[4, 13, 22, 32]"
269,Text2Video-Zero/The school auditorium is decorated with festive decorations.mp4,31.87,39.81094741821289,134,2,"[4, 13, 22, 32]"
270,Text2Video-Zero/The seahorse swayed slowly on the sea floor.mp4,36.77,39.268638610839844,135,2,"[4, 13, 22, 32]"
271,Text2Video-Zero/There are boats on the park lake.mp4,31.34,37.859886169433594,135,2,"[4, 13, 22, 32]"
272,Text2Video-Zero/There's a drum and guitar in the music classroom.mp4,31.83,39.1693000793457,136,2,"[4, 13, 22, 32]"
273,"Text2Video-Zero/Unique desert landscapes, with dunes sculpted by the wind.mp4",35.31,33.48387145996094,136,2,"[4, 13, 22, 32]"
274,Text2Video-Zero/Various fruit trees grow in the countryside.mp4,40.77,36.771080017089844,137,2,"[4, 13, 22, 32]"
275,Text2Video-Zero/Vendors at the market display fresh fruits and vegetables.mp4,33.67,39.22434997558594,137,2,"[4, 13, 22, 32]"
276,Text2Video-Zero/Visitors get information at the park's visitor center.mp4,37.86,36.07421875,138,2,"[4, 13, 22, 32]"
277,"Text2Video-Zero/Wandering through a forest path, surrounded by emerald greenery.mp4",38.19,61.51774597167969,138,2,"[4, 13, 22, 32]"
278,"Text2Video-Zero/Willow trees by the river, swaying gently in the calming breeze.mp4",39.53,50.571327209472656,139,2,"[4, 13, 22, 32]"
279,"Tune-A-Video/A baseball player swung the bat, preparing for a home run.mp4",35.53,34.45372772216797,139,2,"[2, 9, 14, 21]"
280,Tune-A-Video/A bowl of hot soup is especially delicious on a cold winter day.mp4,36.74,33.192237854003906,140,2,"[2, 9, 14, 21]"
281,Tune-A-Video/A bowl of ramen has delicious pork and seaweed.mp4,33.94,32.56560134887695,140,2,"[2, 9, 14, 21]"
282,Tune-A-Video/A bowl of rich French onion soup emanates an enticing aroma.mp4,43.35,36.496395111083984,141,2,"[2, 9, 14, 21]"
283,Tune-A-Video/A bowl of spicy Mexican chili is very delicious.mp4,35.41,32.71650695800781,141,2,"[2, 9, 14, 21]"
284,Tune-A-Video/A butterfly gracefully dances among the flowers.mp4,39.48,33.81736373901367,142,2,"[2, 9, 14, 21]"
285,Tune-A-Video/A cactus thrives in the harsh desert.mp4,38.2,32.958213806152344,142,2,"[2, 9, 14, 21]"
286,"Tune-A-Video/A couple walks hand in hand on the beach, listening to the sound of the waves.mp4",31.24,33.42398452758789,143,2,"[2, 9, 14, 21]"
287,Tune-A-Video/A cup of hot chocolate is fragrant.mp4,35.37,45.734703063964844,143,2,"[2, 9, 14, 21]"
288,Tune-A-Video/A daffodil sways in the spring breeze.mp4,38.11,32.997371673583984,144,2,"[2, 9, 14, 21]"
289,Tune-A-Video/A designer creates fashionable clothing designs.mp4,31.34,34.08073425292969,144,2,"[2, 9, 14, 21]"
290,Tune-A-Video/A diver is exploring the underwater world under the coral reef.mp4,36.59,37.140968322753906,145,2,"[2, 9, 14, 21]"
291,Tune-A-Video/A doctor cares for patients in the hospital.mp4,32.78,44.52883529663086,145,2,"[2, 9, 14, 21]"
292,Tune-A-Video/A doctor is carefully examining a patient's body.mp4,32.27,40.61874008178711,146,2,"[2, 9, 14, 21]"
293,Tune-A-Video/A family goes to the movies on the weekend.mp4,32.67,33.993194580078125,146,2,"[2, 9, 14, 21]"
294,Tune-A-Video/A field of dandelions lines the side of a rural road.mp4,34.2,35.042320251464844,147,2,"[2, 9, 14, 21]"
295,Tune-A-Video/A golden field of wheat sways gently in the breeze.mp4,31.3,39.829437255859375,147,2,"[2, 9, 14, 21]"
296,Tune-A-Video/A group of villagers wash clothes by the stream.mp4,36.76,35.10958480834961,148,2,"[2, 9, 14, 21]"
297,Tune-A-Video/A hippo leisurely floats in the water.mp4,36.56,42.188148498535156,148,2,"[2, 9, 14, 21]"
298,Tune-A-Video/A kangaroo jumps across the Australian desert.mp4,38.24,32.45405960083008,149,2,"[2, 9, 14, 21]"
299,Tune-A-Video/A lotus leaf floats on a serene pond.mp4,32.64,37.19550704956055,149,2,"[2, 9, 14, 21]"
300,Tune-A-Video/A milkshake is garnished with fresh strawberries and cream.mp4,37.99,32.71648025512695,150,2,"[2, 9, 14, 21]"
301,Tune-A-Video/A painter showcases their art on an outdoor gallery.mp4,35.45,31.3268985748291,150,2,"[2, 9, 14, 21]"
302,Tune-A-Video/A peony blooms with snow-white petals.mp4,36.71,41.379112243652344,151,2,"[2, 9, 14, 21]"
303,Tune-A-Video/A pet owner walks their dog in the park.mp4,32.22,38.58729934692383,151,2,"[2, 9, 14, 21]"
304,Tune-A-Video/A photographer captures the neon lights of the city.mp4,34.15,43.8518180847168,152,2,"[2, 9, 14, 21]"
305,Tune-A-Video/A piece of French bread is spread with butter.mp4,38.07,34.28387451171875,152,2,"[2, 9, 14, 21]"
306,Tune-A-Video/A piece of cheesecake is covered with blueberry sauce.mp4,34.01,31.31545639038086,153,2,"[2, 9, 14, 21]"
307,Tune-A-Video/A pizza is topped with Italian sausage and mushrooms.mp4,38.16,34.92969512939453,153,2,"[2, 9, 14, 21]"
308,Tune-A-Video/A purple bellflower opens in the sunlight.mp4,35.83,38.258323669433594,154,2,"[2, 9, 14, 21]"
309,Tune-A-Video/A roasted cod fish is garnished with fresh herbs.mp4,35.42,38.14610290527344,154,2,"[2, 9, 14, 21]"
310,Tune-A-Video/A roasted salmon is presented on a plate.mp4,31.88,38.505821228027344,155,2,"[2, 9, 14, 21]"
311,Tune-A-Video/A salad is sprinkled with nuts and fruits.mp4,31.43,34.65818405151367,155,2,"[2, 9, 14, 21]"
312,Tune-A-Video/A sausage is grilled slightly crispy on the barbecue.mp4,31.64,37.348052978515625,156,2,"[2, 9, 14, 21]"
313,Tune-A-Video/A skier enjoys the thrill of skiing on a snowy mountain.mp4,57.1,31.61457061767578,156,2,"[2, 9, 14, 21]"
314,Tune-A-Video/A slice of French chocolate mousse cake brings sweet delight.mp4,31.58,31.024700164794922,157,2,"[2, 9, 14, 21]"
315,Tune-A-Video/A tennis player elegantly slid on the grass court.mp4,29.95,32.78424835205078,157,2,"[2, 9, 14, 21]"
316,Tune-A-Video/A tennis player made spectacular plays at the net.mp4,28.62,34.685821533203125,158,2,"[2, 9, 14, 21]"
317,Tune-A-Video/A thin pancake is spread with butter and maple syrup.mp4,42.18,36.6732292175293,158,2,"[2, 9, 14, 21]"
318,Tune-A-Video/A water skier created splashes on the lake.mp4,46.1,34.554161071777344,159,2,"[2, 9, 14, 21]"
319,"Tune-A-Video/A waterfall cascades gracefully, resembling a silver thread.mp4",36.78,59.15000915527344,159,2,"[2, 9, 14, 21]"
320,Tune-A-Video/A wheat field sways gracefully in the gentle breeze.mp4,44.79,54.28570556640625,160,2,"[2, 9, 14, 21]"
321,Tune-A-Video/A white orchid grows in a potted plant.mp4,40.83,35.39333724975586,160,2,"[2, 9, 14, 21]"
322,"Tune-A-Video/A writer sits at a desk, crafting a new novel.mp4",36.81,33.81732177734375,161,2,"[2, 9, 14, 21]"
323,Tune-A-Video/An adorable little cat is napping on the windowsill.mp4,35.43,37.445945739746094,161,2,"[2, 9, 14, 21]"
324,Tune-A-Video/An ancient church is a landmark in the village.mp4,32.66,38.95460510253906,162,2,"[2, 9, 14, 21]"
325,Tune-A-Video/An explorer searches for adventure in the forest.mp4,34.06,36.01066207885742,162,2,"[2, 9, 14, 21]"
326,Tune-A-Video/An orchid blooms with deep purple flowers.mp4,36.72,34.31879425048828,163,2,"[2, 9, 14, 21]"
327,"Tune-A-Video/Blue skies and fluffy clouds, ever-changing shapes like poetry.mp4",34.12,34.05248260498047,163,2,"[2, 9, 14, 21]"
328,Tune-A-Video/Cherry trees in the orchard are filled with red fruit.mp4,31.3,36.391693115234375,164,2,"[2, 9, 14, 21]"
329,Tune-A-Video/Children dig sandcastles on the beach.mp4,28.62,34.622406005859375,164,2,"[2, 9, 14, 21]"
330,Tune-A-Video/Crocodiles swim leisurely in the lake.mp4,35.29,38.013702392578125,165,2,"[2, 9, 14, 21]"
331,Tune-A-Video/Great white sharks swim majestically in the depths of the ocean.mp4,36.78,37.14502716064453,165,2,"[2, 9, 14, 21]"
332,"Tune-A-Video/In a rugby match, players vied for possession of the rugby ball.mp4",36.65,34.4089241027832,166,2,"[2, 9, 14, 21]"
333,"Tune-A-Video/In front of a farmhouse, there is a swing.mp4",32.79,34.706783294677734,166,2,"[2, 9, 14, 21]"
334,Tune-A-Video/Military aircraft are neatly lined up on the military base.mp4,35.47,38.05952835083008,167,2,"[2, 9, 14, 21]"
335,Tune-A-Video/Parents pick up students at the bus stop.mp4,32.65,32.805206298828125,167,2,"[2, 9, 14, 21]"
336,Tune-A-Video/People sunbathe on the lawn.mp4,32.79,33.61104202270508,168,2,"[2, 9, 14, 21]"
337,Tune-A-Video/People taking a leisurely walk admire the lake view.mp4,36.77,31.412029266357422,168,2,"[2, 9, 14, 21]"
338,"Tune-A-Video/Plateaus surrounding lakes, embraced by peaceful and harmonious mountains.mp4",31.24,35.96501159667969,169,2,"[2, 9, 14, 21]"
339,Tune-A-Video/Purple lavender grows in the field.mp4,31.34,36.298492431640625,169,2,"[2, 9, 14, 21]"
340,Tune-A-Video/Sharks dart through the water.mp4,36.35,40.086082458496094,170,2,"[2, 9, 14, 21]"
341,Tune-A-Video/Soldiers are setting up tents in the camp.mp4,38.07,34.156761169433594,170,2,"[2, 9, 14, 21]"
342,Tune-A-Video/Students and teachers discuss topics in the classroom.mp4,40.79,37.584228515625,171,2,"[2, 9, 14, 21]"
343,Tune-A-Video/Students create exquisite artwork in art class.mp4,32.17,34.375572204589844,171,2,"[2, 9, 14, 21]"
344,Tune-A-Video/Students enjoy tasty sandwiches in the cafeteria.mp4,38.16,38.16716384887695,172,2,"[2, 9, 14, 21]"
345,"Tune-A-Video/Students enjoy their time on campus, full of youthful energy.mp4",32.66,30.760940551757812,172,2,"[2, 9, 14, 21]"
346,"Tune-A-Video/Students line up in the cafeteria, waiting for lunch.mp4",32.36,39.67744064331055,173,2,"[2, 9, 14, 21]"
347,Tune-A-Video/Students participate in celebration ceremonies in the school courtyard.mp4,32.66,34.939476013183594,173,2,"[2, 9, 14, 21]"
348,Tune-A-Video/Students program in the computer lab.mp4,29.91,34.49359893798828,174,2,"[2, 9, 14, 21]"
349,Tune-A-Video/Students savor delicious soups in the cafeteria.mp4,37.99,32.44112014770508,174,2,"[2, 9, 14, 21]"
350,Tune-A-Video/Sunflowers stand tall in a field.mp4,34.85,37.053592681884766,175,2,"[2, 9, 14, 21]"
351,Tune-A-Video/Sunlight is streaming through the leaves onto the grass.mp4,35.43,52.65211486816406,175,2,"[2, 9, 14, 21]"
352,Tune-A-Video/Swallows soar in the air.mp4,35.42,35.671348571777344,176,2,"[2, 9, 14, 21]"
353,Tune-A-Video/Teenage skateboarders perform tricks by the pond.mp4,32.73,38.52490234375,176,2,"[2, 9, 14, 21]"
354,"Tune-A-Video/The campus has colorful gardens, full of vitality.mp4",35.26,31.44776725769043,177,2,"[2, 9, 14, 21]"
355,Tune-A-Video/The commander is strategizing in front of a map.mp4,36.86,37.345909118652344,177,2,"[2, 9, 14, 21]"
356,Tune-A-Video/The crickets chirped merrily in the summer night.mp4,31.34,36.0568962097168,178,2,"[2, 9, 14, 21]"
357,Tune-A-Video/The leaves of a purple-leaf plum tree turn deep purple.mp4,38.26,34.59519577026367,178,2,"[2, 9, 14, 21]"
358,Tune-A-Video/The lion roars majestically on the grassland.mp4,39.36,33.645843505859375,179,2,"[2, 9, 14, 21]"
359,Tune-A-Video/The parrot chirped in the treetops.mp4,31.42,36.718833923339844,179,2,"[2, 9, 14, 21]"
360,Tune-A-Video/The roof of a farmhouse is covered in moss.mp4,35.41,40.991355895996094,180,2,"[2, 9, 14, 21]"
361,Tune-A-Video/The rural stream serves as the water source for villagers.mp4,32.68,33.79293441772461,180,2,"[2, 9, 14, 21]"
362,Tune-A-Video/The school auditorium is decorated with festive decorations.mp4,32.28,30.974483489990234,181,2,"[2, 9, 14, 21]"
363,Tune-A-Video/The seahorse swayed slowly on the sea floor.mp4,40.62,35.308685302734375,181,2,"[2, 9, 14, 21]"
364,Tune-A-Video/There are boats on the park lake.mp4,32.66,50.89202117919922,182,2,"[2, 9, 14, 21]"
365,Tune-A-Video/There's a drum and guitar in the music classroom.mp4,29.95,35.63059616088867,182,2,"[2, 9, 14, 21]"
366,"Tune-A-Video/Unique desert landscapes, with dunes sculpted by the wind.mp4",36.89,33.046546936035156,183,2,"[2, 9, 14, 21]"
367,Tune-A-Video/Various fruit trees grow in the countryside.mp4,31.74,36.820899963378906,183,2,"[2, 9, 14, 21]"
368,Tune-A-Video/Vendors at the market display fresh fruits and vegetables.mp4,35.15,44.379425048828125,184,2,"[2, 9, 14, 21]"
369,Tune-A-Video/Visitors get information at the park's visitor center.mp4,35.46,39.052547454833984,184,2,"[2, 9, 14, 21]"
370,"Tune-A-Video/Wandering through a forest path, surrounded by emerald greenery.mp4",37.99,36.28400802612305,185,2,"[2, 9, 14, 21]"
371,"Tune-A-Video/Willow trees by the river, swaying gently in the calming breeze.mp4",31.3,40.981895446777344,185,2,"[2, 9, 14, 21]"
372,"VideoCrafter/A baseball player swung the bat, preparing for a home run.mp4",40.78,44.14448165893555,186,2,"[2, 6, 9, 14]"
373,VideoCrafter/A bowl of hot soup is especially delicious on a cold winter day.mp4,46.22,56.28178405761719,186,2,"[2, 6, 9, 14]"
374,VideoCrafter/A bowl of ramen has delicious pork and seaweed.mp4,47.51,42.30778884887695,187,2,"[2, 6, 9, 14]"
375,VideoCrafter/A bowl of rich French onion soup emanates an enticing aroma.mp4,51.7,43.916290283203125,187,2,"[2, 6, 9, 14]"
376,VideoCrafter/A bowl of spicy Mexican chili is very delicious.mp4,59.64,42.37377166748047,188,2,"[2, 6, 9, 14]"
377,VideoCrafter/A butterfly gracefully dances among the flowers.mp4,46.12,40.67791748046875,188,2,"[2, 6, 9, 14]"
378,VideoCrafter/A cactus thrives in the harsh desert.mp4,49.18,48.82093048095703,189,2,"[2, 6, 9, 14]"
379,"VideoCrafter/A couple walks hand in hand on the beach, listening to the sound of the waves.mp4",43.36,44.30964660644531,189,2,"[2, 6, 9, 14]"
380,VideoCrafter/A cup of hot chocolate is fragrant.mp4,54.04,54.64873504638672,190,2,"[2, 6, 9, 14]"
381,VideoCrafter/A daffodil sways in the spring breeze.mp4,42.81,45.76050567626953,190,2,"[2, 6, 9, 14]"
382,VideoCrafter/A designer creates fashionable clothing designs.mp4,44.73,47.75156784057617,191,2,"[2, 6, 9, 14]"
383,VideoCrafter/A diver is exploring the underwater world under the coral reef.mp4,32.67,46.85565948486328,191,2,"[2, 6, 9, 14]"
384,VideoCrafter/A doctor cares for patients in the hospital.mp4,45.81,53.538414001464844,192,2,"[2, 6, 9, 14]"
385,VideoCrafter/A doctor is carefully examining a patient's body.mp4,43.35,42.694366455078125,192,2,"[2, 6, 9, 14]"
386,VideoCrafter/A family goes to the movies on the weekend.mp4,47.7,51.27558135986328,193,2,"[2, 6, 9, 14]"
387,VideoCrafter/A field of dandelions lines the side of a rural road.mp4,66.25,49.779850006103516,193,2,"[2, 6, 9, 14]"
388,VideoCrafter/A golden field of wheat sways gently in the breeze.mp4,48.29,48.859798431396484,194,2,"[2, 6, 9, 14]"
389,VideoCrafter/A group of villagers wash clothes by the stream.mp4,50.43,47.76654052734375,194,2,"[2, 6, 9, 14]"
390,VideoCrafter/A hippo leisurely floats in the water.mp4,40.51,43.1449089050293,195,2,"[2, 6, 9, 14]"
391,VideoCrafter/A kangaroo jumps across the Australian desert.mp4,40.84,49.528018951416016,195,2,"[2, 6, 9, 14]"
392,VideoCrafter/A lotus leaf floats on a serene pond.mp4,54.09,43.82013702392578,196,2,"[2, 6, 9, 14]"
393,VideoCrafter/A milkshake is garnished with fresh strawberries and cream.mp4,54.47,40.76158142089844,196,2,"[2, 6, 9, 14]"
394,VideoCrafter/A painter showcases their art on an outdoor gallery.mp4,48.8,43.10780334472656,197,2,"[2, 6, 9, 14]"
395,VideoCrafter/A peony blooms with snow-white petals.mp4,52.88,57.37158966064453,197,2,"[2, 6, 9, 14]"
396,VideoCrafter/A pet owner walks their dog in the park.mp4,40.78,49.4868278503418,198,2,"[2, 6, 9, 14]"
397,VideoCrafter/A photographer captures the neon lights of the city.mp4,47.63,43.429351806640625,198,2,"[2, 6, 9, 14]"
398,VideoCrafter/A piece of French bread is spread with butter.mp4,39.44,45.49319076538086,199,2,"[2, 6, 9, 14]"
399,VideoCrafter/A piece of cheesecake is covered with blueberry sauce.mp4,61.11,46.42363739013672,199,2,"[2, 6, 9, 14]"
400,VideoCrafter/A pizza is topped with Italian sausage and mushrooms.mp4,54.51,46.69483184814453,200,2,"[2, 6, 9, 14]"
401,VideoCrafter/A purple bellflower opens in the sunlight.mp4,58.29,52.62100601196289,200,2,"[2, 6, 9, 14]"
402,VideoCrafter/A roasted cod fish is garnished with fresh herbs.mp4,66.38,41.58561325073242,201,2,"[2, 6, 9, 14]"
403,VideoCrafter/A roasted salmon is presented on a plate.mp4,51.59,37.70182418823242,201,2,"[2, 6, 9, 14]"
404,VideoCrafter/A salad is sprinkled with nuts and fruits.mp4,39.45,40.98179244995117,202,2,"[2, 6, 9, 14]"
405,VideoCrafter/A sausage is grilled slightly crispy on the barbecue.mp4,54.16,46.084232330322266,202,2,"[2, 6, 9, 14]"
406,VideoCrafter/A skier enjoys the thrill of skiing on a snowy mountain.mp4,62.04,42.183837890625,203,2,"[2, 6, 9, 14]"
407,VideoCrafter/A slice of French chocolate mousse cake brings sweet delight.mp4,58.55,44.76740264892578,203,2,"[2, 6, 9, 14]"
408,VideoCrafter/A tennis player elegantly slid on the grass court.mp4,42.24,44.92454528808594,204,2,"[2, 6, 9, 14]"
409,VideoCrafter/A tennis player made spectacular plays at the net.mp4,32.68,44.32195281982422,204,2,"[2, 6, 9, 14]"
410,VideoCrafter/A thin pancake is spread with butter and maple syrup.mp4,54.27,42.809993743896484,205,2,"[2, 6, 9, 14]"
411,VideoCrafter/A water skier created splashes on the lake.mp4,48.78,42.08692932128906,205,2,"[2, 6, 9, 14]"
412,"VideoCrafter/A waterfall cascades gracefully, resembling a silver thread.mp4",58.05,41.83696746826172,206,2,"[2, 6, 9, 14]"
413,VideoCrafter/A wheat field sways gracefully in the gentle breeze.mp4,54.33,54.67826843261719,206,2,"[2, 6, 9, 14]"
414,VideoCrafter/A white orchid grows in a potted plant.mp4,52.81,58.522499084472656,207,2,"[2, 6, 9, 14]"
415,"VideoCrafter/A writer sits at a desk, crafting a new novel.mp4",47.35,47.681800842285156,207,2,"[2, 6, 9, 14]"
416,VideoCrafter/An adorable little cat is napping on the windowsill.mp4,36.65,45.229881286621094,208,2,"[2, 6, 9, 14]"
417,VideoCrafter/An ancient church is a landmark in the village.mp4,42.64,45.3223876953125,208,2,"[2, 6, 9, 14]"
418,VideoCrafter/An explorer searches for adventure in the forest.mp4,40.9,47.07574462890625,209,2,"[2, 6, 9, 14]"
419,VideoCrafter/An orchid blooms with deep purple flowers.mp4,53.02,61.58503723144531,209,2,"[2, 6, 9, 14]"
420,"VideoCrafter/Blue skies and fluffy clouds, ever-changing shapes like poetry.mp4",64.84,42.56475830078125,210,2,"[2, 6, 9, 14]"
421,VideoCrafter/Cherry trees in the orchard are filled with red fruit.mp4,63.64,46.53865051269531,210,2,"[2, 6, 9, 14]"
422,VideoCrafter/Children dig sandcastles on the beach.mp4,45.41,44.095123291015625,211,2,"[2, 6, 9, 14]"
423,VideoCrafter/Crocodiles swim leisurely in the lake.mp4,36.89,40.219566345214844,211,2,"[2, 6, 9, 14]"
424,VideoCrafter/Great white sharks swim majestically in the depths of the ocean.mp4,42.31,38.532203674316406,212,2,"[2, 6, 9, 14]"
425,"VideoCrafter/In a rugby match, players vied for possession of the rugby ball.mp4",35.41,43.24183654785156,212,2,"[2, 6, 9, 14]"
426,"VideoCrafter/In front of a farmhouse, there is a swing.mp4",51.76,45.057861328125,213,2,"[2, 6, 9, 14]"
427,VideoCrafter/Military aircraft are neatly lined up on the military base.mp4,43.58,45.529869079589844,213,2,"[2, 6, 9, 14]"
428,VideoCrafter/Parents pick up students at the bus stop.mp4,36.92,46.10837936401367,214,2,"[2, 6, 9, 14]"
429,VideoCrafter/People sunbathe on the lawn.mp4,50.05,49.76508712768555,214,2,"[2, 6, 9, 14]"
430,VideoCrafter/People taking a leisurely walk admire the lake view.mp4,51.53,49.30690002441406,215,2,"[2, 6, 9, 14]"
431,"VideoCrafter/Plateaus surrounding lakes, embraced by peaceful and harmonious mountains.mp4",63.68,40.92693328857422,215,2,"[2, 6, 9, 14]"
432,VideoCrafter/Purple lavender grows in the field.mp4,59.7,51.7689208984375,216,2,"[2, 6, 9, 14]"
433,VideoCrafter/Sharks dart through the water.mp4,39.57,43.25639724731445,216,2,"[2, 6, 9, 14]"
434,VideoCrafter/Soldiers are setting up tents in the camp.mp4,44.79,49.289207458496094,217,2,"[2, 6, 9, 14]"
435,VideoCrafter/Students and teachers discuss topics in the classroom.mp4,39.47,47.500816345214844,217,2,"[2, 6, 9, 14]"
436,VideoCrafter/Students create exquisite artwork in art class.mp4,51.49,38.358455657958984,218,2,"[2, 6, 9, 14]"
437,VideoCrafter/Students enjoy tasty sandwiches in the cafeteria.mp4,51.55,47.07442855834961,218,2,"[2, 6, 9, 14]"
438,"VideoCrafter/Students enjoy their time on campus, full of youthful energy.mp4",36.39,41.035430908203125,219,2,"[2, 6, 9, 14]"
439,"VideoCrafter/Students line up in the cafeteria, waiting for lunch.mp4",36.81,50.700294494628906,219,2,"[2, 6, 9, 14]"
440,VideoCrafter/Students participate in celebration ceremonies in the school courtyard.mp4,39.42,41.244693756103516,220,2,"[2, 6, 9, 14]"
441,VideoCrafter/Students program in the computer lab.mp4,42.33,43.14468765258789,220,2,"[2, 6, 9, 14]"
442,VideoCrafter/Students savor delicious soups in the cafeteria.mp4,48.24,43.96784210205078,221,2,"[2, 6, 9, 14]"
443,VideoCrafter/Sunflowers stand tall in a field.mp4,61.3,56.35930633544922,221,2,"[2, 6, 9, 14]"
444,VideoCrafter/Sunlight is streaming through the leaves onto the grass.mp4,62.05,48.25634002685547,222,2,"[2, 6, 9, 14]"
445,VideoCrafter/Swallows soar in the air.mp4,40.95,44.77143859863281,222,2,"[2, 6, 9, 14]"
446,VideoCrafter/Teenage skateboarders perform tricks by the pond.mp4,40.69,46.82471466064453,223,2,"[2, 6, 9, 14]"
447,"VideoCrafter/The campus has colorful gardens, full of vitality.mp4",48.27,41.99138641357422,223,2,"[2, 6, 9, 14]"
448,VideoCrafter/The commander is strategizing in front of a map.mp4,48.72,45.034698486328125,224,2,"[2, 6, 9, 14]"
449,VideoCrafter/The crickets chirped merrily in the summer night.mp4,57.33,50.46392059326172,224,2,"[2, 6, 9, 14]"
450,VideoCrafter/The leaves of a purple-leaf plum tree turn deep purple.mp4,58.43,49.89702606201172,225,2,"[2, 6, 9, 14]"
451,VideoCrafter/The lion roars majestically on the grassland.mp4,49.01,47.40293884277344,225,2,"[2, 6, 9, 14]"
452,VideoCrafter/The parrot chirped in the treetops.mp4,48.7,51.686676025390625,226,2,"[2, 6, 9, 14]"
453,VideoCrafter/The roof of a farmhouse is covered in moss.mp4,58.75,48.66752624511719,226,2,"[2, 6, 9, 14]"
454,VideoCrafter/The rural stream serves as the water source for villagers.mp4,54.42,51.15150451660156,227,2,"[2, 6, 9, 14]"
455,VideoCrafter/The school auditorium is decorated with festive decorations.mp4,51.66,45.85716247558594,227,2,"[2, 6, 9, 14]"
456,VideoCrafter/The seahorse swayed slowly on the sea floor.mp4,47.64,42.96996307373047,228,2,"[2, 6, 9, 14]"
457,VideoCrafter/There are boats on the park lake.mp4,51.3,48.1687126159668,228,2,"[2, 6, 9, 14]"
458,VideoCrafter/There's a drum and guitar in the music classroom.mp4,55.47,54.08192443847656,229,2,"[2, 6, 9, 14]"
459,"VideoCrafter/Unique desert landscapes, with dunes sculpted by the wind.mp4",52.7,50.30900573730469,229,2,"[2, 6, 9, 14]"
460,VideoCrafter/Various fruit trees grow in the countryside.mp4,52.72,47.81315994262695,230,2,"[2, 6, 9, 14]"
461,VideoCrafter/Vendors at the market display fresh fruits and vegetables.mp4,55.33,44.484466552734375,230,2,"[2, 6, 9, 14]"
462,VideoCrafter/Visitors get information at the park's visitor center.mp4,54.27,48.75825500488281,231,2,"[2, 6, 9, 14]"
463,"VideoCrafter/Wandering through a forest path, surrounded by emerald greenery.mp4",55.82,47.04151153564453,231,2,"[2, 6, 9, 14]"
464,"VideoCrafter/Willow trees by the river, swaying gently in the calming breeze.mp4",67.88,50.69868469238281,232,2,"[2, 6, 9, 14]"
465,"video_fusion/A baseball player swung the bat, preparing for a home run.mp4",50.19,51.41780090332031,232,2,"[2, 6, 9, 14]"
466,video_fusion/A bowl of hot soup is especially delicious on a cold winter day.mp4,44.82,45.74191665649414,233,2,"[2, 6, 9, 14]"
467,video_fusion/A bowl of ramen has delicious pork and seaweed.mp4,62.42,56.38742446899414,233,2,"[2, 6, 9, 14]"
468,video_fusion/A bowl of rich French onion soup emanates an enticing aroma.mp4,61.56,62.277278900146484,234,2,"[2, 6, 9, 14]"
469,video_fusion/A bowl of spicy Mexican chili is very delicious.mp4,63.59,58.66623306274414,234,2,"[2, 6, 9, 14]"
470,video_fusion/A butterfly gracefully dances among the flowers.mp4,55.32,47.90680694580078,235,2,"[2, 6, 9, 14]"
471,video_fusion/A cactus thrives in the harsh desert.mp4,58.16,63.536922454833984,235,2,"[2, 6, 9, 14]"
472,"video_fusion/A couple walks hand in hand on the beach, listening to the sound of the waves.mp4",62.61,44.246360778808594,236,2,"[2, 6, 9, 14]"
473,video_fusion/A cup of hot chocolate is fragrant.mp4,60.9,44.02555847167969,236,2,"[2, 6, 9, 14]"
474,video_fusion/A daffodil sways in the spring breeze.mp4,67.65,47.5256462097168,237,2,"[2, 6, 9, 14]"
475,video_fusion/A designer creates fashionable clothing designs.mp4,48.78,50.45505142211914,237,2,"[2, 6, 9, 14]"
476,video_fusion/A diver is exploring the underwater world under the coral reef.mp4,66.25,53.007469177246094,238,2,"[2, 6, 9, 14]"
477,video_fusion/A doctor cares for patients in the hospital.mp4,69.19,54.621498107910156,238,2,"[2, 6, 9, 14]"
478,video_fusion/A doctor is carefully examining a patient's body.mp4,51.6,53.11600875854492,239,2,"[2, 6, 9, 14]"
479,video_fusion/A family goes to the movies on the weekend.mp4,44.73,54.351417541503906,239,2,"[2, 6, 9, 14]"
480,video_fusion/A field of dandelions lines the side of a rural road.mp4,60.82,58.79439163208008,240,2,"[2, 6, 9, 14]"
481,video_fusion/A golden field of wheat sways gently in the breeze.mp4,65.28,57.8403205871582,240,2,"[2, 6, 9, 14]"
482,video_fusion/A group of villagers wash clothes by the stream.mp4,63.58,47.59312438964844,241,2,"[2, 6, 9, 14]"
483,video_fusion/A hippo leisurely floats in the water.mp4,63.62,48.20880126953125,241,2,"[2, 6, 9, 14]"
484,video_fusion/A kangaroo jumps across the Australian desert.mp4,42.0,48.97090148925781,242,2,"[2, 6, 9, 14]"
485,video_fusion/A lotus leaf floats on a serene pond.mp4,67.95,57.739234924316406,242,2,"[2, 6, 9, 14]"
486,video_fusion/A milkshake is garnished with fresh strawberries and cream.mp4,59.58,63.66071701049805,243,2,"[2, 6, 9, 14]"
487,video_fusion/A painter showcases their art on an outdoor gallery.mp4,48.77,57.53184509277344,243,2,"[2, 6, 9, 14]"
488,video_fusion/A peony blooms with snow-white petals.mp4,55.32,54.79746627807617,244,2,"[2, 6, 9, 14]"
489,video_fusion/A pet owner walks their dog in the park.mp4,58.2,47.602813720703125,244,2,"[2, 6, 9, 14]"
490,video_fusion/A photographer captures the neon lights of the city.mp4,44.67,55.36675262451172,245,2,"[2, 6, 9, 14]"
491,video_fusion/A piece of French bread is spread with butter.mp4,66.37,60.99855041503906,245,2,"[2, 6, 9, 14]"
492,video_fusion/A piece of cheesecake is covered with blueberry sauce.mp4,61.06,43.2593994140625,246,2,"[2, 6, 9, 14]"
493,video_fusion/A pizza is topped with Italian sausage and mushrooms.mp4,68.16,50.02139663696289,246,2,"[2, 6, 9, 14]"
494,video_fusion/A purple bellflower opens in the sunlight.mp4,59.76,55.60730743408203,247,2,"[2, 6, 9, 14]"
495,video_fusion/A roasted cod fish is garnished with fresh herbs.mp4,61.09,46.66352081298828,247,2,"[2, 6, 9, 14]"
496,video_fusion/A roasted salmon is presented on a plate.mp4,74.61,44.33830261230469,248,2,"[2, 6, 9, 14]"
497,video_fusion/A salad is sprinkled with nuts and fruits.mp4,70.34,54.024452209472656,248,2,"[2, 6, 9, 14]"
498,video_fusion/A sausage is grilled slightly crispy on the barbecue.mp4,62.19,48.84304428100586,249,2,"[2, 6, 9, 14]"
499,video_fusion/A skier enjoys the thrill of skiing on a snowy mountain.mp4,52.57,40.193626403808594,249,2,"[2, 6, 9, 14]"
500,video_fusion/A slice of French chocolate mousse cake brings sweet delight.mp4,66.38,47.95418930053711,250,2,"[2, 6, 9, 14]"
501,video_fusion/A tennis player elegantly slid on the grass court.mp4,47.3,47.54518127441406,250,2,"[2, 6, 9, 14]"
502,video_fusion/A tennis player made spectacular plays at the net.mp4,50.29,46.52074432373047,251,2,"[2, 6, 9, 14]"
503,video_fusion/A thin pancake is spread with butter and maple syrup.mp4,52.88,45.22345733642578,251,2,"[2, 6, 9, 14]"
504,video_fusion/A water skier created splashes on the lake.mp4,45.91,41.36975860595703,252,2,"[2, 6, 9, 14]"
505,"video_fusion/A waterfall cascades gracefully, resembling a silver thread.mp4",51.08,56.871681213378906,252,2,"[2, 6, 9, 14]"
506,video_fusion/A wheat field sways gracefully in the gentle breeze.mp4,54.25,56.359161376953125,253,2,"[2, 6, 9, 14]"
507,video_fusion/A white orchid grows in a potted plant.mp4,66.11,63.985923767089844,253,2,"[2, 6, 9, 14]"
508,"video_fusion/A writer sits at a desk, crafting a new novel.mp4",56.86,54.07292938232422,254,2,"[2, 6, 9, 14]"
509,video_fusion/An adorable little cat is napping on the windowsill.mp4,66.19,57.29425811767578,254,2,"[2, 6, 9, 14]"
510,video_fusion/An ancient church is a landmark in the village.mp4,70.48,51.06199645996094,255,2,"[2, 6, 9, 14]"
511,video_fusion/An explorer searches for adventure in the forest.mp4,54.26,46.852203369140625,255,2,"[2, 6, 9, 14]"
512,video_fusion/An orchid blooms with deep purple flowers.mp4,55.82,56.80859375,256,2,"[2, 6, 9, 14]"
513,"video_fusion/Blue skies and fluffy clouds, ever-changing shapes like poetry.mp4",62.43,45.42647933959961,256,2,"[2, 6, 9, 14]"
514,video_fusion/Cherry trees in the orchard are filled with red fruit.mp4,58.31,60.26722717285156,257,2,"[2, 6, 9, 14]"
515,video_fusion/Children dig sandcastles on the beach.mp4,62.59,51.83993911743164,257,2,"[2, 6, 9, 14]"
516,video_fusion/Crocodiles swim leisurely in the lake.mp4,67.76,47.26921081542969,258,2,"[2, 6, 9, 14]"
517,video_fusion/Great white sharks swim majestically in the depths of the ocean.mp4,54.26,42.376930236816406,258,2,"[2, 6, 9, 14]"
518,"video_fusion/In a rugby match, players vied for possession of the rugby ball.mp4",58.36,42.985015869140625,259,2,"[2, 6, 9, 14]"
519,"video_fusion/In front of a farmhouse, there is a swing.mp4",66.15,57.59389114379883,259,2,"[2, 6, 9, 14]"
520,video_fusion/Military aircraft are neatly lined up on the military base.mp4,59.27,50.75157165527344,260,2,"[2, 6, 9, 14]"
521,video_fusion/Parents pick up students at the bus stop.mp4,58.34,46.04401779174805,260,2,"[2, 6, 9, 14]"
522,video_fusion/People sunbathe on the lawn.mp4,48.82,54.316436767578125,261,2,"[2, 6, 9, 14]"
523,video_fusion/People taking a leisurely walk admire the lake view.mp4,59.45,59.183082580566406,261,2,"[2, 6, 9, 14]"
524,"video_fusion/Plateaus surrounding lakes, embraced by peaceful and harmonious mountains.mp4",52.55,48.77347946166992,262,2,"[2, 6, 9, 14]"
525,video_fusion/Purple lavender grows in the field.mp4,56.98,54.889427185058594,262,2,"[2, 6, 9, 14]"
526,video_fusion/Sharks dart through the water.mp4,47.62,51.13115692138672,263,2,"[2, 6, 9, 14]"
527,video_fusion/Soldiers are setting up tents in the camp.mp4,55.48,49.90017318725586,263,2,"[2, 6, 9, 14]"
528,video_fusion/Students and teachers discuss topics in the classroom.mp4,56.82,48.0201416015625,264,2,"[2, 6, 9, 14]"
529,video_fusion/Students create exquisite artwork in art class.mp4,60.97,51.26900863647461,264,2,"[2, 6, 9, 14]"
530,video_fusion/Students enjoy tasty sandwiches in the cafeteria.mp4,42.2,48.05342102050781,265,2,"[2, 6, 9, 14]"
531,"video_fusion/Students enjoy their time on campus, full of youthful energy.mp4",44.74,51.54350280761719,265,2,"[2, 6, 9, 14]"
532,"video_fusion/Students line up in the cafeteria, waiting for lunch.mp4",62.17,52.16694641113281,266,2,"[2, 6, 9, 14]"
533,video_fusion/Students participate in celebration ceremonies in the school courtyard.mp4,69.25,45.058799743652344,266,2,"[2, 6, 9, 14]"
534,video_fusion/Students program in the computer lab.mp4,56.78,55.166053771972656,267,2,"[2, 6, 9, 14]"
535,video_fusion/Students savor delicious soups in the cafeteria.mp4,47.6,45.76219940185547,267,2,"[2, 6, 9, 14]"
536,video_fusion/Sunflowers stand tall in a field.mp4,56.69,61.97203826904297,268,2,"[2, 6, 9, 14]"
537,video_fusion/Sunlight is streaming through the leaves onto the grass.mp4,55.63,59.518798828125,268,2,"[2, 6, 9, 14]"
538,video_fusion/Swallows soar in the air.mp4,60.76,54.81983947753906,269,2,"[2, 6, 9, 14]"
539,video_fusion/Teenage skateboarders perform tricks by the pond.mp4,42.21,43.47683334350586,269,2,"[2, 6, 9, 14]"
540,"video_fusion/The campus has colorful gardens, full of vitality.mp4",61.21,45.82939147949219,270,2,"[2, 6, 9, 14]"
541,video_fusion/The commander is strategizing in front of a map.mp4,45.95,44.240108489990234,270,2,"[2, 6, 9, 14]"
542,video_fusion/The crickets chirped merrily in the summer night.mp4,52.78,54.048484802246094,271,2,"[2, 6, 9, 14]"
543,video_fusion/The leaves of a purple-leaf plum tree turn deep purple.mp4,57.54,54.2998161315918,271,2,"[2, 6, 9, 14]"
544,video_fusion/The lion roars majestically on the grassland.mp4,57.25,45.28870391845703,272,2,"[2, 6, 9, 14]"
545,video_fusion/The parrot chirped in the treetops.mp4,61.13,55.36980056762695,272,2,"[2, 6, 9, 14]"
546,video_fusion/The roof of a farmhouse is covered in moss.mp4,65.0,60.54341506958008,273,2,"[2, 6, 9, 14]"
547,video_fusion/The rural stream serves as the water source for villagers.mp4,60.04,54.42975616455078,273,2,"[2, 6, 9, 14]"
548,video_fusion/The school auditorium is decorated with festive decorations.mp4,53.0,45.70631790161133,274,2,"[2, 6, 9, 14]"
549,video_fusion/The seahorse swayed slowly on the sea floor.mp4,51.42,45.35086441040039,274,2,"[2, 6, 9, 14]"
550,video_fusion/There are boats on the park lake.mp4,54.2,48.19856262207031,275,2,"[2, 6, 9, 14]"
551,video_fusion/There's a drum and guitar in the music classroom.mp4,56.4,61.404884338378906,275,2,"[2, 6, 9, 14]"
552,"video_fusion/Unique desert landscapes, with dunes sculpted by the wind.mp4",70.58,60.3618278503418,276,2,"[2, 6, 9, 14]"
553,video_fusion/Various fruit trees grow in the countryside.mp4,59.38,58.22831726074219,276,2,"[2, 6, 9, 14]"
554,video_fusion/Vendors at the market display fresh fruits and vegetables.mp4,60.71,44.027740478515625,277,2,"[2, 6, 9, 14]"
555,video_fusion/Visitors get information at the park's visitor center.mp4,48.62,58.23512649536133,277,2,"[2, 6, 9, 14]"
556,"video_fusion/Wandering through a forest path, surrounded by emerald greenery.mp4",60.78,47.99591827392578,278,2,"[2, 6, 9, 14]"
557,"video_fusion/Willow trees by the river, swaying gently in the calming breeze.mp4",56.85,52.69019317626953,278,2,"[2, 6, 9, 14]"
