epoch,training_phase,learning_rate_optical,learning_rate_phase,learning_rate_router,learning_rate_recombiner,learning_rate_head,train_loss,train_segmentation_loss,train_bce,train_dice_loss,train_soft_iou_loss,train_boundary_loss,train_router_balance,train_router_importance,train_ccd_operating,train_mean_iou,train_mean_dice,train_mae,train_pixel_accuracy,train_sensitivity,train_specificity,test_loss,test_mean_iou,test_mean_dice,test_mae,test_pixel_accuracy,test_sensitivity,test_specificity,alpha,epoch_time_sec
1,joint_end_to_end,0.0001,0.0001,5e-05,5e-05,0.0003,1.663575488196479,1.631232885254754,0.4187016387780507,0.49247348056899176,0.6415014719963074,0.9557266571786669,1.325959071053399,0.4448655774858263,1.617130479812622,0.5976052638215738,0.7164827062417236,0.3067475162774257,0.8524245544571996,0.7169945389697321,0.9077450673600944,0.0,0.0,0.0,0.0,0.0,0.0,0.0,0.0,170.22358499467373
2,joint_end_to_end,0.0001,0.0001,5e-05,5e-05,0.0003,1.39762434747484,1.3738793987698026,0.32893275684780543,0.39964543925391305,0.5505630437533061,0.9295156852404276,1.8154718637466432,2.003939264085558,1.187247299618191,0.670646370107101,0.7793768128256003,0.21948577958710339,0.8852053881448413,0.7435843386302956,0.9429167907680305,0.0,0.0,0.0,0.0,0.0,0.0,0.0,0.0,47.65530902892351
3,joint_end_to_end,0.0001,0.0001,5e-05,5e-05,0.0003,1.2316708061430188,1.209468593067593,0.28411840425597296,0.3365444139639537,0.48288105249404906,0.9065799366103279,1.9177521149317422,2.526987681918674,1.1101107279459634,0.7088766702595685,0.8107079687962929,0.17190758988430171,0.899914168792517,0.7569541820598661,0.9579292604825927,0.0,0.0,0.0,0.0,0.0,0.0,0.0,0.0,100.93769036233425
4,joint_end_to_end,0.0001,0.0001,5e-05,5e-05,0.0003,1.1100928921169704,1.0884366210301717,0.25928869280550215,0.2869383880827162,0.4260971278614468,0.8905467891693115,1.9515736484527588,2.7163324228922527,1.082813491821289,0.7317779850256112,0.8289716607001093,0.14156506847632444,0.9083983046343538,0.7646034606877955,0.9669240062698214,0.0,0.0,0.0,0.0,0.0,0.0,0.0,0.0,46.79569996893406
5,joint_end_to_end,0.0001,0.0001,5e-05,5e-05,0.0003,1.0273315848244562,1.0059452480740017,0.24288188563452826,0.253461351858245,0.3850730901294284,0.8831887992223104,1.9665654124153984,2.8025482506222197,1.0693167803022596,0.7440844756045973,0.8384831839138254,0.12376302688840836,0.9141554173752835,0.7800499466026858,0.9688109554903438,0.0,0.0,0.0,0.0,0.0,0.0,0.0,0.0,43.41229506582022
6,joint_end_to_end,0.0001,0.0001,5e-05,5e-05,0.0003,0.9560992974705166,0.9348330060640971,0.23067152433925206,0.2247407113843494,0.34886056383450825,0.8711013754208883,1.9757215224372016,2.8559704621632895,1.063314438925849,0.7576613568059273,0.848482954957419,0.11063750083214031,0.9184661546910431,0.7870622165140996,0.9719878688101784,0.0,0.0,0.0,0.0,0.0,0.0,0.0,0.0,48.05275674164295
7,joint_end_to_end,0.0001,0.0001,5e-05,5e-05,0.0003,0.8861275662316216,0.8649897760815091,0.21195000529289246,0.20042972140842014,0.3170812092887031,0.8591965881983439,1.9814915551079644,2.889799771838718,1.0568896828757393,0.7729402036933849,0.8597739927574164,0.09924382830423022,0.9247639420351474,0.8032644741559596,0.9742971073319927,0.0,0.0,0.0,0.0,0.0,0.0,0.0,0.0,47.984973073005676
8,joint_end_to_end,0.0001,0.0001,5e-05,5e-05,0.0003,0.8334159790145026,0.8123827746179368,0.1922953976194064,0.18450984723038144,0.29643399397532144,0.8530081330405341,1.9853589736090766,2.9126793013678656,1.0516602860556707,0.7827988909019364,0.867822535617484,0.09148181867707614,0.9298750841482426,0.8190959901929654,0.9751028898535556,0.0,0.0,0.0,0.0,0.0,0.0,0.0,0.0,47.51961210370064
9,joint_end_to_end,0.0001,0.0001,5e-05,5e-05,0.0003,0.8006150849660237,0.7796397556198967,0.18788164963324866,0.171554830537902,0.27819986038737826,0.846213525666131,1.9881350649727716,2.9291616778903538,1.0487663698196412,0.7895906555021389,0.8725238675396475,0.08535979033057112,0.9339004482001134,0.8363609061617866,0.9736122530815909,0.0,0.0,0.0,0.0,0.0,0.0,0.0,0.0,50.96152600646019
10,joint_end_to_end,0.0001,0.0001,5e-05,5e-05,0.0003,0.7545192208555009,0.7335733919673496,0.172064239581426,0.15778971738285488,0.25961935804949865,0.8360196606318155,1.990166901482476,2.9412528059217666,1.0472913932800294,0.8001037687063217,0.8807097993956672,0.080173405216935,0.9378781356292517,0.8545753931386181,0.9717654331648731,0.0,0.0,0.0,0.0,0.0,0.0,0.0,0.0,51.4507110118866
11,joint_end_to_end,0.0001,0.0001,5e-05,5e-05,0.0003,0.7437164431148106,0.7228054218822055,0.1729108731283082,0.1523713250954946,0.2512492288483514,0.8363452010684543,1.9916280253728231,2.94993196911282,1.0455510457356771,0.7988213622880479,0.8797665094170305,0.07738499459766206,0.938191299957483,0.859925660645543,0.9700857729785072,0.0,0.0,0.0,0.0,0.0,0.0,0.0,0.0,53.89884512871504
12,joint_end_to_end,0.0001,0.0001,5e-05,5e-05,0.0003,0.7150696296162076,0.6941792747709487,0.1649433665805393,0.1431402368677987,0.23857259896066454,0.8286648911899991,1.9927919822269016,2.9568877103593616,1.0445178084903293,0.807289465053214,0.8859018207755354,0.07304633337353904,0.9417189492984694,0.87274978218876,0.9697305582725279,0.0,0.0,0.0,0.0,0.0,0.0,0.0,0.0,52.17321938276291
13,joint_end_to_end,0.0001,0.0001,5e-05,5e-05,0.0003,0.6982168534066941,0.6773379544417063,0.16390417148669562,0.13635740796724954,0.22850104835298327,0.8228023597929213,1.9938431962331136,2.963146210776435,1.0439448695712619,0.8125122398634752,0.8893614933639765,0.07052619838930853,0.9427399553571428,0.8738550276048873,0.9707751074920633,0.0,0.0,0.0,0.0,0.0,0.0,0.0,0.0,48.19118823856115
14,joint_end_to_end,0.0001,0.0001,5e-05,5e-05,0.0003,0.6803283190727234,0.659483659002516,0.15916870249642265,0.13065426958931817,0.2205450117588043,0.8170077191458808,1.9946686188379923,2.968067350387573,1.0422330209943984,0.8172361779047383,0.8927317464682791,0.06802940524354273,0.944092970521542,0.8791956450904427,0.9704677524420229,0.0,0.0,0.0,0.0,0.0,0.0,0.0,0.0,49.99323345720768
15,joint_end_to_end,0.0001,0.0001,5e-05,5e-05,0.0003,0.6742502191331652,0.6533860874176025,0.1568189345465766,0.12858504196008047,0.2177675109439426,0.8186258933279249,1.9952779632144504,2.971711575190226,1.0432067584991456,0.8175144251353211,0.8934003265367614,0.0658010867934108,0.9459571198270975,0.880803033479938,0.9724752310947653,0.0,0.0,0.0,0.0,0.0,0.0,0.0,0.0,72.34940031170845
16,joint_end_to_end,0.0001,0.0001,5e-05,5e-05,0.0003,0.6630612042215135,0.6422324217690362,0.15436569131082958,0.12521804637379116,0.21272623247570463,0.8124160549375746,1.9957510444853042,2.97454266972012,1.0414392365349663,0.8206140338215563,0.8953209549850888,0.06532420967171251,0.9459721336451247,0.8843776512679292,0.9710836916694369,0.0,0.0,0.0,0.0,0.0,0.0,0.0,0.0,49.80549030005932
17,joint_end_to_end,0.0001,0.0001,5e-05,5e-05,0.0003,0.6604645276069641,0.6396987454096477,0.15605799158414205,0.12319698890050253,0.20965025577280255,0.8128242860900031,1.9962235630883112,2.977367023891873,1.0382890918519763,0.8209657758888271,0.8954750236041016,0.06465214952049342,0.9458767582553855,0.8850781901216165,0.9707189322872989,0.0,0.0,0.0,0.0,0.0,0.0,0.0,0.0,47.31497386097908
18,joint_end_to_end,0.0001,0.0001,5e-05,5e-05,0.0003,0.6504610029856364,0.6297038801511129,0.15208915690581004,0.12136391507254707,0.2064491275946299,0.805655854013231,1.9966537210676405,2.9799431980980766,1.0378562953737047,0.8248651159637505,0.8977919663406081,0.06423579030026114,0.9467584768282313,0.8846287893476935,0.9721178895002188,0.0,0.0,0.0,0.0,0.0,0.0,0.0,0.0,54.07465746253729
19,joint_end_to_end,0.0001,0.0001,5e-05,5e-05,0.0003,0.6501168751716614,0.6293181665738423,0.1539210307929251,0.11998695525858137,0.2048010743326611,0.8072374934620328,1.9969763538572523,2.9818700652652317,1.0399354865815904,0.824967815892564,0.8983341175980039,0.06340303875151135,0.9468013038548753,0.8861627394055571,0.9714860522301311,0.0,0.0,0.0,0.0,0.0,0.0,0.0,0.0,50.181360602378845
20,joint_end_to_end,0.0001,0.0001,5e-05,5e-05,0.0003,0.631533739036984,0.6107859847280714,0.1455036508374744,0.11591622266504499,0.19905746459960938,0.8002920632892184,1.9972823757595486,2.9837060981326635,1.0373878033955892,0.8301497076534563,0.9017716970874203,0.061083519128985415,0.9493823740433673,0.8899390270496593,0.973591966375361,0.0,0.0,0.0,0.0,0.0,0.0,0.0,0.0,50.6040648445487
21,joint_end_to_end,0.0001,0.0001,5e-05,5e-05,0.0003,0.6270703476005131,0.6063433186213175,0.14521706355114777,0.11382083694140116,0.19617691907617782,0.80069091796875,1.997567613919576,2.9854127015007865,1.0363514963785807,0.8311911977330844,0.9027335232992967,0.06007805924837281,0.9496928810586734,0.8933240921721695,0.9726645393884544,0.0,0.0,0.0,0.0,0.0,0.0,0.0,0.0,51.89063296467066
22,joint_end_to_end,0.0001,0.0001,5e-05,5e-05,0.0003,0.6387637289365132,0.6179994661278195,0.1487448267473115,0.11791920297675662,0.20117060356669955,0.8018299274974399,1.9977769523196751,2.986667743259006,1.038213120566474,0.8260990138558878,0.8987022258092959,0.06226094410262681,0.947482351013322,0.8914403106692912,0.970259250166287,0.0,0.0,0.0,0.0,0.0,0.0,0.0,0.0,45.359634682536125
23,joint_end_to_end,0.0001,0.0001,5e-05,5e-05,0.0003,0.6157527520921495,0.5950412244266934,0.1406119508544604,0.11139008674356672,0.19225976056522792,0.7953774658838908,1.9979681926303439,2.987811337576972,1.0355764187706842,0.8345259678198231,0.9048509917656581,0.05863330704825265,0.9510562375992063,0.8967393790394574,0.9731351723566142,0.0,0.0,0.0,0.0,0.0,0.0,0.0,0.0,52.34956470131874
24,joint_end_to_end,0.0001,0.0001,5e-05,5e-05,0.0003,0.6033169298701816,0.5826166952980889,0.13522803717189366,0.10811511801348792,0.18798169553279875,0.7931490794817606,1.998159154786004,2.9889574993981256,1.035011870596144,0.8373947373860412,0.9071202092038261,0.056602216339976336,0.9529300639526644,0.8999946805844009,0.9744804911841518,0.0,0.0,0.0,0.0,0.0,0.0,0.0,0.0,48.09985799342394
25,joint_end_to_end,0.0001,0.0001,5e-05,5e-05,0.0003,0.6167855490578545,0.5960476104418436,0.14314136892557144,0.11090286884042952,0.1910879295402103,0.7947497010231018,1.998319386376275,2.9899164305792914,1.0368970129224988,0.833424318747388,0.9038603762785594,0.05808405054399486,0.9509599985827665,0.8978485891146676,0.9725658277237607,0.0,0.0,0.0,0.0,0.0,0.0,0.0,0.0,65.55340049415827
26,joint_end_to_end,0.0001,0.0001,5e-05,5e-05,0.0003,0.6199246006541782,0.5992042824957106,0.14470723807811736,0.11155085013972388,0.19204057229889765,0.7956630510754056,1.9984276045693292,2.9905667803022595,1.0360159248775906,0.831817014300161,0.902784124414126,0.058870406659011665,0.949767330109127,0.8944628261366198,0.9722314428402299,0.0,0.0,0.0,0.0,0.0,0.0,0.0,0.0,63.88432867825031
27,joint_end_to_end,0.0001,0.0001,5e-05,5e-05,0.0003,0.6029416155815125,0.5822446084022522,0.13588195777601667,0.10806575470500522,0.18742322484652202,0.790917903052436,1.998547725147671,2.991287761264377,1.0348504299587673,0.8366510713928276,0.9064139240317874,0.05691683935740637,0.9523097806831066,0.9017393223846071,0.9729268270710283,0.0,0.0,0.0,0.0,0.0,0.0,0.0,0.0,62.57407261431217
28,joint_end_to_end,0.0001,0.0001,5e-05,5e-05,0.0003,0.6180858818689982,0.5973638730578953,0.14524207221137153,0.11102793349160088,0.19031533261140188,0.7934294729762608,1.9986783075332641,2.992068421045939,1.036100549697876,0.8322748735381498,0.902634072833591,0.058225740867407144,0.9499783650439343,0.896878804046202,0.9715490385849006,0.0,0.0,0.0,0.0,0.0,0.0,0.0,0.0,63.55686942487955
29,joint_end_to_end,0.0001,0.0001,5e-05,5e-05,0.0003,0.6102310585975647,0.5895227866702609,0.13848632709847555,0.11002355655034383,0.18991026441256206,0.7943208175235325,1.9987716054916382,2.992627731959025,1.0354136668311225,0.8347066454589367,0.9047410124540329,0.05800323263587865,0.9515572296626984,0.9011577141212448,0.9721176174690774,0.0,0.0,0.0,0.0,0.0,0.0,0.0,0.0,49.96013301610947
30,joint_end_to_end,0.0001,0.0001,5e-05,5e-05,0.0003,0.598386521604326,0.5777053178681267,0.13511738909615412,0.10660655988587274,0.18469034751256308,0.7898544327418009,1.9988703287972345,2.99322247505188,1.0340602917141384,0.8384513433443176,0.907272013425827,0.05575946959238204,0.952854618409864,0.9018099663349419,0.9735937481607135,0.0,0.0,0.0,0.0,0.0,0.0,0.0,0.0,59.48333217203617
31,joint_end_to_end,0.0001,0.0001,5e-05,5e-05,0.0003,0.5973357862896389,0.5766434461540646,0.1368280389242702,0.1052937016884486,0.18316251787874432,0.7885992723041111,1.9989602973726062,2.9937602361043294,1.0346168920728895,0.8386257093896469,0.9076093940767977,0.05623537036567048,0.9523224029195011,0.9022886467536637,0.9727570247271969,0.0,0.0,0.0,0.0,0.0,0.0,0.0,0.0,61.275100864470005
32,joint_end_to_end,0.0001,0.0001,5e-05,5e-05,0.0003,0.5903465432590909,0.5696738355689579,0.13363621837562986,0.10374155455165439,0.18087796416547564,0.7865503634346857,1.9990354776382446,2.9942111937204996,1.0336355802747939,0.8415746308035321,0.9097101506259706,0.0551202043113795,0.9533176994756236,0.9018842015148784,0.9742644258761741,0.0,0.0,0.0,0.0,0.0,0.0,0.0,0.0,63.88915402442217
33,joint_end_to_end,0.0001,0.0001,5e-05,5e-05,0.0003,0.6049649747212728,0.5842833952109019,0.14145277463727526,0.10704443024264441,0.18506234678957198,0.7879577255249024,1.9991174242231582,2.994703051249186,1.0340790875752768,0.8371324025922351,0.9061838486956225,0.057702638167642956,0.9507706428925737,0.899519241329342,0.9716374803741111,0.0,0.0,0.0,0.0,0.0,0.0,0.0,0.0,63.11841767281294
34,joint_end_to_end,0.0001,0.0001,5e-05,5e-05,0.0003,0.5831151257620918,0.562430198457506,0.13121700531906552,0.10179511043760511,0.17798928611808354,0.7837044827143351,1.9991947656207614,2.9951670244004993,1.0342464235093858,0.8438309167491065,0.9110822930269771,0.05411299653604728,0.9542601819373583,0.9070151048625238,0.9734972975071703,0.0,0.0,0.0,0.0,0.0,0.0,0.0,0.0,104.85428034514189
35,joint_end_to_end,0.0001,0.0001,5e-05,5e-05,0.0003,0.5966243780983819,0.5759427460034688,0.13747264819012747,0.1053576636976666,0.1824807188908259,0.7850075862142775,1.9992501751581828,2.9954996140797934,1.0340815814336142,0.8390821171469158,0.9074803186456363,0.05607341433328295,0.9520899766156462,0.8997878698113095,0.9734112055697742,0.0,0.0,0.0,0.0,0.0,0.0,0.0,0.0,104.37009872496128
36,joint_end_to_end,0.0001,0.0001,5e-05,5e-05,0.0003,0.5964289270506965,0.5757665920257569,0.13706497304969364,0.10519770516289605,0.18255841003523932,0.7863404316372341,1.999300487836202,2.9958008607228597,1.0331167999903361,0.8409600060019228,0.9088203350040648,0.056324605920147194,0.9528680156958617,0.8999914142189411,0.9744009416931892,0.0,0.0,0.0,0.0,0.0,0.0,0.0,0.0,106.16374665498734
37,joint_end_to_end,0.0001,0.0001,5e-05,5e-05,0.0003,0.5821853137016296,0.5615363661448161,0.1298751049571567,0.10209289736217923,0.1782104903459549,0.7836419974433051,1.9993540779749552,2.9961238617367214,1.032447492811415,0.843540712594986,0.9108642349640529,0.053683369229980606,0.954752914186508,0.9062269216626009,0.9745288586908956,0.0,0.0,0.0,0.0,0.0,0.0,0.0,0.0,107.67555326223373
38,joint_end_to_end,0.0001,0.0001,5e-05,5e-05,0.0003,0.5818476690186395,0.561183267434438,0.13155672570069632,0.10149067130353716,0.1773176149527232,0.7805906499756707,1.9993902577294245,2.9963396369086372,1.0332201057010226,0.8435981907612747,0.9109923975997501,0.05367907677648289,0.9541350003543084,0.905902994249771,0.9737148912398569,0.0,0.0,0.0,0.0,0.0,0.0,0.0,0.0,78.87361145019531
39,joint_end_to_end,0.0001,0.0001,5e-05,5e-05,0.0003,0.5803166025214725,0.5596724784374237,0.13044874515798358,0.10121387057834201,0.1767977750963635,0.781646122402615,1.9994351996315851,2.9966089672512477,1.032206178241306,0.8445038682222367,0.9113930182324516,0.053399688802879146,0.9547671086663833,0.9060089898581166,0.9745861329283767,0.0,0.0,0.0,0.0,0.0,0.0,0.0,0.0,92.21410588920116
40,joint_end_to_end,0.0001,0.0001,5e-05,5e-05,0.0003,0.5866334883371989,0.5659802349408468,0.13384060055017472,0.10245029422971938,0.1786558093627294,0.7827899445427788,1.99947182920244,2.99682933277554,1.0326627699534099,0.8412040489415328,0.9093446426921421,0.05373538458428415,0.9539207323554422,0.9061221443398065,0.9733475168964457,0.0,0.0,0.0,0.0,0.0,0.0,0.0,0.0,73.92984456568956
41,joint_end_to_end,0.0001,0.0001,5e-05,5e-05,0.0003,0.576825880739424,0.5561571836471557,0.12856278873152202,0.10078431705633799,0.1759925060139762,0.7792627967728509,1.9995048401090834,2.997027053833008,1.0334348180558945,0.8453672040171093,0.9118392925129997,0.05309895519766948,0.9552423912273242,0.9076398667478016,0.9746031978426236,0.0,0.0,0.0,0.0,0.0,0.0,0.0,0.0,70.03670705854893
42,joint_end_to_end,0.0001,0.0001,5e-05,5e-05,0.0003,0.5833442568778991,0.562700953748491,0.13359293414486778,0.10138308730390337,0.17661022245883942,0.781069044801924,1.9995355118645561,2.9972092310587564,1.032165182961358,0.8435672081344657,0.9105514266755845,0.05360698943235436,0.954286577912415,0.9054084821811358,0.9741783224278147,0.0,0.0,0.0,0.0,0.0,0.0,0.0,0.0,68.01605445891619
43,joint_end_to_end,0.0001,0.0001,5e-05,5e-05,0.0003,0.5792451389630635,0.5585893270704482,0.13198074258036083,0.10022299038039313,0.17545808871587118,0.7791681165165372,1.9995655049218073,2.997390308380127,1.0327906894683838,0.8443810116416878,0.9115005118317074,0.053353292309508034,0.9542514128047053,0.904742651762017,0.9744848296624118,0.0,0.0,0.0,0.0,0.0,0.0,0.0,0.0,61.38902961462736
44,joint_end_to_end,0.0001,0.0001,5e-05,5e-05,0.0003,0.5823104478253258,0.5616664842764536,0.1312438439660602,0.10228383534484439,0.17776993539598254,0.7792454115549723,1.9995876365237766,2.9975234423743355,1.0321982447306315,0.8430614375819763,0.9101283503241009,0.05468572464659641,0.9535880146329365,0.905838381601342,0.9730504998945202,0.0,0.0,0.0,0.0,0.0,0.0,0.0,0.0,61.27486537396908
45,joint_end_to_end,0.0001,0.0001,5e-05,5e-05,0.0003,0.5842045654190912,0.5635479023721484,0.13216654347048865,0.1023262831237581,0.1781268456247118,0.7818397725952996,1.9996129253175523,2.99767558309767,1.0328332773844402,0.8427509161995517,0.9099640116757817,0.054145833110593074,0.9541114831349207,0.9052340762744597,0.9740352232743189,0.0,0.0,0.0,0.0,0.0,0.0,0.0,0.0,119.00608535856009
46,joint_end_to_end,0.0001,0.0001,5e-05,5e-05,0.0003,0.5716353766123454,0.5509738760524326,0.12854160972767406,0.09849096278349559,0.1727951752477222,0.7773796897464328,1.999637073940701,2.9978204504648844,1.033075074089898,0.8473334522214201,0.9133330198129018,0.05215508130131936,0.9558372971584467,0.9076225155589179,0.9755546809806308,0.0,0.0,0.0,0.0,0.0,0.0,0.0,0.0,102.91522736102343
47,joint_end_to_end,0.0001,0.0001,5e-05,5e-05,0.0003,0.572412027253045,0.5517870088418325,0.12870102796289656,0.09905491557386187,0.17319941222667695,0.7765260161293878,1.9996586730745103,2.997950775358412,1.0312509483761259,0.8466292667223347,0.9125611097448402,0.052347367853264146,0.9554588293650793,0.9083044856896374,0.9746548342799789,0.0,0.0,0.0,0.0,0.0,0.0,0.0,0.0,88.81880051642656
48,joint_end_to_end,0.0001,0.0001,5e-05,5e-05,0.0003,0.5695676028728485,0.5489327059851752,0.1269604824648963,0.09850240243805779,0.17277505669328902,0.7755541184213426,1.9996811649534438,2.9980855570899116,1.031744915644328,0.8479947608709335,0.9138752403855324,0.05200718269867151,0.9558399987599207,0.9074617516190887,0.975500214936075,0.0,0.0,0.0,0.0,0.0,0.0,0.0,0.0,66.28040903061628
49,joint_end_to_end,0.0001,0.0001,5e-05,5e-05,0.0003,0.5701577509774102,0.5495252802636889,0.12947055045101377,0.09763358473777771,0.17160292479727005,0.7748757992850409,1.9996974574195014,2.99818220032586,1.0316235478719076,0.8474341162376934,0.9135786051220364,0.052119668714043235,0.9554424647463152,0.9082872637641565,0.9746764861472171,0.0,0.0,0.0,0.0,0.0,0.0,0.0,0.0,68.6680684313178
50,joint_end_to_end,0.0001,0.0001,5e-05,5e-05,0.0003,0.5700479736593035,0.5494315988487668,0.12774596184492112,0.09846473058064778,0.17237857619921365,0.7757478910022312,1.9997152927186754,2.998289730283949,1.0308186679416234,0.8470016928513845,0.9129523963398404,0.0514125034544203,0.9561001939838435,0.9077462685032879,0.9757220166202337,0.0,0.0,0.0,0.0,0.0,0.0,0.0,0.0,64.06045158207417
51,joint_end_to_end,0.0001,0.0001,5e-05,5e-05,0.0003,0.5842557519012027,0.5636171372731527,0.1338918695019351,0.1021623961130778,0.17727405415640937,0.7784293259514703,1.999730348057217,2.9983794562021893,1.031930793126424,0.8431542750034068,0.9100146892004543,0.05422002912919267,0.9536031834608844,0.9039611101968126,0.973876250176795,0.0,0.0,0.0,0.0,0.0,0.0,0.0,0.0,64.37926635146141
52,joint_end_to_end,0.0001,0.0001,5e-05,5e-05,0.0003,0.5685676007800632,0.5479272712601556,0.12635032763083776,0.09858001132806142,0.1723582010798984,0.7749131149715848,1.9997436454561022,2.998461618423462,1.0320166110992433,0.8474170970420043,0.9131836441324817,0.051825223704314284,0.9561192159155328,0.9097798206580816,0.9749483110188847,0.0,0.0,0.0,0.0,0.0,0.0,0.0,0.0,63.578896284103394
53,joint_end_to_end,0.0001,0.0001,5e-05,5e-05,0.0003,0.5598505686389076,0.539231218761868,0.12233568367030885,0.09643974297576481,0.16945872558487787,0.7734470044242011,1.9997609673606025,2.9985648112826877,1.0309677675035265,0.850164942642053,0.9150561254885462,0.05081910890246195,0.9569044961734694,0.9123137148581966,0.9750705779601293,0.0,0.0,0.0,0.0,0.0,0.0,0.0,0.0,71.95747063308954
54,joint_end_to_end,0.0001,0.0001,5e-05,5e-05,0.0003,0.5626323856247796,0.542022242281172,0.12590925448470647,0.09656511916054619,0.1692559047540029,0.7704237749841478,1.999779281086392,2.9986744202507865,1.030507157643636,0.8488940501544211,0.9142258111304707,0.05028125667788274,0.9567800453514739,0.9109232564523934,0.9754134506212683,0.0,0.0,0.0,0.0,0.0,0.0,0.0,0.0,70.62993713468313
55,joint_end_to_end,0.0001,0.0001,5e-05,5e-05,0.0003,0.5597235831949446,0.5391087113486396,0.12330555127726661,0.09569996171527438,0.16865945749812655,0.7744344152344598,1.9997930992974176,2.998757103814019,1.030743580394321,0.8506452435586187,0.9156001982092857,0.050346102357721655,0.9571803031108277,0.9123434168728755,0.9754637536330413,0.0,0.0,0.0,0.0,0.0,0.0,0.0,0.0,65.72613836079836
56,joint_end_to_end,0.0001,0.0001,5e-05,5e-05,0.0003,0.5568718796306186,0.5362873307863871,0.12406429797410964,0.09482434319125281,0.16718787007861668,0.7680311409632364,1.9998070939381918,2.998841633266873,1.0292274125417074,0.8519314869079325,0.9163988227645556,0.05096660585900824,0.9564419687145692,0.9103518019408133,0.9752381591320155,0.0,0.0,0.0,0.0,0.0,0.0,0.0,0.0,68.0969387665391
57,joint_end_to_end,0.0001,0.0001,5e-05,5e-05,0.0003,0.5655361138449775,0.5449266375435723,0.12575804743501875,0.09764051947328779,0.17116346895694734,0.7726218891143799,1.9998185496860081,2.9989104419284396,1.0304738018247817,0.8482101083629661,0.9137222629123264,0.05130928757509677,0.9565212452168367,0.9115647673433581,0.9748468773528227,0.0,0.0,0.0,0.0,0.0,0.0,0.0,0.0,59.88002793490887
58,joint_end_to_end,0.0001,0.0001,5e-05,5e-05,0.0003,0.5716552825768789,0.551046965122223,0.12726500378714667,0.09947228491306305,0.17343699561225043,0.7769277209705777,1.9998289897706774,2.998973337809245,1.0304159492916531,0.8458293793433243,0.9119741139809291,0.05164140184450042,0.9558594192885488,0.9087924288894615,0.9750759971880776,0.0,0.0,0.0,0.0,0.0,0.0,0.0,0.0,61.24571080505848
59,joint_end_to_end,0.0001,0.0001,5e-05,5e-05,0.0003,0.5695166280534533,0.5489116983943515,0.12880344529946644,0.09834593454996744,0.1719735915131039,0.7711284952693516,1.9998372252782186,2.9990223863389756,1.030246623357137,0.8472961734069718,0.9130403454767333,0.05209508175752601,0.9554207412131519,0.9076368943266389,0.9749550833460487,0.0,0.0,0.0,0.0,0.0,0.0,0.0,0.0,62.76175407320261
60,joint_end_to_end,0.0001,0.0001,5e-05,5e-05,0.0003,0.5601949032147725,0.5396044201321072,0.12410987360609903,0.09616167061858708,0.16872680412398444,0.771151098675198,1.9998476266860963,2.9990853754679363,1.029524180094401,0.8499929587708579,0.9148885739180777,0.05003273914190107,0.9573283818735827,0.9105042131005562,0.9764583872943058,0.0,0.0,0.0,0.0,0.0,0.0,0.0,0.0,60.76912922412157
61,joint_end_to_end,0.0001,0.0001,5e-05,5e-05,0.0003,0.5565154311392042,0.5359025563134088,0.12191900253295898,0.09524108992682563,0.167555566628774,0.7723031531439887,1.9998595121171738,2.9991561126708985,1.0306436761220297,0.851567124426365,0.9160422316855854,0.04997942828267069,0.9574798044217687,0.9142817830008505,0.9750285749963449,0.0,0.0,0.0,0.0,0.0,0.0,0.0,0.0,65.240572437644
62,joint_end_to_end,0.0001,0.0001,5e-05,5e-05,0.0003,0.5482423549228245,0.5276143636968401,0.1203296008043819,0.09266669955518511,0.1637991581360499,0.7670747799343532,1.9998693890041774,2.9992154820760093,1.0313995827568903,0.8540986913773748,0.9177351637019051,0.04872336899071864,0.9584995261125283,0.9154176364619881,0.9760996833974799,0.0,0.0,0.0,0.0,0.0,0.0,0.0,0.0,62.41759665310383
63,joint_end_to_end,0.0001,0.0001,5e-05,5e-05,0.0003,0.5495635170406765,0.5289475260840522,0.11938861631684833,0.09358420259422726,0.1654027541478475,0.7676905653211805,1.99987952709198,2.9992765680948894,1.0307996156480577,0.8536068201396201,0.9175778159830306,0.0490401114898474,0.9581722115929705,0.9131463513791936,0.9764653554366824,0.0,0.0,0.0,0.0,0.0,0.0,0.0,0.0,59.84408953785896
64,joint_end_to_end,0.0001,0.0001,5e-05,5e-05,0.0003,0.5502597226036919,0.5296475050184462,0.12034398797485564,0.093553579515881,0.16523915078904894,0.7672822904586792,1.9998866934246486,2.9993198776245116,1.030611097017924,0.8531398292051421,0.9172606801655557,0.04894888432388133,0.9583855052437642,0.913628397025917,0.9767017669386544,0.0,0.0,0.0,0.0,0.0,0.0,0.0,0.0,63.31722730398178
65,joint_end_to_end,0.0001,0.0001,5e-05,5e-05,0.0003,0.5573746445443896,0.5367597540219625,0.12321505228678385,0.09500047955248091,0.1673200535774231,0.7722167115741306,1.999892047246297,2.9993519422743056,1.0307444784376356,0.8510724608765708,0.9157732563548618,0.04950372216923166,0.9577413504464286,0.9122214918362325,0.9762562521850698,0.0,0.0,0.0,0.0,0.0,0.0,0.0,0.0,60.126153476536274
66,joint_end_to_end,0.0001,0.0001,5e-05,5e-05,0.0003,0.5427157730526394,0.5221103766229418,0.1187031196223365,0.09114857501453824,0.16161268379953173,0.7641966705852085,1.9998971716562908,2.9993821398417153,1.0302697478400336,0.8559793734384907,0.9190682602922121,0.0484152106633262,0.9584718900581066,0.9143599092603988,0.9764314274639136,0.0,0.0,0.0,0.0,0.0,0.0,0.0,0.0,63.991590328514576
67,joint_end_to_end,0.0001,0.0001,5e-05,5e-05,0.0003,0.553049738407135,0.5324401307106018,0.12030903009904756,0.09487908290492164,0.16667456315623388,0.7689843683772617,1.9999022224214342,2.999412612915039,1.0304804473453097,0.8513893671499358,0.9157672317491637,0.048889632311537694,0.9583093953727324,0.9148789001093247,0.9759456518984216,0.0,0.0,0.0,0.0,0.0,0.0,0.0,0.0,64.20643513649702
68,joint_end_to_end,0.0001,0.0001,5e-05,5e-05,0.0003,0.5453292520840963,0.524731117354499,0.11897697309652965,0.09250685479905871,0.1632132242123286,0.763349493874444,1.9999080467224122,2.9994476911756727,1.02990680747562,0.8554308505853018,0.9184155726763937,0.04843279585546377,0.9586993339002268,0.914570081904658,0.9767126429082525,0.0,0.0,0.0,0.0,0.0,0.0,0.0,0.0,58.10893979668617
69,joint_end_to_end,0.0001,0.0001,5e-05,5e-05,0.0003,0.5408864131238725,0.5202726040946113,0.11645569783118036,0.09136100047164493,0.1617163520389133,0.7646745644675361,1.9999127848943075,2.999476401011149,1.0306905486848619,0.8564648330211639,0.9192327335808013,0.047482219515473933,0.9595717740221088,0.9181434254220275,0.9764356098948509,0.0,0.0,0.0,0.0,0.0,0.0,0.0,0.0,61.84657347202301
70,joint_end_to_end,0.0001,0.0001,5e-05,5e-05,0.0003,0.5526938998699188,0.5321082589361402,0.12278483947118124,0.09344449361165365,0.1650850154956182,0.7682606485154894,1.9999172846476236,2.999503207736545,1.0292822149064806,0.8527957893908024,0.9170555441247092,0.04993482010164499,0.9569309807256235,0.9133091301908602,0.9747787628292846,0.0,0.0,0.0,0.0,0.0,0.0,0.0,0.0,67.35110542178154
71,joint_end_to_end,0.0001,0.0001,5e-05,5e-05,0.0003,0.5528737505276998,0.5322775778505537,0.1217889846364657,0.09436961458788978,0.16583946393595803,0.76695753203498,1.9999223566055297,2.999533856709798,1.0298086563746134,0.8522081795169247,0.916270399838686,0.04973913441439605,0.9574443957270408,0.9137220403951415,0.9752995806656605,0.0,0.0,0.0,0.0,0.0,0.0,0.0,0.0,59.831634655594826
72,joint_end_to_end,0.0001,0.0001,5e-05,5e-05,0.0003,0.5350274973445468,0.5144208375612894,0.1144954385691219,0.08953298615084754,0.15926961812708113,0.7637607929441664,1.9999283287260268,2.9995698801676434,1.030333080291748,0.8584113907814026,0.9207180917263031,0.04692061110688986,0.9600730539611678,0.9183747807384391,0.9770531151823112,0.0,0.0,0.0,0.0,0.0,0.0,0.0,0.0,59.48290799558163
73,joint_end_to_end,0.0001,0.0001,5e-05,5e-05,0.0003,0.5366089529461331,0.5160305380821228,0.11528105745712916,0.09044205281469557,0.16047639270623526,0.7598005164994134,1.999932017326355,2.9995917828877765,1.028920793533325,0.8576161560085085,0.920105896724595,0.04738408209785583,0.9597457837301587,0.9176280042983644,0.9768375018024612,0.0,0.0,0.0,0.0,0.0,0.0,0.0,0.0,52.01205112040043
74,joint_end_to_end,0.0001,0.0001,5e-05,5e-05,0.0003,0.5397780789269342,0.5192071176899804,0.11786763798859384,0.09058365662892659,0.1605028004778756,0.7615148981412252,1.9999352555804784,2.9996110661824544,1.0285480091306898,0.8570624407298035,0.9196927908394071,0.04783743094965444,0.9591701433177438,0.9180181464237631,0.9759714934491978,0.0,0.0,0.0,0.0,0.0,0.0,0.0,0.0,51.431518480181694
75,joint_end_to_end,0.0001,0.0001,5e-05,5e-05,0.0003,0.5426478229628668,0.5220562669965956,0.11869663998484611,0.09124066260125901,0.16177616086271074,0.7631473639276293,1.9999391063054404,2.999634543524848,1.0295778062608507,0.8553754631512694,0.9187635927730137,0.0478472156589534,0.9588816919997165,0.9160327747011073,0.976354695743314,0.0,0.0,0.0,0.0,0.0,0.0,0.0,0.0,63.3655176833272
76,joint_end_to_end,0.0001,0.0001,5e-05,5e-05,0.0003,0.5379403869311015,0.5173519478903876,0.11584790206617779,0.09045725252893236,0.16042641553613873,0.7629079206784566,1.999943610827128,2.9996613311767577,1.0294220293892755,0.8561375055213769,0.9191762799686856,0.04760676912709969,0.9589425444657029,0.9167715668908047,0.9761287788650767,0.0,0.0,0.0,0.0,0.0,0.0,0.0,0.0,54.608707040548325
77,joint_end_to_end,0.0001,0.0001,5e-05,5e-05,0.0003,0.5346674585342407,0.5140725790129768,0.11455899107787344,0.0896932726436191,0.15935421937041813,0.7612186010678609,1.9999464999304877,2.9996788575914173,1.0297440030839708,0.8583605685830116,0.9206282954414685,0.04708673564755187,0.9600276360544218,0.9182500445103255,0.9770441647774325,0.0,0.0,0.0,0.0,0.0,0.0,0.0,0.0,64.5871699899435
78,joint_end_to_end,0.0001,0.0001,5e-05,5e-05,0.0003,0.5384218655692207,0.5178382563591003,0.11825911316606734,0.09009916696283553,0.15935224009884727,0.75986317925983,1.999949769973755,2.999698520236545,1.029180383682251,0.8578273444539971,0.9198543833030595,0.04743423618697255,0.9592138339710884,0.9185487011670407,0.9757769038776711,0.0,0.0,0.0,0.0,0.0,0.0,0.0,0.0,51.09285140782595
79,joint_end_to_end,0.0001,0.0001,5e-05,5e-05,0.0003,0.5310027752982246,0.5103940204779307,0.11270838677883148,0.08900605638821919,0.15826179689831205,0.7599329174889459,1.9999525064892238,2.9997148195902508,1.0304377714792887,0.8591972094277541,0.9211691531207826,0.04634155825963096,0.9605525439342404,0.9192792875011752,0.9774270293245427,0.0,0.0,0.0,0.0,0.0,0.0,0.0,0.0,61.943475380539894
80,joint_end_to_end,0.0001,0.0001,5e-05,5e-05,0.0003,0.5390491795539856,0.5184858345985413,0.1182067910499043,0.09039379040400188,0.1597412649790446,0.7603172180387708,1.9999558554755317,2.999734861585829,1.028167283270094,0.8571432546774547,0.9193924295239978,0.047371261060373045,0.9591735535359978,0.9180912675477308,0.9759190599931338,0.0,0.0,0.0,0.0,0.0,0.0,0.0,0.0,63.21120277047157
81,joint_end_to_end,0.0001,0.0001,5e-05,5e-05,0.0003,0.5431175769699944,0.5225331426991356,0.11753056367238363,0.09185088568263584,0.16241970585452187,0.7653476566738553,1.9999576881196763,2.999745814005534,1.0292217032114666,0.8557388587461577,0.9187890345520443,0.04787964522433119,0.9592529186153628,0.9163700578379536,0.9766267125738584,0.0,0.0,0.0,0.0,0.0,0.0,0.0,0.0,66.783082857728
82,joint_end_to_end,0.0001,0.0001,5e-05,5e-05,0.0003,0.5393973833984799,0.5188060066435072,0.11653573155403137,0.09112233976523082,0.16089837577607896,0.7618966139687432,1.9999587726593018,2.9997523498535155,1.0295689312616985,0.8563534006145266,0.9189447519183159,0.04784308286480893,0.9588801640447846,0.9179064545531579,0.9756007622990315,0.0,0.0,0.0,0.0,0.0,0.0,0.0,0.0,56.11538103222847
83,joint_end_to_end,0.0001,0.0001,5e-05,5e-05,0.0003,0.5421265109380087,0.5215572823418512,0.11804772052499983,0.09114059249560039,0.16152448448869916,0.764902433289422,1.9999610720740424,2.9997662099202476,1.0284614743126763,0.8556939019593928,0.9188541010684437,0.048229455774873836,0.9585546210671768,0.9164202763911956,0.9757440635979869,0.0,0.0,0.0,0.0,0.0,0.0,0.0,0.0,62.66940815746784
84,joint_end_to_end,0.0001,0.0001,5e-05,5e-05,0.0003,0.5296600593460931,0.5090648372968037,0.11304680582549836,0.08829902172088623,0.15718158258332146,0.7593312732378642,1.9999641752243043,2.999784842597114,1.029761103524102,0.8597656868729326,0.9215745219919417,0.04627585819789341,0.9605221619897959,0.9183469871178167,0.9777562295823596,0.0,0.0,0.0,0.0,0.0,0.0,0.0,0.0,56.50454740971327
85,joint_end_to_end,0.0001,0.0001,5e-05,5e-05,0.0003,0.5310282626416948,0.5104378983709548,0.11270305282539791,0.0893508137596978,0.15836706817150115,0.7584349266688029,1.9999661164813571,2.9997964583502874,1.0295182842678494,0.8598384925723076,0.9212663364741537,0.04668312695561623,0.9604409589356576,0.9208835970666458,0.9765862159319253,0.0,0.0,0.0,0.0,0.0,0.0,0.0,0.0,54.603779502213
86,joint_end_to_end,0.0001,0.0001,5e-05,5e-05,0.0003,0.5331443736288283,0.5125658668412103,0.11494831403096517,0.08929332753022512,0.15822233180205028,0.7586299090915256,1.9999684434466891,2.9998103841145833,1.028925388124254,0.858960677617126,0.9207804017265637,0.04611731515179416,0.960657064909297,0.9173893819006735,0.9783059914135579,0.0,0.0,0.0,0.0,0.0,0.0,0.0,0.0,50.58232452720404
87,joint_end_to_end,0.0001,0.0001,5e-05,5e-05,0.0003,0.5379621966679891,0.5173893645074632,0.11582148164510726,0.09066915028625064,0.16070324692461227,0.7614851888020834,1.9999698119693332,2.9998185729980467,1.0286416731940375,0.8574035467041863,0.9199083408713341,0.04752185240894759,0.9596344201743198,0.920211681306902,0.9758179006600027,0.0,0.0,0.0,0.0,0.0,0.0,0.0,0.0,61.19586192816496
88,joint_end_to_end,0.0001,0.0001,5e-05,5e-05,0.0003,0.5199772720866733,0.4994073043929206,0.11039884845415751,0.08580648806360033,0.1529834360546536,0.7538575691646999,1.9999716695149738,2.999829856024848,1.0284983322355483,0.8639744639396667,0.9240233741866217,0.044388232771771834,0.962140376984127,0.9230773171961396,0.9780630156374405,0.0,0.0,0.0,0.0,0.0,0.0,0.0,0.0,66.82438490539789
89,joint_end_to_end,0.0001,0.0001,5e-05,5e-05,0.0003,0.5194388567076789,0.498864795366923,0.10920815838707817,0.08623531440893809,0.15390303432941438,0.7519761861695183,1.9999731312857734,2.999838578965929,1.0287030802832708,0.8628128609889083,0.9234485260314411,0.044526800568682266,0.9620459759424603,0.922141296771011,0.9783055043297266,0.0,0.0,0.0,0.0,0.0,0.0,0.0,0.0,61.474988237023354
90,joint_end_to_end,0.0001,0.0001,5e-05,5e-05,0.0003,0.5245767452981737,0.5039953683482276,0.11182417839765549,0.08696802669101292,0.15520498269134098,0.7551976998647054,1.9999750815497503,2.9998503706190323,1.0290688302781847,0.8612097293138504,0.9225317013263702,0.045052417032843003,0.9614211752409297,0.9196217566369997,0.9784700560294948,0.0,0.0,0.0,0.0,0.0,0.0,0.0,0.0,59.75373136997223
91,joint_end_to_end,0.0001,0.0001,5e-05,5e-05,0.0003,0.5274703741073609,0.5068914900885688,0.11249249627192816,0.08800589859485626,0.15644358939594694,0.7562416137589348,1.9999768442577786,2.9998609097798665,1.0289441967010498,0.8608433243632316,0.9219716888335016,0.045987458704820836,0.9608203567885487,0.9207050756298002,0.9771991108110085,0.0,0.0,0.0,0.0,0.0,0.0,0.0,0.0,60.50802290439606
92,joint_end_to_end,0.0001,0.0001,5e-05,5e-05,0.0003,0.5167471612824334,0.49618860960006717,0.10829261749982834,0.08546946936183505,0.1526280838251114,0.7518218406041464,1.9999783547719319,2.999869956970215,1.0279275380240547,0.8639429653022024,0.92410535633564,0.044302859209021744,0.9622371031746032,0.9248928375745734,0.9774114116476439,0.0,0.0,0.0,0.0,0.0,0.0,0.0,0.0,64.602489836514
93,joint_end_to_end,0.0001,0.0001,5e-05,5e-05,0.0003,0.5183346512582567,0.49777164803610907,0.11089988198545243,0.08556612127357059,0.1522166109085083,0.7485727363162571,1.9999790090984768,2.999873898824056,1.0281502840254042,0.8639116637574302,0.9237473295794593,0.04432314802459578,0.9618769929846939,0.9229639407665164,0.9777385838156055,0.0,0.0,0.0,0.0,0.0,0.0,0.0,0.0,59.57634571194649
94,joint_end_to_end,0.0001,0.0001,5e-05,5e-05,0.0003,0.5172022215525309,0.4966029995017581,0.1093133951889144,0.08545940962102679,0.15252473248375786,0.7497465795940823,1.9999804057015313,2.999882284800212,1.0299611981709798,0.8643133711483744,0.9242649562822448,0.044348959944415796,0.9621271789965986,0.9227221958635985,0.9781695565020649,0.0,0.0,0.0,0.0,0.0,0.0,0.0,0.0,60.184559136629105
95,joint_end_to_end,0.0001,0.0001,5e-05,5e-05,0.0003,0.5141283747884963,0.49357147892316183,0.10798249185085297,0.08420405414369371,0.1509981554084354,0.7525452714496189,1.999981754091051,2.9998904376559787,1.027844721476237,0.8654516219430499,0.925341003437837,0.04388171080288703,0.9624904558177437,0.9241084249375218,0.9781619318252696,0.0,0.0,0.0,0.0,0.0,0.0,0.0,0.0,62.88903579860926
96,joint_end_to_end,0.0001,0.0001,5e-05,5e-05,0.0003,0.5114374648200141,0.49089741282992894,0.10597485959529877,0.08429760641521877,0.15065704974863264,0.75052862962087,1.9999826780954997,2.9998960155910916,1.0270027361975775,0.8652513040933344,0.9248838418722153,0.043048226449495,0.9631431361607142,0.9238222845049696,0.9791125265772251,0.0,0.0,0.0,0.0,0.0,0.0,0.0,0.0,120.41558028757572
97,joint_end_to_end,0.0001,0.0001,5e-05,5e-05,0.0003,0.5372556103600397,0.5166915619373321,0.1174779678384463,0.09029633237255943,0.15972187863455878,0.7565033997429742,1.9999839814503988,2.9999038908216686,1.0282024584876166,0.857985929052035,0.9200842294096947,0.047401532478073015,0.9590698961876417,0.9171511804783876,0.9761362706170493,0.0,0.0,0.0,0.0,0.0,0.0,0.0,0.0,218.3863357976079
98,joint_end_to_end,0.0001,0.0001,5e-05,5e-05,0.0003,0.5150370293193394,0.494458124505149,0.10790726515981885,0.08523798240555658,0.15195997781223722,0.7493715847863092,1.9999850919511584,2.9999105347527397,1.028945362302992,0.8643616057270103,0.9242418709397316,0.04437214443743094,0.9621451822916667,0.9240944196388243,0.9776311327523337,0.0,0.0,0.0,0.0,0.0,0.0,0.0,0.0,102.94439072906971
99,joint_end_to_end,0.0001,0.0001,5e-05,5e-05,0.0003,0.5195146748754713,0.4989553652869331,0.11132934315337076,0.08543518675698174,0.15244974427753025,0.7514141035079956,1.999985850652059,2.999914983113607,1.0279655022091336,0.864194870442152,0.9242168189419641,0.044746495179848876,0.9617363546981292,0.9221538592105598,0.9779154460606472,0.0,0.0,0.0,0.0,0.0,0.0,0.0,0.0,80.2011571675539
100,joint_end_to_end,0.0001,0.0001,5e-05,5e-05,0.0003,0.5169545541869269,0.49637385818693375,0.10924082560671701,0.08563870833979713,0.15256998856862386,0.7482673271497091,1.9999864043129816,2.9999183230929907,1.029034867286682,0.8635434877375762,0.9236818938453992,0.04409371039764681,0.9621473524305556,0.921690737889471,0.9786158148653434,0.0,0.0,0.0,0.0,0.0,0.0,0.0,0.0,67.49510186910629
