local_path,server_source,bytes,sha256
evidence/salicon/student_history.csv,/DATA/DATA1/guest3/2026OpticsMoE/experiments/qwen3_vl_embedding_2b_salicon_vision_optical_saliency/runs/salicon_vision2_hybrid/metrics/student_history.csv,17542,f51026fc42b32fdc4f6c88f14e307968d5f3288f0194a0de4134e7bd6ee3c338
evidence/salicon/dataset.json,/DATA/DATA1/guest3/2026OpticsMoE/experiments/qwen3_vl_embedding_2b_salicon_vision_optical_saliency/runs/salicon_vision2_hybrid/dataset.json,1228,8b564715318cdf956aa83861b69195b44e1782d1e695645a44bf05e51d2ff738
evidence/salicon/resolved_config.json,/DATA/DATA1/guest3/2026OpticsMoE/experiments/qwen3_vl_embedding_2b_salicon_vision_optical_saliency/runs/salicon_vision2_hybrid/resolved_config.json,5677,dec5188cccbaed2d16b7d14f9cd79dc945a17c28c102acd6e6c0b6220a0ec8f2
evidence/salicon/student_model.json,/DATA/DATA1/guest3/2026OpticsMoE/experiments/qwen3_vl_embedding_2b_salicon_vision_optical_saliency/runs/salicon_vision2_hybrid/student_model.json,13180,09dd03f2db10318addf2485178afab5d0e16cba1806588e73df2f2fec354968c
evidence/salicon/environment.json,/DATA/DATA1/guest3/2026OpticsMoE/experiments/qwen3_vl_embedding_2b_salicon_vision_optical_saliency/runs/salicon_vision2_hybrid/environment.json,233,d67a00f7c0cd1669ee13c9ee5a41ee46e20a26f0b941f571d0e5fb83478a49a8
evidence/isic2016/training_history.csv,/DATA/DATA1/guest3/2026OpticsMoE/experiments/qwen3_vl_embedding_2b_isic2016_skin_lesion_optical_segmentation/runs/isic2016_vision2_hybrid/metrics/training_history.csv,39577,82a8c02a9e7b6d2b3e74cafd95ac1a39339a58369d11ca6d31a533fec211e2ce
evidence/isic2016/test_metrics.json,/DATA/DATA1/guest3/2026OpticsMoE/experiments/qwen3_vl_embedding_2b_isic2016_skin_lesion_optical_segmentation/runs/isic2016_vision2_hybrid/metrics/test_metrics.json,984,6c16ff44d82c73ea3e200ee2b3381ae5b4bd99c8253132ec0f358d83fd01f2c2
evidence/isic2016/test_predictions.csv,/DATA/DATA1/guest3/2026OpticsMoE/experiments/qwen3_vl_embedding_2b_isic2016_skin_lesion_optical_segmentation/runs/isic2016_vision2_hybrid/metrics/test_predictions.csv,119513,888d4b7d89cb3bb9eaf486410f21a3375a05843abd7729b1c2cc3407daf5c03e
evidence/isic2016/initial_test_observation.json,/DATA/DATA1/guest3/2026OpticsMoE/experiments/qwen3_vl_embedding_2b_isic2016_skin_lesion_optical_segmentation/runs/isic2016_vision2_hybrid/metrics/initial_test_observation.json,758,ebbab264ee124dc841fb868f17a246749422a55858592e064eebd4d505bc2bb6
evidence/isic2016/optimizer_joint_end_to_end.json,/DATA/DATA1/guest3/2026OpticsMoE/experiments/qwen3_vl_embedding_2b_isic2016_skin_lesion_optical_segmentation/runs/isic2016_vision2_hybrid/metrics/optimizer_joint_end_to_end.json,201,6292ea05460c868748d77b16c94763b99c52888cf27b54e4927ca029f5b8c589
evidence/isic2016/dataset.json,/DATA/DATA1/guest3/2026OpticsMoE/experiments/qwen3_vl_embedding_2b_isic2016_skin_lesion_optical_segmentation/runs/isic2016_vision2_hybrid/dataset.json,1388,5a05be09d975f9b047c42962fea31b285cd71bd5a418793e7500f7b22d4611d4
evidence/isic2016/resolved_config.json,/DATA/DATA1/guest3/2026OpticsMoE/experiments/qwen3_vl_embedding_2b_isic2016_skin_lesion_optical_segmentation/runs/isic2016_vision2_hybrid/resolved_config.json,5004,10af34617a83155ad01769b364700e4bb16e137f2df944c01d98bac6fc00f8ca
evidence/isic2016/model.json,/DATA/DATA1/guest3/2026OpticsMoE/experiments/qwen3_vl_embedding_2b_isic2016_skin_lesion_optical_segmentation/runs/isic2016_vision2_hybrid/model.json,16057,86fa9966f85a6e28c4156c1f511b4a6eeae13892193b0dcb383f9eb588b5c7e6
evidence/isic2016/qwen_vision.json,/DATA/DATA1/guest3/2026OpticsMoE/experiments/qwen3_vl_embedding_2b_isic2016_skin_lesion_optical_segmentation/runs/isic2016_vision2_hybrid/qwen_vision.json,277,bdf6f9cbb45df70b29bcb8196a407b68cb501b40a6f6acc3bfd0b49dd808a1ff
evidence/isic2016/environment.json,/DATA/DATA1/guest3/2026OpticsMoE/experiments/qwen3_vl_embedding_2b_isic2016_skin_lesion_optical_segmentation/runs/isic2016_vision2_hybrid/environment.json,233,d67a00f7c0cd1669ee13c9ee5a41ee46e20a26f0b941f571d0e5fb83478a49a8
evidence/lsp/student_training_history.csv,/DATA/DATA1/guest3/2026OpticsMoE/experiments/qwen3_vl_embedding_2b_lsp_pose_optical_moe16/runs/lsp_pose_vision2_hybrid/metrics/student_training_history.csv,62388,4e03c61dbb2ee05f1dc0e4a16ca49957055978a56043e300425409ac0081bba5
evidence/lsp/student_model.json,/DATA/DATA1/guest3/2026OpticsMoE/experiments/qwen3_vl_embedding_2b_lsp_pose_optical_moe16/runs/lsp_pose_vision2_hybrid/metrics/student_model.json,13499,7e61c04205e6b7124890261bcda2e750acb7681ebfee75fb8a5586581e84c1d4
evidence/lsp/dataset.json,/DATA/DATA1/guest3/2026OpticsMoE/experiments/qwen3_vl_embedding_2b_lsp_pose_optical_moe16/runs/lsp_pose_vision2_hybrid/dataset.json,950,73882cf389f2498ffe182d16185df87308dca0d1150f748fd2acf03323f76843
evidence/lsp/resolved_config.yaml,/DATA/DATA1/guest3/2026OpticsMoE/experiments/qwen3_vl_embedding_2b_lsp_pose_optical_moe16/runs/lsp_pose_vision2_hybrid/resolved_config.yaml,3826,126e2f93117f7899f0ce9ad9336d1754a1ef71f39fa4701f9bf8d0500e002180
evidence/caltech101/train_log.csv,/DATA/DATA1/guest3/2026OpticsMoE/experiments/qwen3_vl_embedding_2b_caltech101_four_layer_optical_retrieval/runs/caltech101_four_layer_moe4_joint/train_log.csv,66251,45ba07b93a7a25f5cb004f078a4aa3aa702e3f8774e15d1403192da85d7743cc
evidence/caltech101/config.yaml,/DATA/DATA1/guest3/2026OpticsMoE/experiments/qwen3_vl_embedding_2b_caltech101_four_layer_optical_retrieval/runs/caltech101_four_layer_moe4_joint/config.yaml,4194,33eb254f5ab84128e4a706c7bc2766be4a72dba005e482be382cb94c59096ea6
evidence/caltech101/dataset.json,/DATA/DATA1/guest3/2026OpticsMoE/experiments/qwen3_vl_embedding_2b_caltech101_four_layer_optical_retrieval/runs/caltech101_four_layer_moe4_joint/dataset.json,1492,526dc6246a9c152237a1c8bdee07aac4e035ec8cf3da1c0411861f6d78429422
evidence/caltech101/model.json,/DATA/DATA1/guest3/2026OpticsMoE/experiments/qwen3_vl_embedding_2b_caltech101_four_layer_optical_retrieval/runs/caltech101_four_layer_moe4_joint/model.json,19471,e6e457aa61d0c68cef595554caf76cf0fd9e51b8d661658738c3694a13167aea
evidence/caltech101/environment.json,/DATA/DATA1/guest3/2026OpticsMoE/experiments/qwen3_vl_embedding_2b_caltech101_four_layer_optical_retrieval/runs/caltech101_four_layer_moe4_joint/environment.json,233,d67a00f7c0cd1669ee13c9ee5a41ee46e20a26f0b941f571d0e5fb83478a49a8
evidence/caltech101/metrics_training_latest.json,/DATA/DATA1/guest3/2026OpticsMoE/experiments/qwen3_vl_embedding_2b_caltech101_four_layer_optical_retrieval/runs/caltech101_four_layer_moe4_joint/metrics/training_latest.json,3937,efd6377ca15a7a532853d84542479aed6ccb47f5e2515f93366098a62123626f
evidence/caltech101/metrics_best_train_loss.json,/DATA/DATA1/guest3/2026OpticsMoE/experiments/qwen3_vl_embedding_2b_caltech101_four_layer_optical_retrieval/runs/caltech101_four_layer_moe4_joint/metrics/best_train_loss.json,383,ebc259042bb9feb80ef12e0d3254824d616ef3d0002ad9dc0099ae5215123fb6
evidence/caltech101/metrics_best_observed_test.json,/DATA/DATA1/guest3/2026OpticsMoE/experiments/qwen3_vl_embedding_2b_caltech101_four_layer_optical_retrieval/runs/caltech101_four_layer_moe4_joint/metrics/best_observed_test.json,345,2162693e8e2bd7401d1a81d1c00f1bdc192e94fb47f8c6ed9c4acd12737cc726
evidence/caltech101/metrics_ema_best_observed_test.json,/DATA/DATA1/guest3/2026OpticsMoE/experiments/qwen3_vl_embedding_2b_caltech101_four_layer_optical_retrieval/runs/caltech101_four_layer_moe4_joint/metrics/ema_best_observed_test.json,353,49cff1471fe8bdbaef1790c4573edb0a7324f6fa3fdc63a8fe86b2481919636b
evidence/caltech101/metrics_phase_training_latest.json,/DATA/DATA1/guest3/2026OpticsMoE/experiments/qwen3_vl_embedding_2b_caltech101_four_layer_optical_retrieval/runs/caltech101_four_layer_moe4_joint/metrics/phase_training_latest.json,2570,0e048d8cc7bedadeca7bac6e68323200870dede860fe385c4ca3638688e741c2
