phase,host_time_unix,watts,utilization_percent,memory_used_mib
idle,1788792092.3376215,67.43,0.0,4501.0
idle,1788792092.3878562,62.58,0.0,4501.0
idle,1788792092.4381793,62.58,0.0,4501.0
idle,1788792092.4884572,59.9,0.0,4501.0
idle,1788792092.5387783,59.9,0.0,4501.0
idle,1788792092.589025,60.0,0.0,4501.0
idle,1788792092.6393268,60.0,0.0,4501.0
idle,1788792092.6895158,60.0,0.0,4501.0
idle,1788792092.7398136,60.0,0.0,4501.0
idle,1788792092.7900429,60.1,0.0,4501.0
idle,1788792092.840315,60.1,0.0,4501.0
idle,1788792092.8905983,59.9,0.0,4501.0
idle,1788792092.9408734,59.9,0.0,4501.0
idle,1788792092.9911325,59.9,0.0,4501.0
idle,1788792093.0414166,59.9,0.0,4501.0
idle,1788792093.0916965,59.9,0.0,4501.0
idle,1788792093.1419797,60.0,0.0,4501.0
idle,1788792093.1922429,60.0,0.0,4501.0
idle,1788792093.2425218,60.0,0.0,4501.0
idle,1788792093.2928014,60.0,0.0,4501.0
idle,1788792093.3430865,59.81,0.0,4501.0
idle,1788792093.3933957,60.0,0.0,4501.0
idle,1788792093.4768536,60.0,0.0,4501.0
idle,1788792093.574412,60.6,0.0,4501.0
idle,1788792093.8637857,60.03,0.0,4501.0
idle,1788792093.91403,60.03,0.0,4501.0
idle,1788792093.9642875,67.43,0.0,4501.0
idle,1788792094.0145533,67.43,0.0,4501.0
idle,1788792094.0648313,60.39,0.0,4501.0
active:batch0:size16,1788792094.1654208,60.01,0.0,4677.0
active:batch0:size16,1788792094.2159083,60.01,0.0,4877.0
active:batch0:size16,1788792094.2661138,60.79,7.0,4881.0
active:batch0:size16,1788792094.3188796,60.79,7.0,5087.0
active:batch0:size16,1788792094.3668666,64.07,7.0,5137.0
active:batch0:size16,1788792094.4173481,64.07,7.0,5385.0
active:batch0:size16,1788792094.4674869,64.07,7.0,5393.0
active:batch0:size16,1788792094.5178444,64.07,10.0,5395.0
active:batch0:size16,1788792094.568106,92.45,10.0,6283.0
active:batch0:size16,1788792094.6183743,92.45,10.0,6283.0
active:batch0:size16,1788792094.6686625,92.45,10.0,6283.0
active:batch0:size16,1788792094.718948,92.45,11.0,6283.0
active:batch0:size16,1788792094.7692387,269.48,11.0,6283.0
active:batch0:size16,1788792094.8195646,269.48,11.0,6577.0
active:batch0:size16,1788792094.8698611,263.82,11.0,6577.0
active:batch0:size16,1788792094.9202437,263.82,90.0,6577.0
active:batch0:size16,1788792094.9704888,59.73,90.0,6577.0
active:batch0:size16,1788792095.0548139,59.73,90.0,6577.0
active:batch2:size16,1788792095.652214,113.39,55.0,6577.0
active:batch2:size16,1788792095.7023711,113.39,55.0,6577.0
active:batch2:size16,1788792095.752646,88.65,90.0,6577.0
active:batch2:size16,1788792095.8028507,88.65,90.0,6577.0
active:batch2:size16,1788792095.8531504,261.17,90.0,6577.0
active:batch2:size16,1788792095.9034107,261.17,66.0,6577.0
active:batch2:size16,1788792095.9536242,250.58,66.0,6577.0
active:batch2:size16,1788792096.0039034,250.58,66.0,6577.0
active:batch2:size16,1788792096.0541143,257.47,93.0,6577.0
active:batch3:size16,1788792096.1546314,178.78,93.0,6577.0
active:batch3:size16,1788792096.2049143,178.78,93.0,6577.0
active:batch3:size16,1788792096.2552493,136.75,93.0,6577.0
active:batch3:size16,1788792096.305459,136.75,59.0,6577.0
active:batch3:size16,1788792096.3557389,247.75,59.0,6577.0
active:batch3:size16,1788792096.4060087,247.75,59.0,6577.0
active:batch3:size16,1788792096.456288,207.44,59.0,6577.0
active:batch3:size16,1788792096.5065687,207.44,93.0,6577.0
active:batch3:size16,1788792096.5568504,256.01,93.0,6577.0
active:batch4:size16,1788792096.6574552,116.54,93.0,6577.0
active:batch4:size16,1788792096.7077365,116.54,86.0,6577.0
active:batch4:size16,1788792096.758108,225.22,86.0,6577.0
active:batch4:size16,1788792096.8425677,225.22,86.0,6577.0
active:batch4:size16,1788792096.9030328,256.46,72.0,6577.0
active:batch4:size16,1788792096.9539127,256.46,72.0,6577.0
active:batch5:size16,1788792097.407134,132.1,72.0,6577.0
active:batch5:size16,1788792097.4572814,226.68,72.0,6577.0
active:batch5:size16,1788792097.5075607,226.68,93.0,6577.0
active:batch5:size16,1788792097.5578427,257.13,93.0,6577.0
active:batch6:size16,1788792097.6584272,257.13,93.0,6577.0
active:batch6:size16,1788792097.708711,65.95,77.0,6577.0
active:batch6:size16,1788792097.7589905,65.95,77.0,6577.0
active:batch6:size16,1788792097.8092897,276.27,77.0,6577.0
active:batch6:size16,1788792097.8595672,276.27,77.0,6577.0
active:batch6:size16,1788792097.909874,257.91,84.0,6577.0
active:batch6:size16,1788792097.9601347,257.91,84.0,6577.0
active:batch6:size16,1788792098.0104017,263.64,84.0,6577.0
active:batch7:size16,1788792098.1613884,255.36,94.0,6577.0
active:batch7:size16,1788792098.2115936,60.11,94.0,6577.0
active:batch7:size16,1788792098.261895,60.11,94.0,6577.0
active:batch7:size16,1788792098.31218,279.49,61.0,6577.0
active:batch7:size16,1788792098.3624597,279.49,61.0,6577.0
active:batch7:size16,1788792098.4127212,251.81,61.0,6577.0
active:batch7:size16,1788792098.4630177,251.81,61.0,6577.0
active:batch7:size16,1788792098.5133424,280.17,93.0,6577.0
active:batch8:size16,1788792098.6757665,258.92,93.0,6577.0
active:batch8:size16,1788792098.7279232,60.44,66.0,6577.0
active:batch9:size16,1788792099.1423078,60.44,66.0,6577.0
active:batch9:size16,1788792099.192538,60.44,66.0,6577.0
active:batch9:size16,1788792099.2427819,134.17,95.0,6577.0
active:batch9:size16,1788792099.2931685,134.17,95.0,6577.0
active:batch9:size16,1788792099.343357,260.61,60.0,6577.0
active:batch9:size16,1788792099.3935833,260.61,60.0,6577.0
active:batch9:size16,1788792099.4438553,244.2,60.0,6577.0
active:batch9:size16,1788792099.494274,269.19,60.0,6577.0
active:batch10:size16,1788792099.6449068,252.24,94.0,6577.0
active:batch10:size16,1788792099.6951787,252.24,94.0,6577.0
active:batch10:size16,1788792099.7454736,102.04,61.0,6577.0
active:batch10:size16,1788792099.7957408,102.04,61.0,6577.0
active:batch10:size16,1788792099.846026,252.68,61.0,6577.0
active:batch10:size16,1788792099.8963184,252.68,61.0,6577.0
active:batch10:size16,1788792099.946591,253.87,95.0,6577.0
active:batch10:size16,1788792099.9968488,253.87,95.0,6577.0
active:batch11:size16,1788792100.1477375,157.71,95.0,6577.0
active:batch11:size16,1788792100.1979504,157.71,91.0,6577.0
active:batch11:size16,1788792100.2518163,264.87,91.0,6577.0
active:batch11:size16,1788792100.341333,264.87,91.0,6577.0
active:batch11:size16,1788792100.4517524,181.45,69.0,6577.0
active:batch12:size16,1788792100.901118,181.45,94.0,6577.0
active:batch12:size16,1788792100.9513712,157.24,94.0,6577.0
active:batch12:size16,1788792101.001576,157.24,93.0,6577.0
active:batch13:size16,1788792101.1021757,81.18,93.0,6577.0
active:batch13:size16,1788792101.1524534,81.18,93.0,6577.0
active:batch13:size16,1788792101.2026653,266.25,82.0,6577.0
active:batch13:size16,1788792101.252957,266.25,82.0,6577.0
active:batch13:size16,1788792101.303342,265.14,77.0,6577.0
active:batch13:size16,1788792101.3535411,265.14,77.0,6577.0
active:batch13:size16,1788792101.403823,216.95,77.0,6577.0
active:batch13:size16,1788792101.454105,216.95,77.0,6577.0
active:batch13:size16,1788792101.504389,255.31,94.0,6577.0
active:batch14:size16,1788792101.6049635,68.62,94.0,6577.0
active:batch14:size16,1788792101.6552474,68.62,94.0,6577.0
active:batch14:size16,1788792101.70553,273.51,60.0,6577.0
active:batch14:size16,1788792101.7558122,273.51,60.0,6577.0
active:batch14:size16,1788792101.8060796,254.44,60.0,6577.0
active:batch14:size16,1788792101.8564115,254.44,60.0,6577.0
active:batch14:size16,1788792101.9066656,244.05,93.0,6577.0
active:batch14:size16,1788792101.9569468,244.05,93.0,6577.0
active:batch14:size16,1788792102.0078819,257.17,93.0,6577.0
active:batch15:size16,1788792102.1865067,266.26,76.0,6577.0
active:batch16:size16,1788792102.6807957,266.26,76.0,6577.0
active:batch16:size16,1788792102.730998,268.18,76.0,6577.0
active:batch16:size16,1788792102.781261,268.18,60.0,6577.0
active:batch16:size16,1788792102.83158,245.36,60.0,6577.0
active:batch16:size16,1788792102.8817904,245.36,60.0,6577.0
active:batch16:size16,1788792102.9320698,245.36,60.0,6577.0
active:batch16:size16,1788792102.982333,271.08,94.0,6577.0
active:batch17:size16,1788792103.133202,254.72,94.0,6577.0
active:batch17:size16,1788792103.183456,62.28,68.0,6577.0
active:batch17:size16,1788792103.2337387,62.28,68.0,6577.0
active:batch17:size16,1788792103.2840042,273.98,68.0,6577.0
active:batch17:size16,1788792103.3342872,273.98,68.0,6577.0
active:batch17:size16,1788792103.3845603,253.24,92.0,6577.0
active:batch17:size16,1788792103.4348457,253.24,92.0,6577.0
active:batch17:size16,1788792103.4851177,277.12,92.0,6577.0
active:batch18:size16,1788792103.585777,257.65,95.0,6577.0
active:batch18:size16,1788792103.6359792,257.65,95.0,6577.0
active:batch18:size16,1788792103.6862612,69.28,95.0,6577.0
active:batch18:size16,1788792103.736546,69.28,95.0,6577.0
active:batch18:size16,1788792103.7881165,248.14,61.0,6577.0
active:batch18:size16,1788792103.852403,248.14,61.0,6577.0
active:batch18:size16,1788792103.948742,249.24,61.0,6577.0
active:batch19:size16,1788792104.4019804,268.58,94.0,6577.0
active:batch19:size16,1788792104.4523146,258.37,94.0,6577.0
active:batch20:size16,1788792104.6031926,258.74,91.0,6577.0
active:batch20:size16,1788792104.6534905,139.56,91.0,6577.0
active:batch20:size16,1788792104.7037594,139.56,91.0,6577.0
active:batch20:size16,1788792104.7540464,243.96,91.0,6577.0
active:batch20:size16,1788792104.8043337,243.96,69.0,6577.0
active:batch20:size16,1788792104.8546174,243.96,69.0,6577.0
active:batch20:size16,1788792104.9048998,223.28,69.0,6577.0
active:batch20:size16,1788792104.9551804,223.28,69.0,6577.0
active:batch21:size16,1788792105.0557854,258.08,94.0,6577.0
active:batch21:size16,1788792105.1060455,135.26,94.0,6577.0
active:batch21:size16,1788792105.1563246,135.26,94.0,6577.0
active:batch21:size16,1788792105.2066078,240.89,64.0,6577.0
active:batch21:size16,1788792105.2568884,240.89,64.0,6577.0
active:batch21:size16,1788792105.307175,256.2,64.0,6577.0
active:batch21:size16,1788792105.3574507,256.2,64.0,6577.0
active:batch21:size16,1788792105.4077208,180.81,93.0,6577.0
active:batch21:size16,1788792105.458002,180.81,93.0,6577.0
active:batch22:size16,1788792105.5714853,251.96,93.0,6577.0
active:batch22:size16,1788792105.627045,78.5,82.0,6577.0
active:batch22:size16,1788792105.6780717,262.9,82.0,6577.0
active:batch22:size16,1788792105.730644,262.9,82.0,6577.0
active:batch23:size16,1788792106.142007,262.9,82.0,6577.0
active:batch23:size16,1788792106.1922278,269.4,82.0,6577.0
active:batch23:size16,1788792106.2425666,269.4,64.0,6577.0
active:batch23:size16,1788792106.2928178,264.63,64.0,6577.0
active:batch23:size16,1788792106.3430603,264.63,64.0,6577.0
active:batch23:size16,1788792106.3935244,264.63,64.0,6577.0
active:batch23:size16,1788792106.4436228,278.59,94.0,6577.0
active:batch24:size16,1788792106.544208,251.07,94.0,6577.0
active:batch24:size16,1788792106.5944965,251.07,94.0,6577.0
active:batch24:size16,1788792106.644848,63.67,70.0,6577.0
active:batch24:size16,1788792106.6950283,63.67,70.0,6577.0
active:batch24:size16,1788792106.745328,252.05,70.0,6577.0
active:batch24:size16,1788792106.7956462,252.05,70.0,6577.0
active:batch24:size16,1788792106.8458834,249.44,90.0,6577.0
active:batch24:size16,1788792106.8961625,249.44,90.0,6577.0
active:batch24:size16,1788792106.946447,264.17,90.0,6577.0
active:batch25:size16,1788792107.047062,264.17,94.0,6577.0
active:batch25:size16,1788792107.0973468,264.17,94.0,6577.0
active:batch25:size16,1788792107.1476321,61.59,94.0,6577.0
active:batch25:size16,1788792107.1978977,61.59,94.0,6577.0
active:batch25:size16,1788792107.2499535,266.73,62.0,6577.0
active:batch25:size16,1788792107.3472455,246.37,62.0,6577.0
active:batch27:size16,1788792108.0542269,255.44,91.0,6577.0
active:batch27:size16,1788792108.1045084,103.01,91.0,6577.0
active:batch27:size16,1788792108.1547918,103.01,91.0,6577.0
active:batch27:size16,1788792108.2050714,254.5,64.0,6577.0
active:batch27:size16,1788792108.2553546,253.71,64.0,6577.0
active:batch27:size16,1788792108.3056345,253.71,64.0,6577.0
active:batch27:size16,1788792108.3559167,253.71,64.0,6577.0
active:batch27:size16,1788792108.406197,255.31,94.0,6577.0
active:batch28:size16,1788792108.506784,258.65,94.0,6577.0
active:batch28:size16,1788792108.5570698,148.85,94.0,6577.0
active:batch28:size16,1788792108.6073518,148.85,63.0,6577.0
active:batch28:size16,1788792108.6576328,148.85,63.0,6577.0
active:batch28:size16,1788792108.7079158,252.61,63.0,6577.0
active:batch28:size16,1788792108.758196,252.61,63.0,6577.0
active:batch28:size16,1788792108.8084774,211.45,93.0,6577.0
active:batch28:size16,1788792108.8587556,211.45,93.0,6577.0
active:batch28:size16,1788792108.9090374,249.25,93.0,6577.0
active:batch29:size16,1788792109.0117857,123.93,88.0,6577.0
active:batch29:size16,1788792109.0622091,242.91,88.0,6577.0
active:batch29:size16,1788792109.1321454,242.91,88.0,6577.0
active:batch29:size16,1788792109.225633,267.79,73.0,6577.0
active:batch29:size16,1788792109.2793007,150.21,73.0,6577.0
active:batch30:size16,1788792109.691052,150.21,73.0,6577.0
active:batch30:size16,1788792109.741428,150.21,61.0,6577.0
active:batch30:size16,1788792109.7916684,202.52,61.0,6577.0
active:batch30:size16,1788792109.8419442,202.52,93.0,6577.0
active:batch30:size16,1788792109.89222,249.53,93.0,6577.0
active:batch31:size16,1788792109.993075,72.98,93.0,6577.0
active:batch31:size16,1788792110.0430965,72.98,80.0,6577.0
active:batch31:size16,1788792110.0933917,272.22,80.0,6577.0
active:batch31:size16,1788792110.143675,272.22,80.0,6577.0
active:batch31:size16,1788792110.1939778,255.79,80.0,6577.0
active:batch31:size16,1788792110.2442389,255.79,78.0,6577.0
active:batch31:size16,1788792110.2945232,220.12,78.0,6577.0
active:batch31:size16,1788792110.3449616,220.12,78.0,6577.0
active:batch31:size16,1788792110.3950918,254.12,78.0,6577.0
active:batch32:size16,1788792110.49571,69.71,94.0,6577.0
active:batch32:size16,1788792110.5459936,69.71,94.0,6577.0
active:batch32:size16,1788792110.5962737,270.21,94.0,6577.0
active:batch32:size16,1788792110.6465554,270.21,60.0,6577.0
active:batch32:size16,1788792110.6967654,250.99,60.0,6577.0
active:batch32:size16,1788792110.7470634,250.99,60.0,6577.0
active:batch32:size16,1788792110.7975757,250.32,60.0,6577.0
active:batch32:size16,1788792110.8628116,250.32,93.0,6577.0
active:batch34:size14,1788792111.5107856,65.87,75.0,6577.0
active:batch34:size14,1788792111.5610654,68.43,75.0,6577.0
active:batch34:size14,1788792111.6113439,68.43,94.0,6577.0
active:batch34:size14,1788792111.6616254,260.32,94.0,6577.0
active:batch34:size14,1788792111.71195,260.32,68.0,6577.0
active:batch34:size14,1788792111.7621927,249.58,68.0,6577.0
active:batch34:size14,1788792111.812473,249.58,68.0,6577.0
