epoch,learning_rate,adapter_learning_rate,readout_learning_rate,router_learning_rate,phase_learning_rate,phase_focus_epoch,learning_rate_scale,total_loss,kd_loss,relational_kd_loss,retrieval_loss,gallery_loss,teacher_gallery_loss,router_balance_loss,router_importance_loss,router_response_consistency_loss,phase_dc_loss,phase_dc_weighted_loss,ccd_operating_point_loss,ccd_operating_point_weighted_loss,phase_dc_current_loss,phase_dc_rho_mean,phase_dc_rho_max,phase_dc_plane_count,vision_router_entropy,language_router_entropy,vision_router_active_experts,language_router_active_experts,vision_router_max_importance,language_router_max_importance,vision_router_min_selection_count,vision_router_max_selection_count,vision_router_unselected_experts,language_router_min_selection_count,language_router_max_selection_count,language_router_unselected_experts,phase_grad_rms,phase_grad_max,phase_grad_missing_planes,vision_expert_phase_grad_rms,vision_expert_phase_grad_max,vision_expert_phase_grad_missing_planes,vision_global_phase_grad_rms,vision_global_phase_grad_max,vision_global_phase_grad_missing_planes,language_expert_phase_grad_rms,language_expert_phase_grad_max,language_expert_phase_grad_missing_planes,language_global_phase_grad_rms,language_global_phase_grad_max,language_global_phase_grad_missing_planes,phase_physical_std_rad,phase_delta_from_pi_rms_rad,phase_delta_run_rms_rad,phase_delta_epoch_rms_rad,phase_raw_abs_mean,phase_sigmoid_saturation_fraction_abs_raw_gt_4,vision_expert_phase_std_rad,vision_expert_phase_delta_run_rms_rad,vision_expert_phase_delta_epoch_rms_rad,vision_expert_phase_moved_fraction_gt_0p01,vision_global_phase_std_rad,vision_global_phase_delta_run_rms_rad,vision_global_phase_delta_epoch_rms_rad,vision_global_phase_moved_fraction_gt_0p01,language_expert_phase_std_rad,language_expert_phase_delta_run_rms_rad,language_expert_phase_delta_epoch_rms_rad,language_expert_phase_moved_fraction_gt_0p01,language_global_phase_std_rad,language_global_phase_delta_run_rms_rad,language_global_phase_delta_epoch_rms_rad,language_global_phase_moved_fraction_gt_0p01,trainable_tensors_without_gradient,samples,model_forward_samples,train_top1,train_top3,train_mrr,train_metric_definition,epoch_time_sec,test_top1,test_top3,test_mrr,ema_test_top1,ema_test_top3,ema_test_mrr,checkpoint_selected_by
1,0.0001,0.0001,5e-05,5e-05,0.0,False,0.3333333333333333,3.6656470987733325,0.0,0.0,2.096631223257957,1.53110295602124,0.0,0.0,0.0,0.0,0.0,0.0,1.895645580817538,0.03791291161635076,0.0,0.0,0.0,0,0.9988081219531737,0.9974589918956104,2.0,2.555133079847909,0.2652753695788945,0.28623044139532083,0,2630,2,180,2630,0,4.295759396200083e-05,0.0030950417006221998,0.0,4.9208663313038414e-06,0.0001671273147232049,0.0,4.595167297338776e-06,0.00016950572327394703,0.0,6.180862863353858e-05,0.0027449331180702885,0.0,5.918770811165684e-05,0.002763171338821329,0.0,0.03136559575796127,0.03136562556028366,0.0,0.0,0.01592807099223137,0.0,0.031409479677677155,0.0,0.0,0.0,0.03135201707482338,0.0,0.0,0.0,0.03138719126582146,0.0,0.0,0.0,0.031321294605731964,0.0,0.0,0.0,0,2630,2630,0.34600760456273766,0.7422053231939163,0.5720278953871346,episodic in-batch query vs randomly selected support prototypes,127.58471475541592,0.47999998927116394,0.7699999809265137,0.6432162523269653,0.4399999976158142,0.7099999785423279,0.6095060110092163,training_total_loss
2,0.0001,0.0001,5e-05,5e-05,0.0,False,0.6666666666666666,3.1582379644814553,0.0,0.0,1.8125875172959534,1.3081158623949203,0.0,0.0,0.0,0.0,0.0,0.0,1.8767293193041146,0.03753458638608229,0.0,0.0,0.0,0,0.9976276533231989,0.9897198493489747,2.041825095057034,2.4980988593155895,0.28228580951690674,0.32243140852043384,7,2630,0,465,2630,0,8.29683299343742e-05,0.005435221554112754,0.0,1.0656652778249867e-05,0.00032430375826412013,0.0,1.0563869344488402e-05,0.0003738560979919774,0.0,0.00012136043655378412,0.0051683021624090286,0.0,0.00011146302985512843,0.0048118984684281585,0.0,0.03136559575796127,0.03136562556028366,0.0,0.0,0.01592807099223137,0.0,0.031409479677677155,0.0,0.0,0.0,0.03135201707482338,0.0,0.0,0.0,0.03138719126582146,0.0,0.0,0.0,0.031321294605731964,0.0,0.0,0.0,0,2630,2630,0.4935361216730038,0.8532319391634982,0.6835234598515152,episodic in-batch query vs randomly selected support prototypes,63.807372972369194,0.5600000023841858,0.7599999904632568,0.6969821453094482,0.5649999976158142,0.7649999856948853,0.6954324841499329,training_total_loss
3,0.0001,0.0001,5e-05,5e-05,0.0,False,1.0,2.982602137576491,0.0,0.0,1.717307288383803,1.2314814204498843,0.0,0.0,0.0,0.0,0.0,0.0,1.6906712340764674,0.03381342468152934,0.0,0.0,0.0,0,0.9101965778680808,0.9038079838789008,2.570342205323194,2.5893536121673004,0.4559937029963664,0.4829987101681785,100,2630,0,575,2630,0,6.759517217298188e-05,0.004159615857393614,0.0,7.362174008968785e-06,0.00029428605453826355,0.0,6.707301606313974e-06,0.00028008243368406383,0.0,9.565103875632173e-05,0.003806470932821477,0.0,9.417382164299073e-05,0.00392006804967033,0.0,0.03136559575796127,0.03136562556028366,0.0,0.0,0.01592807099223137,0.0,0.031409479677677155,0.0,0.0,0.0,0.03135201707482338,0.0,0.0,0.0,0.03138719126582146,0.0,0.0,0.0,0.031321294605731964,0.0,0.0,0.0,0,2630,2630,0.5315589353612167,0.8760456273764259,0.7108365136860895,episodic in-batch query vs randomly selected support prototypes,53.985622614622116,0.574999988079071,0.8199999928474426,0.7148908376693726,0.5950000286102295,0.800000011920929,0.7228372693061829,training_total_loss
4,0.0001,0.0001,5e-05,5e-05,0.0,False,0.9992465194940081,2.674122047288336,0.0,0.0,1.536748074363393,1.1097548554152137,0.0,0.0,0.0,0.0,0.0,0.0,1.3809557446055538,0.02761911489211108,0.0,0.0,0.0,0,0.4926299733807379,0.723768818287795,2.9923954372623576,2.1520912547528517,0.809956073307719,0.6641655877062577,173,2630,0,387,2630,0,4.779279408597047e-05,0.0029709630751832655,0.0,5.778452678636573e-06,0.00024162336610191102,0.0,5.440668944954398e-06,0.0002476539411873091,0.0,7.247825651899933e-05,0.002952782031310822,0.0,6.182837939507278e-05,0.002393874442142468,0.0,0.03136559575796127,0.03136562556028366,0.0,0.0,0.01592807099223137,0.0,0.031409479677677155,0.0,0.0,0.0,0.03135201707482338,0.0,0.0,0.0,0.03138719126582146,0.0,0.0,0.0,0.031321294605731964,0.0,0.0,0.0,0,2630,2630,0.596958174904943,0.8950570342205323,0.7556907560435538,episodic in-batch query vs randomly selected support prototypes,47.61579155176878,0.6000000238418579,0.8700000047683716,0.7345733642578125,0.6100000143051147,0.8199999928474426,0.7399603128433228,training_total_loss
5,0.0001,0.0001,5e-05,5e-05,0.0,False,0.9969768546962632,2.495703662076377,0.0,0.0,1.4459265020637004,1.0245500446045808,0.0,0.0,0.0,0.0,0.0,0.0,1.2613558524461754,0.025227117048923508,0.0,0.0,0.0,0,0.26855784303335184,0.5299691858173776,2.9277566539923954,2.418250950570342,0.9179641350593857,0.7935179725799271,144,2630,0,258,2630,0,2.4998204967882236e-05,0.0014451587131978677,0.0,4.937492284235694e-06,0.00020963081052676507,0.0,4.814784574591613e-06,0.0002054449838137121,0.0,3.681982817787295e-05,0.0013189878830287074,0.0,3.3275264968324336e-05,0.0012966595739791436,0.0,0.03136559575796127,0.03136562556028366,0.0,0.0,0.01592807099223137,0.0,0.031409479677677155,0.0,0.0,0.0,0.03135201707482338,0.0,0.0,0.0,0.03138719126582146,0.0,0.0,0.0,0.031321294605731964,0.0,0.0,0.0,0,2630,2630,0.6212927756653992,0.9186311787072243,0.7724334704105392,episodic in-batch query vs randomly selected support prototypes,48.59809070080519,0.6299999952316284,0.8399999737739563,0.7524901628494263,0.6650000214576721,0.8299999833106995,0.7710317373275757,training_total_loss
6,0.0001,0.0001,5e-05,5e-05,0.0,False,0.9931978875247613,2.274718872721204,0.0,0.0,1.301837801310046,0.9482948207243314,0.0,0.0,0.0,0.0,0.0,0.0,1.2293127317392327,0.024586254634784657,0.0,0.0,0.0,0,0.20439594185171017,0.47079751575401074,3.307984790874525,2.3536121673003803,0.942157598276102,0.8260003301127329,417,2630,0,223,2630,0,2.6203501030457638e-05,0.0014100080630409398,0.0,7.4614550515304605e-06,0.000333391940200402,0.0,6.52230135399025e-06,0.00032246450947630886,0.0,3.786383786064107e-05,0.001264155372544857,0.0,3.474425453272748e-05,0.0012595639564096928,0.0,0.03136559575796127,0.03136562556028366,0.0,0.0,0.01592807099223137,0.0,0.031409479677677155,0.0,0.0,0.0,0.03135201707482338,0.0,0.0,0.0,0.03138719126582146,0.0,0.0,0.0,0.031321294605731964,0.0,0.0,0.0,0,2630,2630,0.6737642585551331,0.9269961977186312,0.8016223160486258,episodic in-batch query vs randomly selected support prototypes,47.86062325537205,0.6600000262260437,0.875,0.7777042984962463,0.6449999809265137,0.8399999737739563,0.7613630890846252,training_total_loss
7,0.0001,0.0001,5e-05,5e-05,0.0,False,0.9879210945786006,2.1624936650121165,0.0,0.0,1.2572461874560654,0.881374900671919,0.0,0.0,0.0,0.0,0.0,0.0,1.1936291614866075,0.02387258322973215,0.0,0.0,0.0,0,0.15554494130294133,0.3547692283024806,3.585551330798479,2.532319391634981,0.9589214991254045,0.8818332575573214,333,2630,0,362,2630,0,1.806964636281399e-05,0.0007955915207276121,0.0,7.996276817071443e-06,0.00038571715724953847,0.0,7.340561426514926e-06,0.00034786112207387177,0.0,2.49196125423623e-05,0.0007054027773847338,0.0,2.3417356097914827e-05,0.0007362553255266643,0.0,0.03136559575796127,0.03136562556028366,0.0,0.0,0.01592807099223137,0.0,0.031409479677677155,0.0,0.0,0.0,0.03135201707482338,0.0,0.0,0.0,0.03138719126582146,0.0,0.0,0.0,0.031321294605731964,0.0,0.0,0.0,0,2630,2630,0.6988593155893537,0.935361216730038,0.8181495647466681,episodic in-batch query vs randomly selected support prototypes,43.14813073724508,0.6600000262260437,0.8450000286102295,0.771043598651886,0.6800000071525574,0.8650000095367432,0.7874881029129028,training_total_loss
8,0.0001,0.0001,5e-05,5e-05,0.0,False,0.9811625013045278,1.982217442003493,0.0,0.0,1.1425799684096198,0.8161524998257822,0.0,0.0,0.0,0.0,0.0,0.0,1.1742487620038224,0.02348497524007645,0.0,0.0,0.0,0,0.12431979986764632,0.29649170847900014,3.6692015209125475,2.311787072243346,0.9688498844665266,0.9071473714969911,729,2630,0,198,2630,0,1.670010026698167e-05,0.0007048983659063067,0.0,8.268913331578784e-06,0.0004249833010752419,0.0,7.94352292489618e-06,0.0004532384804666175,0.0,2.268150475564263e-05,0.0006310840898160157,0.0,2.1451336384156354e-05,0.0006191080267724049,0.0,0.03136559575796127,0.03136562556028366,0.0,0.0,0.01592807099223137,0.0,0.031409479677677155,0.0,0.0,0.0,0.03135201707482338,0.0,0.0,0.0,0.03138719126582146,0.0,0.0,0.0,0.031321294605731964,0.0,0.0,0.0,0,2630,2630,0.7285171102661597,0.9513307984790874,0.8402534930878266,episodic in-batch query vs randomly selected support prototypes,43.10384291410446,0.6800000071525574,0.8600000143051147,0.7872619032859802,0.699999988079071,0.8700000047683716,0.802351176738739,training_total_loss
9,0.0001,0.0001,5e-05,5e-05,0.0,False,0.9729426333281841,1.91087608328337,0.0,0.0,1.1001796188406618,0.7874160347216029,0.0,0.0,0.0,0.0,0.0,0.0,1.1640215441301296,0.02328043088260259,0.0,0.0,0.0,0,0.10511131077551569,0.2748087463270122,3.494296577946768,2.3422053231939164,0.9745815258062385,0.9158930332035167,236,2630,0,261,2630,0,1.3889189209034417e-05,0.000580313295358792,0.0,9.216660942001909e-06,0.000394841845263727,0.0,7.89379729277633e-06,0.00036183201986464804,0.0,1.8408575929892583e-05,0.0005258233151315446,0.0,1.6719359304521015e-05,0.0005343183739958997,0.0,0.03136559575796127,0.03136562556028366,0.0,0.0,0.01592807099223137,0.0,0.031409479677677155,0.0,0.0,0.0,0.03135201707482338,0.0,0.0,0.0,0.03138719126582146,0.0,0.0,0.0,0.031321294605731964,0.0,0.0,0.0,0,2630,2630,0.7254752851711027,0.9475285171102662,0.8381749115062758,episodic in-batch query vs randomly selected support prototypes,44.04871241003275,0.7049999833106995,0.8999999761581421,0.8135595917701721,0.7099999785423279,0.8899999856948853,0.8150237798690796,training_total_loss
10,0.0001,0.0001,5e-05,5e-05,0.0,False,0.9632864541184547,1.8906552818508202,0.0,0.0,1.087489229141816,0.7801670549940247,0.0,0.0,0.0,0.0,0.0,0.0,1.1499499930175086,0.022998999860350172,0.0,0.0,0.0,0,0.08840722383881704,0.22287670673073018,3.7870722433460076,2.171102661596958,0.9793628821354855,0.9357372418102656,569,2630,0,270,2630,0,1.3418978856602085e-05,0.000626758740898887,0.0,1.0555455933821836e-05,0.0005051805991180507,0.0,9.91142704671282e-06,0.00046847079439820457,0.0,1.655754765904151e-05,0.0004998407057428267,0.0,1.475018007113249e-05,0.0004928440009410094,0.0,0.03136559575796127,0.03136562556028366,0.0,0.0,0.01592807099223137,0.0,0.031409479677677155,0.0,0.0,0.0,0.03135201707482338,0.0,0.0,0.0,0.03138719126582146,0.0,0.0,0.0,0.031321294605731964,0.0,0.0,0.0,0,2630,2630,0.7384030418250951,0.9528517110266159,0.8445880917088614,episodic in-batch query vs randomly selected support prototypes,41.519297286868095,0.75,0.8999999761581421,0.8320536017417908,0.7350000143051147,0.8899999856948853,0.8291786313056946,training_total_loss
11,0.0001,0.0001,5e-05,5e-05,0.0,False,0.9522232891742329,1.7333571733234046,0.0,0.0,0.9919969835176979,0.7185510683082356,0.0,0.0,0.0,0.0,0.0,0.0,1.1404559485359338,0.022809118970718672,0.0,0.0,0.0,0,0.07742033811009882,0.1987444764647647,3.741444866920152,2.2699619771863118,0.9823604679379626,0.9444526483804101,497,2630,0,52,2630,0,1.2854379292548401e-05,0.0006322781794421774,0.0,1.2581506033321993e-05,0.000580802392505575,0.0,1.0969857027833183e-05,0.0004883528651719514,0.0,1.4277418521097779e-05,0.0004137507556671543,0.0,1.295139993219761e-05,0.0003540972434815818,0.0,0.03136559575796127,0.03136562556028366,0.0,0.0,0.01592807099223137,0.0,0.031409479677677155,0.0,0.0,0.0,0.03135201707482338,0.0,0.0,0.0,0.03138719126582146,0.0,0.0,0.0,0.031321294605731964,0.0,0.0,0.0,0,2630,2630,0.752851711026616,0.9634980988593156,0.8540050774926016,episodic in-batch query vs randomly selected support prototypes,42.501685567200184,0.7200000286102295,0.8899999856948853,0.8167282342910767,0.7300000190734863,0.8949999809265137,0.8258650302886963,training_total_loss
12,0.0001,0.0001,5e-05,5e-05,0.0,False,0.9397867369638457,1.6091751164611527,0.0,0.0,0.9316399083685257,0.6548616240091424,0.0,0.0,0.0,0.0,0.0,0.0,1.133679146095827,0.02267358292191654,0.0,0.0,0.0,0,0.06546503506572528,0.1841099151753654,3.6806083650190113,2.2813688212927756,0.9855264472870773,0.9495352436381148,492,2630,0,210,2630,0,1.4678389837692002e-05,0.0008455741595493496,0.0,1.6296847921434425e-05,0.0008208966215274163,0.0,1.4490072641949934e-05,0.0006200428376489851,0.0,1.3966401736200038e-05,0.00037887786779070405,0.0,1.2910944714609027e-05,0.0003694861687628353,0.0,0.03136559575796127,0.03136562556028366,0.0,0.0,0.01592807099223137,0.0,0.031409479677677155,0.0,0.0,0.0,0.03135201707482338,0.0,0.0,0.0,0.03138719126582146,0.0,0.0,0.0,0.031321294605731964,0.0,0.0,0.0,0,2630,2630,0.7809885931558935,0.9718631178707224,0.8746261150664703,episodic in-batch query vs randomly selected support prototypes,43.309122398495674,0.7699999809265137,0.8999999761581421,0.8433730602264404,0.7400000095367432,0.8999999761581421,0.827609121799469,training_total_loss
13,0.0001,0.0001,5e-05,5e-05,0.0,False,0.9260145668876083,1.4800960240821874,0.0,0.0,0.8509499015916889,0.6065708197964915,0.0,0.0,0.0,0.0,0.0,0.0,1.1287649493706997,0.022575298987413995,0.0,0.0,0.0,0,0.05529670441388631,0.17024318715238754,3.7984790874524714,2.03041825095057,0.9881483035395807,0.9542624805363412,568,2630,0,0,2630,1,1.422171888927031e-05,0.0007832413289829024,0.0,1.6543795871777028e-05,0.0007276258402271196,0.0,1.506934998880232e-05,0.0007254214412699055,0.0,1.3205437393740535e-05,0.00036939646296169873,0.0,1.1266943861950754e-05,0.0003196926856097499,0.0,0.03136559575796127,0.03136562556028366,0.0,0.0,0.01592807099223137,0.0,0.031409479677677155,0.0,0.0,0.0,0.03135201707482338,0.0,0.0,0.0,0.03138719126582146,0.0,0.0,0.0,0.031321294605731964,0.0,0.0,0.0,0,2630,2630,0.8060836501901141,0.976425855513308,0.8885551361983267,episodic in-batch query vs randomly selected support prototypes,43.437161445617676,0.7450000047683716,0.9300000071525574,0.8370813131332397,0.7599999904632568,0.8949999809265137,0.8388512134552002,training_total_loss
14,0.0001,0.0001,5e-05,5e-05,0.0,False,0.9109486045733975,1.472118561485421,0.0,0.0,0.8515388695664788,0.5980586170753599,0.0,0.0,0.0,0.0,0.0,0.0,1.1260537149335041,0.022521074298670084,0.0,0.0,0.0,0,0.04858671657089498,0.18052439839214426,3.9163498098859315,2.0,0.9897759599830714,0.9507656328578412,725,2630,0,0,2630,2,1.2616292938868615e-05,0.0006528761171336685,0.0,1.3550288648340419e-05,0.0005931835268191728,0.0,1.1112575780966186e-05,0.0005370679157619764,0.0,1.3511318489431037e-05,0.00038627056554625075,0.0,1.1857630430053437e-05,0.0003650816361187026,0.0,0.03136559575796127,0.03136562556028366,0.0,0.0,0.01592807099223137,0.0,0.031409479677677155,0.0,0.0,0.0,0.03135201707482338,0.0,0.0,0.0,0.03138719126582146,0.0,0.0,0.0,0.031321294605731964,0.0,0.0,0.0,0,2630,2630,0.7939163498098859,0.9718631178707224,0.8815082435825479,episodic in-batch query vs randomly selected support prototypes,46.01936453580856,0.7450000047683716,0.8949999809265137,0.8320475816726685,0.7649999856948853,0.8849999904632568,0.8437401056289673,training_total_loss
15,0.0001,0.0001,5e-05,5e-05,0.0,False,0.894634604853594,1.4252088207029119,0.0,0.0,0.8154005103995988,0.5873717795986639,0.0,0.0,0.0,0.0,0.0,0.0,1.1218263522753698,0.022436527045507394,0.0,0.0,0.0,0,0.04237338376475831,0.17487366695821058,3.91254752851711,2.08745247148289,0.991281278913012,0.9526968897522176,752,2630,0,11,2630,0,1.3331672367452743e-05,0.00077223883896035,0.0,1.675002751458773e-05,0.0007148313067903343,0.0,1.3588605790053926e-05,0.0006538166484720673,0.0,1.152620986236538e-05,0.00031159449021548165,0.0,1.0366597881069797e-05,0.00031413837911843857,0.0,0.03136559575796127,0.03136562556028366,0.0,0.0,0.01592807099223137,0.0,0.031409479677677155,0.0,0.0,0.0,0.03135201707482338,0.0,0.0,0.0,0.03138719126582146,0.0,0.0,0.0,0.031321294605731964,0.0,0.0,0.0,0,2630,2630,0.8114068441064639,0.9718631178707224,0.8903041884926336,episodic in-batch query vs randomly selected support prototypes,44.55828060209751,0.7300000190734863,0.9200000166893005,0.8292123675346375,0.7850000262260437,0.8999999761581421,0.8570060133934021,training_total_loss
16,0.0001,0.0001,5e-05,5e-05,0.0,False,0.8771221128091606,1.3770327277396568,0.0,0.0,0.7946675522173241,0.5600519578323164,0.0,0.0,0.0,0.0,0.0,0.0,1.115660960230084,0.022313219204601678,0.0,0.0,0.0,0,0.03869387984785744,0.15960521809048525,3.8098859315589353,2.3802281368821294,0.9920877064135591,0.9577866507120458,554,2630,0,84,2630,0,1.2949332001101408e-05,0.0009142908924591861,0.0,1.725569992621396e-05,0.0008260238391812891,0.0,1.3825018608518544e-05,0.0007470737577282957,0.0,9.733881695085853e-06,0.0002483589513368705,0.0,9.151793847195222e-06,0.0002687260795417907,0.0,0.03136559575796127,0.03136562556028366,0.0,0.0,0.01592807099223137,0.0,0.031409479677677155,0.0,0.0,0.0,0.03135201707482338,0.0,0.0,0.0,0.03138719126582146,0.0,0.0,0.0,0.031321294605731964,0.0,0.0,0.0,0,2630,2630,0.8106463878326996,0.9665399239543726,0.8893409429847514,episodic in-batch query vs randomly selected support prototypes,41.23564474284649,0.8199999928474426,0.9449999928474426,0.8828511238098145,0.8050000071525574,0.9100000262260437,0.8689345717430115,training_total_loss
17,0.0001,0.0001,5e-05,5e-05,0.0,False,0.8584643133028598,1.2735090809714884,0.0,0.0,0.7383546439599699,0.5129030282138192,0.0,0.0,0.0,0.0,0.0,0.0,1.1125704249501682,0.022251408499003363,0.0,0.0,0.0,0,0.033225221424841606,0.1603492787355706,3.9163498098859315,2.0,0.9934053896951132,0.9575369038509325,692,2630,0,0,2630,2,1.0213438015073604e-05,0.0007855852748304772,0.0,1.4599817721513578e-05,0.0007691951432207134,0.0,1.0450654899938985e-05,0.000505529734774817,0.0,7.203283339712081e-06,0.00018784912780185032,0.0,6.295958440562442e-06,0.00018721136244234264,0.0,0.03136559575796127,0.03136562556028366,0.0,0.0,0.01592807099223137,0.0,0.031409479677677155,0.0,0.0,0.0,0.03135201707482338,0.0,0.0,0.0,0.03138719126582146,0.0,0.0,0.0,0.031321294605731964,0.0,0.0,0.0,0,2630,2630,0.8319391634980988,0.9771863117870723,0.9046641360670895,episodic in-batch query vs randomly selected support prototypes,48.45233062654734,0.7699999809265137,0.9150000214576721,0.8515118956565857,0.7850000262260437,0.9049999713897705,0.8572976589202881,training_total_loss
18,0.0001,0.0001,5e-05,5e-05,0.0,False,0.8387178694585729,1.2269174206874442,0.0,0.0,0.69635856020182,0.5083846759844303,0.0,0.0,0.0,0.0,0.0,0.0,1.1087092813883443,0.02217418562776689,0.0,0.0,0.0,0,0.028403773485990984,0.16427062604817147,3.88212927756654,2.038022813688213,0.9944761032840598,0.9562284477310036,539,2630,0,5,2630,0,1.8085849140853888e-05,0.001176413452152961,0.0,2.533550085510277e-05,0.0011646662813810898,0.0,1.908223859053188e-05,0.0009604898181610874,0.0,1.3074826711090282e-05,0.0003483180605274226,0.0,1.1165700016135816e-05,0.000328979042283858,0.0,0.03136559575796127,0.03136562556028366,0.0,0.0,0.01592807099223137,0.0,0.031409479677677155,0.0,0.0,0.0,0.03135201707482338,0.0,0.0,0.0,0.03138719126582146,0.0,0.0,0.0,0.031321294605731964,0.0,0.0,0.0,0,2630,2630,0.8326996197718631,0.9779467680608365,0.9033840338993435,episodic in-batch query vs randomly selected support prototypes,46.03262760490179,0.7900000214576721,0.9150000214576721,0.8609286546707153,0.8050000071525574,0.9150000214576721,0.874208390712738,training_total_loss
19,0.0001,0.0001,5e-05,5e-05,0.0,False,0.8179427505772561,1.1947061911990207,0.0,0.0,0.6850351778809831,0.4876155490657676,0.0,0.0,0.0,0.0,0.0,0.0,1.1027733005951565,0.02205546601190313,0.0,0.0,0.0,0,0.0248645753121648,0.14219863837436125,3.828897338403042,2.4372623574144487,0.9951823938482162,0.9634086680049678,497,2630,0,60,2630,0,1.581721114364752e-05,0.001273499760178051,0.0,2.3060426883603213e-05,0.0012052096093871764,0.0,1.798179645058034e-05,0.0010453885396210743,0.0,9.225488318926572e-06,0.0002449923496377388,0.0,7.876719873170909e-06,0.00021700972242147794,0.0,0.03136559575796127,0.03136562556028366,0.0,0.0,0.01592807099223137,0.0,0.031409479677677155,0.0,0.0,0.0,0.03135201707482338,0.0,0.0,0.0,0.03138719126582146,0.0,0.0,0.0,0.031321294605731964,0.0,0.0,0.0,0,2630,2630,0.8304182509505703,0.9825095057034221,0.9046007635022297,episodic in-batch query vs randomly selected support prototypes,43.95761903375387,0.8149999976158142,0.925000011920929,0.8794166445732117,0.7950000166893005,0.925000011920929,0.8671249151229858,training_total_loss
20,0.0001,0.0001,5e-05,5e-05,0.0,False,0.7962020500121436,1.1331753312634878,0.0,0.0,0.6548315794995062,0.4563916335059436,0.0,0.0,0.0,0.0,0.0,0.0,1.0976060166558386,0.021952120333116772,0.0,0.0,0.0,0,0.021516528504656296,0.12779114661674537,3.8631178707224336,2.612167300380228,0.9959584977690258,0.9679065904236565,630,2630,0,92,2630,0,1.3751118485418243e-05,0.0010940194661088753,0.0,2.1158880908192907e-05,0.0010734481056715595,0.0,1.49769380349036e-05,0.0008021937470143062,0.0,7.012955766835408e-06,0.00019308580548178206,0.0,6.139316176196579e-06,0.00018058239870047795,0.0,0.03136559575796127,0.03136562556028366,0.0,0.0,0.01592807099223137,0.0,0.031409479677677155,0.0,0.0,0.0,0.03135201707482338,0.0,0.0,0.0,0.03138719126582146,0.0,0.0,0.0,0.031321294605731964,0.0,0.0,0.0,0,2630,2630,0.834980988593156,0.9863117870722433,0.9074144539271017,episodic in-batch query vs randomly selected support prototypes,40.11741650849581,0.8100000023841858,0.9350000023841858,0.8807260990142822,0.8100000023841858,0.9300000071525574,0.8750416040420532,training_total_loss
21,0.0001,0.0001,5e-05,5e-05,0.0,False,0.7735617935563082,1.0602595438975344,0.0,0.0,0.6055311131638125,0.4328370172346273,0.0,0.0,0.0,0.0,0.0,0.0,1.0945704685871138,0.021891409371742276,0.0,0.0,0.0,0,0.01898691823755607,0.12342250318808247,3.908745247148289,2.216730038022814,0.9964580350049095,0.9692521097542215,631,2630,0,0,2630,1,1.1920546666845309e-05,0.0008083949266749967,0.0,1.7588313799673676e-05,0.0007481680139400331,0.0,1.4238319465675886e-05,0.0007399060320624683,0.0,5.580868389643001e-06,0.00014980647743608903,0.0,4.9924490213015815e-06,0.0001326398586830432,0.0,0.03136559575796127,0.03136562556028366,0.0,0.0,0.01592807099223137,0.0,0.031409479677677155,0.0,0.0,0.0,0.03135201707482338,0.0,0.0,0.0,0.03138719126582146,0.0,0.0,0.0,0.031321294605731964,0.0,0.0,0.0,0,2630,2630,0.8562737642585552,0.9863117870722433,0.9191254780772974,episodic in-batch query vs randomly selected support prototypes,45.1803727671504,0.7799999713897705,0.949999988079071,0.861005961894989,0.8050000071525574,0.925000011920929,0.8751308917999268,training_total_loss
22,0.0001,0.0001,5e-05,5e-05,0.0,False,0.7500907389244972,1.0082562243983773,0.0,0.0,0.5716998005569593,0.4147328957207076,0.0,0.0,0.0,0.0,0.0,0.0,1.091176531160739,0.02182353062321478,0.0,0.0,0.0,0,0.016996810527893754,0.12078772587241329,3.8783269961977185,2.2129277566539924,0.9968301758113469,0.9700524317447677,598,2630,0,7,2630,0,1.3095444793569705e-05,0.000990184338401637,0.0,1.9879316515211292e-05,0.0009679624454292934,0.0,1.5319002118628434e-05,0.0007774444945555713,0.0,5.604771607587671e-06,0.0001424533012530966,0.0,5.518233994702573e-06,0.00015236787898434808,0.0,0.03136559575796127,0.03136562556028366,0.0,0.0,0.01592807099223137,0.0,0.031409479677677155,0.0,0.0,0.0,0.03135201707482338,0.0,0.0,0.0,0.03138719126582146,0.0,0.0,0.0,0.031321294605731964,0.0,0.0,0.0,0,2630,2630,0.8653992395437262,0.9885931558935361,0.9232826394273301,episodic in-batch query vs randomly selected support prototypes,41.115290969610214,0.7950000166893005,0.9200000166893005,0.8655139207839966,0.8100000023841858,0.9100000262260437,0.875291645526886,training_total_loss
23,0.0001,0.0001,5e-05,5e-05,0.0,False,0.7258601669382129,1.0541398203418282,0.0,0.0,0.608501418619399,0.42389890705961236,0.0,0.0,0.0,0.0,0.0,0.0,1.0869746434824548,0.0217394928696491,0.0,0.0,0.0,0,0.014965652647523826,0.11914637347704557,3.8745247148288975,2.414448669201521,0.997245684776016,0.970544818462981,676,2630,0,19,2630,0,1.3906988300504963e-05,0.001000639344316109,0.0,2.1219713979852323e-05,0.0009861423802379119,0.0,1.6171450263462767e-05,0.000751718570297401,0.0,6.197449985328214e-06,0.00015496917116511862,0.0,5.409881968684463e-06,0.0001533384930943222,0.0,0.03136559575796127,0.03136562556028366,0.0,0.0,0.01592807099223137,0.0,0.031409479677677155,0.0,0.0,0.0,0.03135201707482338,0.0,0.0,0.0,0.03138719126582146,0.0,0.0,0.0,0.031321294605731964,0.0,0.0,0.0,0,2630,2630,0.8669201520912547,0.9855513307984791,0.9247908778970233,episodic in-batch query vs randomly selected support prototypes,42.44724763929844,0.800000011920929,0.9100000262260437,0.8643035888671875,0.7950000166893005,0.925000011920929,0.8713750243186951,training_total_loss
24,0.0001,0.0001,5e-05,5e-05,0.0,False,0.7009436650482004,0.9830047352798992,0.0,0.0,0.5607161128702273,0.40055806487232104,0.0,0.0,0.0,0.0,0.0,0.0,1.0865279635549046,0.02173055927109809,0.0,0.0,0.0,0,0.013714154289872474,0.1037573576143486,3.8631178707224336,2.5095057034220534,0.9974262281515752,0.9751064378499078,639,2630,0,36,2630,0,1.6010893814057325e-05,0.001389044097907442,0.0,2.3859757935237474e-05,0.0011710693880948903,0.0,1.9965520225793754e-05,0.0011634889919410593,0.0,5.464249349123358e-06,0.0001505430681001079,0.0,4.820844586512456e-06,0.00014416180933299723,0.0,0.03136559575796127,0.03136562556028366,0.0,0.0,0.01592807099223137,0.0,0.031409479677677155,0.0,0.0,0.0,0.03135201707482338,0.0,0.0,0.0,0.03138719126582146,0.0,0.0,0.0,0.031321294605731964,0.0,0.0,0.0,0,2630,2630,0.864638783269962,0.9863117870722433,0.9235868232785069,episodic in-batch query vs randomly selected support prototypes,39.99817832559347,0.800000011920929,0.9449999928474426,0.8759008646011353,0.8199999928474426,0.9449999928474426,0.8883750438690186,training_total_loss
25,0.0001,0.0001,5e-05,5e-05,0.0,False,0.675416903851778,0.884126140066766,0.0,0.0,0.5049686281135224,0.3574981808719073,0.0,0.0,0.0,0.0,0.0,0.0,1.0829664999087953,0.021659329998175908,0.0,0.0,0.0,0,0.011959203827007188,0.09435387975589404,3.901140684410646,2.7338403041825097,0.9978223540483772,0.977811193058246,672,2630,0,33,2630,0,1.5938802497268106e-05,0.0012736777280224487,0.0,2.5128504002428338e-05,0.0012555055488649356,0.0,1.9020462039926705e-05,0.0010116473723818281,0.0,4.625982670956676e-06,0.00012770075110373518,0.0,3.7040775688572988e-06,0.00010869733848396988,0.0,0.03136559575796127,0.03136562556028366,0.0,0.0,0.01592807099223137,0.0,0.031409479677677155,0.0,0.0,0.0,0.03135201707482338,0.0,0.0,0.0,0.03138719126582146,0.0,0.0,0.0,0.031321294605731964,0.0,0.0,0.0,0,2630,2630,0.888212927756654,0.9870722433460076,0.9365779499590624,episodic in-batch query vs randomly selected support prototypes,41.78579942137003,0.8299999833106995,0.9549999833106995,0.8942698836326599,0.8199999928474426,0.9549999833106995,0.8891249895095825,training_total_loss
26,0.0001,0.0001,5e-05,5e-05,0.0,False,0.6493574072837207,0.9147498477604452,0.0,0.0,0.5234221140515438,0.3697452736317318,0.0,0.0,0.0,0.0,0.0,0.0,1.079123199212687,0.02158246398425374,0.0,0.0,0.0,0,0.01020477582194166,0.08723010726188073,3.931558935361217,2.334600760456274,0.9981986624206427,0.9798155429245401,656,2630,0,28,2630,0,1.7321446486156284e-05,0.0015439167577174626,0.0,2.600009552874586e-05,0.0012023690900865144,0.0,2.2035759424657692e-05,0.0013349924078543804,0.0,4.924170801651988e-06,0.00015426502380120968,0.0,4.309220766377361e-06,0.00013319727129003565,0.0,0.03136559575796127,0.03136562556028366,0.0,0.0,0.01592807099223137,0.0,0.031409479677677155,0.0,0.0,0.0,0.03135201707482338,0.0,0.0,0.0,0.03138719126582146,0.0,0.0,0.0,0.031321294605731964,0.0,0.0,0.0,0,2630,2630,0.8752851711026616,0.9916349809885932,0.9300633736889625,episodic in-batch query vs randomly selected support prototypes,41.90542785078287,0.8500000238418579,0.9300000071525574,0.9006389379501343,0.8399999737739563,0.9399999976158142,0.8968393206596375,training_total_loss
27,0.0001,0.0001,5e-05,5e-05,0.0,False,0.6228443171786178,0.8381910922834401,0.0,0.0,0.46876977050602575,0.3478743753364104,0.0,0.0,0.0,0.0,0.0,0.0,1.0773474290797012,0.021546948581594026,0.0,0.0,0.0,0,0.009039236108698093,0.08807035699883341,3.8098859315589353,2.0,0.9983721282545605,0.9795813694199682,549,2630,0,0,2630,2,8.40672668037509e-06,0.0005672159274711573,0.0,1.3428583331785506e-05,0.0005549268672828995,0.0,9.591610697563218e-06,0.00045461746516853703,0.0,2.5321601049605694e-06,7.670285094718565e-05,0.0,2.711148181130544e-06,9.390325216632586e-05,0.0,0.03136559575796127,0.03136562556028366,0.0,0.0,0.01592807099223137,0.0,0.031409479677677155,0.0,0.0,0.0,0.03135201707482338,0.0,0.0,0.0,0.03138719126582146,0.0,0.0,0.0,0.031321294605731964,0.0,0.0,0.0,0,2630,2630,0.8904942965779468,0.9916349809885932,0.9394043108356316,episodic in-batch query vs randomly selected support prototypes,41.98360601812601,0.8500000238418579,0.949999988079071,0.9035674333572388,0.8450000286102295,0.949999988079071,0.9001725912094116,training_total_loss
28,0.0001,0.0001,5e-05,5e-05,0.0,False,0.5959581529197224,0.8114921454297725,0.0,0.0,0.4595765456151812,0.3304407971454324,0.0,0.0,0.0,0.0,0.0,0.0,1.0737399511010928,0.021474799022021856,0.0,0.0,0.0,0,0.008016187662237497,0.08855817466974258,3.821292775665399,2.011406844106464,0.9985223065764278,0.9794451526362633,518,2630,0,0,2630,1,1.2508608721516015e-05,0.001051713848937652,0.0,1.9612072346067828e-05,0.0009559771473764808,0.0,1.4954011155461039e-05,0.0008429892497068587,0.0,2.951962353035599e-06,7.978698355210716e-05,0.0,3.1080563605964277e-06,0.00010958087610950835,0.0,0.03136559575796127,0.03136562556028366,0.0,0.0,0.01592807099223137,0.0,0.031409479677677155,0.0,0.0,0.0,0.03135201707482338,0.0,0.0,0.0,0.03138719126582146,0.0,0.0,0.0,0.031321294605731964,0.0,0.0,0.0,0,2630,2630,0.9003802281368821,0.9923954372623575,0.9444866945535058,episodic in-batch query vs randomly selected support prototypes,43.2351184412837,0.8500000238418579,0.9649999737739563,0.9052916765213013,0.8500000238418579,0.949999988079071,0.9017083644866943,training_total_loss
29,0.0001,0.0001,5e-05,5e-05,0.0,False,0.5687805669042312,0.781076090134142,0.0,0.0,0.4440108289504592,0.3156149401949159,0.0,0.0,0.0,0.0,0.0,0.0,1.072515876574208,0.021450317531484162,0.0,0.0,0.0,0,0.007176564537172875,0.08510158369636354,3.8479087452471483,2.901140684410646,0.9987736124502842,0.9804060993992331,522,2630,0,27,2630,0,1.6016334618435784e-05,0.0012713942449928644,0.0,2.5055294620252816e-05,0.001097673738773405,0.0,1.9155066916758707e-05,0.0011210985035826784,0.0,3.891446535167883e-06,0.00011469268857971266,0.0,4.6332805406937694e-06,0.00015608309571949315,0.0,0.03136559575796127,0.03136562556028366,0.0,0.0,0.01592807099223137,0.0,0.031409479677677155,0.0,0.0,0.0,0.03135201707482338,0.0,0.0,0.0,0.03138719126582146,0.0,0.0,0.0,0.031321294605731964,0.0,0.0,0.0,0,2630,2630,0.905703422053232,0.9954372623574145,0.9482129296422458,episodic in-batch query vs randomly selected support prototypes,53.56361946463585,0.8299999833106995,0.9350000023841858,0.8903749585151672,0.8349999785423279,0.9449999928474426,0.8950059413909912,training_total_loss
30,0.0001,0.0001,5e-05,5e-05,0.0,False,0.5413940965676374,0.737765524366396,0.0,0.0,0.4146096852728424,0.30175075171508264,0.0,0.0,0.0,0.0,0.0,0.0,1.0702545502339933,0.021405091004679865,0.0,0.0,0.0,0,0.0063705711002273934,0.08065580029904616,3.8669201520912546,2.6958174904942966,0.998930657997784,0.9816276394822299,611,2630,0,24,2630,0,1.513736605878486e-05,0.0013134364671714138,0.0,2.3675302949348926e-05,0.0011843605825561099,0.0,1.823715382036945e-05,0.0011115899225322729,0.0,3.6947813829410085e-06,0.00011442941643378748,0.0,3.470078366620198e-06,0.00012600301676814394,0.0,0.03136559575796127,0.03136562556028366,0.0,0.0,0.01592807099223137,0.0,0.031409479677677155,0.0,0.0,0.0,0.03135201707482338,0.0,0.0,0.0,0.03138719126582146,0.0,0.0,0.0,0.031321294605731964,0.0,0.0,0.0,0,2630,2630,0.9095057034220533,0.9946768060836502,0.9500887221709857,episodic in-batch query vs randomly selected support prototypes,72.51500875502825,0.8299999833106995,0.9150000214576721,0.8878888487815857,0.8450000286102295,0.9350000023841858,0.8987083435058594,training_total_loss
31,0.0001,0.0001,5e-05,5e-05,0.0,False,0.5138819137202523,0.7610854292182188,0.0,0.0,0.43300974350137117,0.30666426791253537,0.0,0.0,0.0,0.0,0.0,0.0,1.0705710155429042,0.021411420310858086,0.0,0.0,0.0,0,0.005955461703042567,0.0777781126956976,3.9049429657794676,2.653992395437262,0.998944375904794,0.9824084369855235,658,2630,0,16,2630,0,1.3294888877421077e-05,0.0010325879411539063,0.0,2.1379407647665566e-05,0.001010982379999145,0.0,1.553757221017804e-05,0.0009168956702134372,0.0,3.3100487907436867e-06,9.503881288505259e-05,0.0,2.7623067150476085e-06,8.646417758687417e-05,0.0,0.03136559575796127,0.03136562556028366,0.0,0.0,0.01592807099223137,0.0,0.031409479677677155,0.0,0.0,0.0,0.03135201707482338,0.0,0.0,0.0,0.03138719126582146,0.0,0.0,0.0,0.031321294605731964,0.0,0.0,0.0,0,2630,2630,0.908745247148289,0.9870722433460076,0.9474778206176178,episodic in-batch query vs randomly selected support prototypes,69.92724622786045,0.8650000095367432,0.9399999976158142,0.9086250066757202,0.8450000286102295,0.9350000023841858,0.8975416421890259,training_total_loss
32,0.0001,0.0001,5e-05,5e-05,0.0,False,0.48632757195715043,0.7349168538990583,0.0,0.0,0.40947732223045546,0.3040798636500373,0.0,0.0,0.0,0.0,0.0,0.0,1.0679834147369907,0.021359668294739814,0.0,0.0,0.0,0,0.005314338304272396,0.07259747009200289,3.923954372623574,2.931558935361217,0.9990794592937136,0.9838017313652618,716,2630,0,14,2630,0,1.4289612165287377e-05,0.0012389182983107666,0.0,2.1529908207997194e-05,0.0010069443674832915,0.0,1.8095920527879832e-05,0.0010745972265015422,0.0,2.9056463018507983e-06,9.061475871671323e-05,0.0,3.220174891436857e-06,9.930444373042389e-05,0.0,0.03136559575796127,0.03136562556028366,0.0,0.0,0.01592807099223137,0.0,0.031409479677677155,0.0,0.0,0.0,0.03135201707482338,0.0,0.0,0.0,0.03138719126582146,0.0,0.0,0.0,0.031321294605731964,0.0,0.0,0.0,0,2630,2630,0.9072243346007605,0.9916349809885932,0.9493662877681137,episodic in-batch query vs randomly selected support prototypes,72.64990220218897,0.8349999785423279,0.949999988079071,0.8949722051620483,0.8399999737739563,0.9549999833106995,0.8978889584541321,training_total_loss
33,0.0001,0.0001,5e-05,5e-05,0.0,False,0.4588147529086482,0.6867070786031707,0.0,0.0,0.3868008755384714,0.2785572471033371,0.0,0.0,0.0,0.0,0.0,0.0,1.0674479257017941,0.02134895851403588,0.0,0.0,0.0,0,0.004852229214942671,0.06983978972688827,3.9163498098859315,2.958174904942966,0.9991710890835229,0.984532372806462,675,2630,0,14,2630,0,1.2883327347675991e-05,0.000882453759134348,0.0,2.018138873641614e-05,0.0008173821094845023,0.0,1.5780749241197816e-05,0.0007918023189371784,0.0,2.2567594178164133e-06,6.204923251321556e-05,0.0,2.5766275594410866e-06,8.1217608892205e-05,0.0,0.03136559575796127,0.03136562556028366,0.0,0.0,0.01592807099223137,0.0,0.031409479677677155,0.0,0.0,0.0,0.03135201707482338,0.0,0.0,0.0,0.03138719126582146,0.0,0.0,0.0,0.031321294605731964,0.0,0.0,0.0,0,2630,2630,0.9239543726235742,0.9954372623574145,0.9583016500726852,episodic in-batch query vs randomly selected support prototypes,71.95979802310467,0.8149999976158142,0.9399999976158142,0.8832916021347046,0.8399999737739563,0.9549999833106995,0.8968055844306946,training_total_loss
34,0.0001,0.0001,5e-05,5e-05,0.0,False,0.43142701210194184,0.7097429588238776,0.0,0.0,0.40445863148206385,0.28401131573852023,0.0,0.0,0.0,0.0,0.0,0.0,1.0636506869312474,0.02127301373862495,0.0,0.0,0.0,0,0.00435199172274978,0.06601131718761567,3.9049429657794676,2.7186311787072244,0.9992686353708855,0.9855372191835265,805,2630,0,16,2630,0,2.0564110958584285e-05,0.0017710684236850024,0.0,3.055214126033791e-05,0.0017464846155884775,0.0,2.702283998701205e-05,0.0014405825965825767,0.0,3.529526385445284e-06,0.00010554061725542851,0.0,3.1379731732426663e-06,9.343407951486629e-05,0.0,0.03136559575796127,0.03136562556028366,0.0,0.0,0.01592807099223137,0.0,0.031409479677677155,0.0,0.0,0.0,0.03135201707482338,0.0,0.0,0.0,0.03138719126582146,0.0,0.0,0.0,0.031321294605731964,0.0,0.0,0.0,0,2630,2630,0.9034220532319391,0.9931558935361217,0.9475918904003535,episodic in-batch query vs randomly selected support prototypes,74.10607808083296,0.8650000095367432,0.9599999785423279,0.910839319229126,0.8450000286102295,0.9649999737739563,0.9020892381668091,training_total_loss
35,0.0001,0.0001,5e-05,5e-05,0.0,False,0.4042475252057189,0.6525995143097844,0.0,0.0,0.3674961308925567,0.2638186490439417,0.0,0.0,0.0,0.0,0.0,0.0,1.0642366286919598,0.021284732573839196,0.0,0.0,0.0,0,0.003956737658965044,0.06326717296933947,3.897338403041825,2.832699619771863,0.9993400247378041,0.9862481552838372,638,2630,0,22,2630,0,1.485726561359765e-05,0.0010179330311075319,0.0,2.4031799690809358e-05,0.000885395207660622,0.0,1.7081129909359204e-05,0.0008297789627249585,0.0,2.9355610940180147e-06,8.593870964952137e-05,0.0,2.584928906352551e-06,8.971222570965307e-05,0.0,0.03136559575796127,0.03136562556028366,0.0,0.0,0.01592807099223137,0.0,0.031409479677677155,0.0,0.0,0.0,0.03135201707482338,0.0,0.0,0.0,0.03138719126582146,0.0,0.0,0.0,0.031321294605731964,0.0,0.0,0.0,0,2630,2630,0.9201520912547528,0.9916349809885932,0.9555893551714066,episodic in-batch query vs randomly selected support prototypes,72.20133063942194,0.8349999785423279,0.949999988079071,0.8948471546173096,0.8600000143051147,0.9649999737739563,0.9087499976158142,training_total_loss
36,0.0001,0.0001,5e-05,5e-05,0.0,False,0.37735883542838455,0.6932507407189322,0.0,0.0,0.3945771920710358,0.27743151388042553,0.0,0.0,0.0,0.0,0.0,0.0,1.0621017815948892,0.021242035631897787,0.0,0.0,0.0,0,0.003719549564141851,0.05843474898671469,3.9277566539923954,3.0,0.9993740753075923,0.9874841255833441,696,2630,0,26,2630,0,1.3667343903226278e-05,0.0011412511129102704,0.0,2.243641247697984e-05,0.001091838034751293,0.0,1.56541399068796e-05,0.0007748307252768427,0.0,1.8152758503983283e-06,4.978633179624532e-05,0.0,2.022765595910414e-06,6.814544083714022e-05,0.0,0.03136559575796127,0.03136562556028366,0.0,0.0,0.01592807099223137,0.0,0.031409479677677155,0.0,0.0,0.0,0.03135201707482338,0.0,0.0,0.0,0.03138719126582146,0.0,0.0,0.0,0.031321294605731964,0.0,0.0,0.0,0,2630,2630,0.9269961977186312,0.990874524714829,0.9591128015699495,episodic in-batch query vs randomly selected support prototypes,68.2105099260807,0.8650000095367432,0.9449999928474426,0.9084306359291077,0.8500000238418579,0.9549999833106995,0.9027559757232666,training_total_loss
37,0.0001,0.0001,5e-05,5e-05,0.0,False,0.3508426028370524,0.6016848941011347,0.0,0.0,0.32848316744520345,0.25199265337545607,0.0,0.0,0.0,0.0,0.0,0.0,1.060453442566295,0.021209068851325903,0.0,0.0,0.0,0,0.003305648554456438,0.05500687981739697,3.699619771863118,2.9961977186311786,0.9994132224144591,0.9883488158309415,559,2630,0,7,2630,0,1.4647854974165447e-05,0.0011938577606218001,0.0,2.2854416061233807e-05,0.0010444915351399686,0.0,1.8189447205583876e-05,0.0010615016032846012,0.0,2.562998972166497e-06,7.293148239893656e-05,0.0,2.4538762519098e-06,7.799075790769296e-05,0.0,0.03136559575796127,0.03136562556028366,0.0,0.0,0.01592807099223137,0.0,0.031409479677677155,0.0,0.0,0.0,0.03135201707482338,0.0,0.0,0.0,0.03138719126582146,0.0,0.0,0.0,0.031321294605731964,0.0,0.0,0.0,0,2630,2630,0.9186311787072243,0.9961977186311787,0.9556654010888741,episodic in-batch query vs randomly selected support prototypes,68.86567854136229,0.8600000143051147,0.9649999737739563,0.9107916355133057,0.8600000143051147,0.949999988079071,0.9070892333984375,training_total_loss
38,0.0001,0.0001,5e-05,5e-05,0.0,False,0.32477935635860244,0.5450756263426955,0.0,0.0,0.29194994873090374,0.2319471238485534,0.0,0.0,0.0,0.0,0.0,0.0,1.0589276747105238,0.021178553494210477,0.0,0.0,0.0,0,0.003098550040147377,0.052025350441044275,3.8859315589353614,2.935361216730038,0.9994601110995043,0.9890897416796521,663,2630,0,25,2630,0,1.810053156045147e-05,0.001402191472672192,0.0,2.831190059688587e-05,0.00131060705462005,0.0,2.233323998877625e-05,0.001049933593354321,0.0,3.0321993378379375e-06,8.769515972874485e-05,0.0,2.339799166861667e-06,6.851706046161001e-05,0.0,0.03136559575796127,0.03136562556028366,0.0,0.0,0.01592807099223137,0.0,0.031409479677677155,0.0,0.0,0.0,0.03135201707482338,0.0,0.0,0.0,0.03138719126582146,0.0,0.0,0.0,0.031321294605731964,0.0,0.0,0.0,0,2630,2630,0.9391634980988594,0.9961977186311787,0.9659315613286124,episodic in-batch query vs randomly selected support prototypes,59.66847622394562,0.8700000047683716,0.9549999833106995,0.9159583449363708,0.8650000095367432,0.9549999833106995,0.911339282989502,training_total_loss
39,0.0001,0.0001,5e-05,5e-05,0.0,False,0.29924824921597926,0.5719759034793187,0.0,0.0,0.3131044972732224,0.23771552638834192,0.0,0.0,0.0,0.0,0.0,0.0,1.0577941666084552,0.0211558833321691,0.0,0.0,0.0,0,0.002903121632006827,0.04908395864551058,3.844106463878327,2.9923954372623576,0.9994995523768233,0.9898136743121274,530,2630,0,17,2630,0,8.979779782488809e-06,0.0006142526412336988,0.0,1.408388623807306e-05,0.0005797878405116665,0.0,1.1066453688662087e-05,0.0005449389483536444,0.0,1.6576721704503988e-06,4.8518526552600504e-05,0.0,1.4607682174982983e-06,4.3417924757704895e-05,0.0,0.03136559575796127,0.03136562556028366,0.0,0.0,0.01592807099223137,0.0,0.031409479677677155,0.0,0.0,0.0,0.03135201707482338,0.0,0.0,0.0,0.03138719126582146,0.0,0.0,0.0,0.031321294605731964,0.0,0.0,0.0,0,2630,2630,0.929277566539924,0.996958174904943,0.962192650348968,episodic in-batch query vs randomly selected support prototypes,63.99091839045286,0.8550000190734863,0.9700000286102295,0.9082916975021362,0.8650000095367432,0.9599999785423279,0.9125892519950867,training_total_loss
40,0.0001,0.0001,5e-05,5e-05,0.0,False,0.27432681854245294,0.5543849035785905,0.0,0.0,0.29356364528743173,0.23965885172537865,0.0,0.0,0.0,0.0,0.0,0.0,1.0581202040153765,0.02116240408030753,0.0,0.0,0.0,0,0.0026569753617912304,0.04665442489569178,3.7984790874524714,3.049429657794677,0.9995572600981129,0.9904037190480831,405,2630,0,31,2630,0,9.732592299574857e-06,0.0007521502991169525,0.0,1.5115617949439703e-05,0.0006792673206551367,0.0,1.21154163171663e-05,0.0007157480621182393,0.0,1.9015669059691781e-06,5.601288090214699e-05,0.0,1.769088393237845e-06,5.693760782118521e-05,0.0,0.03136559575796127,0.03136562556028366,0.0,0.0,0.01592807099223137,0.0,0.031409479677677155,0.0,0.0,0.0,0.03135201707482338,0.0,0.0,0.0,0.03138719126582146,0.0,0.0,0.0,0.031321294605731964,0.0,0.0,0.0,0,2630,2630,0.9277566539923955,0.993916349809886,0.9604562746707931,episodic in-batch query vs randomly selected support prototypes,42.71993800252676,0.8550000190734863,0.9750000238418579,0.9118750095367432,0.8700000047683716,0.9599999785423279,0.9152083396911621,training_total_loss
41,0.0001,0.0001,5e-05,5e-05,0.0,False,0.25009074990389557,0.48905339220914096,0.0,0.0,0.2618854186920243,0.20601151099591428,0.0,0.0,0.0,0.0,0.0,0.0,1.057823179792542,0.02115646359585084,0.0,0.0,0.0,0,0.0027068293088615054,0.04304819614998288,3.8897338403041823,3.1102661596958177,0.999509097278798,0.9912683020979732,567,2630,0,40,2630,0,1.238805752531594e-05,0.0008765590100665577,0.0,1.9662812568250437e-05,0.0008282821332353965,0.0,1.485535752213504e-05,0.000753847463004474,0.0,2.234571282550795e-06,6.547004980867703e-05,0.0,2.2168806361427026e-06,7.270911922725125e-05,0.0,0.03136559575796127,0.03136562556028366,0.0,0.0,0.01592807099223137,0.0,0.031409479677677155,0.0,0.0,0.0,0.03135201707482338,0.0,0.0,0.0,0.03138719126582146,0.0,0.0,0.0,0.031321294605731964,0.0,0.0,0.0,0,2630,2630,0.9376425855513308,0.9992395437262357,0.9664765542904233,episodic in-batch query vs randomly selected support prototypes,43.35382293909788,0.8600000143051147,0.949999988079071,0.9102916717529297,0.8700000047683716,0.9599999785423279,0.9167559146881104,training_total_loss
42,0.0001,0.0001,5e-05,5e-05,0.0,False,0.22661364744420492,0.5137963522183124,0.0,0.0,0.2839633747857279,0.20866996252080675,0.0,0.0,0.0,0.0,0.0,0.0,1.0581505475388733,0.021163010950777467,0.0,0.0,0.0,0,0.0024919859828611574,0.03988984489225616,3.920152091254753,3.0570342205323193,0.9995594568578916,0.9920136307582202,718,2630,0,33,2630,0,1.6383233167565387e-05,0.0012750018305658678,0.0,2.6260390841668724e-05,0.0011845246878822633,0.0,1.9580300177933297e-05,0.0008788884143931293,0.0,2.3079910351140953e-06,7.468250527153941e-05,0.0,2.08266248437537e-06,6.451611824331849e-05,0.0,0.03136559575796127,0.03136562556028366,0.0,0.0,0.01592807099223137,0.0,0.031409479677677155,0.0,0.0,0.0,0.03135201707482338,0.0,0.0,0.0,0.03138719126582146,0.0,0.0,0.0,0.031321294605731964,0.0,0.0,0.0,0,2630,2630,0.9460076045627377,0.9954372623574145,0.9700506979068423,episodic in-batch query vs randomly selected support prototypes,39.260681599378586,0.8899999856948853,0.9750000238418579,0.9344722628593445,0.8650000095367432,0.9599999785423279,0.9156726002693176,training_total_loss
43,0.0001,0.0001,5e-05,5e-05,0.0,False,0.2039668103519371,0.5355403005170278,0.0,0.0,0.2901867285492609,0.2242456586967743,0.0,0.0,0.0,0.0,0.0,0.0,1.0553956775157625,0.021107913550315247,0.0,0.0,0.0,0,0.0021457467635406513,0.03764768031216846,3.9049429657794676,3.064638783269962,0.9996593374716465,0.9925358741908925,723,2630,0,39,2630,0,1.5975833970774795e-05,0.0012594789168360876,0.0,2.5619716398393522e-05,0.0012207155219324964,0.0,1.906237049200042e-05,0.0009563984502684823,0.0,2.8235338785772716e-06,9.745328000982616e-05,0.0,2.7793587053435786e-06,8.66073779499337e-05,0.0,0.03136559575796127,0.03136562556028366,0.0,0.0,0.01592807099223137,0.0,0.031409479677677155,0.0,0.0,0.0,0.03135201707482338,0.0,0.0,0.0,0.03138719126582146,0.0,0.0,0.0,0.031321294605731964,0.0,0.0,0.0,0,2630,2630,0.935361216730038,0.9946768060836502,0.963941700286285,episodic in-batch query vs randomly selected support prototypes,38.85782650858164,0.8799999952316284,0.9800000190734863,0.9263392686843872,0.8700000047683716,0.9649999737739563,0.9188392758369446,training_total_loss
44,0.0001,0.0001,5e-05,5e-05,0.0,False,0.18221901632701676,0.4990354438273399,0.0,0.0,0.2653093678031612,0.21264781858842863,0.0,0.0,0.0,0.0,0.0,0.0,1.0539126790521716,0.021078253581043434,0.0,0.0,0.0,0,0.002056424002722614,0.03601557305330559,3.935361216730038,3.064638783269962,0.9996735802621443,0.9929121821098907,730,2630,0,28,2630,0,1.3715934792506751e-05,0.0012708792354325332,0.0,2.1262679232287545e-05,0.001040951691071054,0.0,1.6925955545080535e-05,0.001127474537627547,0.0,2.757392530432818e-06,8.807570663650819e-05,0.0,2.0543013263818466e-06,6.686720329136213e-05,0.0,0.03136559575796127,0.03136562556028366,0.0,0.0,0.01592807099223137,0.0,0.031409479677677155,0.0,0.0,0.0,0.03135201707482338,0.0,0.0,0.0,0.03138719126582146,0.0,0.0,0.0,0.031321294605731964,0.0,0.0,0.0,0,2630,2630,0.9391634980988594,0.9977186311787072,0.9670722450140311,episodic in-batch query vs randomly selected support prototypes,40.66490085422993,0.8799999952316284,0.9700000286102295,0.924791693687439,0.8849999904632568,0.9700000286102295,0.926755964756012,training_total_loss
45,0.0001,0.0001,5e-05,5e-05,0.0,False,0.1614363127051201,0.49759917539108844,0.0,0.0,0.26647685727254156,0.2100084956182953,0.0,0.0,0.0,0.0,0.0,0.0,1.0556911066911066,0.02111382213382213,0.0,0.0,0.0,0,0.0020809328394230213,0.03450597404810412,3.9163498098859315,3.091254752851711,0.9996514630861608,0.9932572603678975,753,2630,0,32,2630,0,1.0744677128725146e-05,0.0008071468977764848,0.0,1.719998860697355e-05,0.0007370805895854053,0.0,1.2746908130420057e-05,0.0006752384208864116,0.0,1.954736675762498e-06,6.038451980267772e-05,0.0,1.4686788298539405e-06,4.6333408988630254e-05,0.0,0.03136559575796127,0.03136562556028366,0.0,0.0,0.01592807099223137,0.0,0.031409479677677155,0.0,0.0,0.0,0.03135201707482338,0.0,0.0,0.0,0.03138719126582146,0.0,0.0,0.0,0.031321294605731964,0.0,0.0,0.0,0,2630,2630,0.9368821292775665,0.9954372623574145,0.9658681887637527,episodic in-batch query vs randomly selected support prototypes,40.867696046829224,0.8799999952316284,0.9549999833106995,0.9213392734527588,0.8849999904632568,0.9700000286102295,0.926922619342804,training_total_loss
46,0.0001,0.0001,5e-05,5e-05,0.0,False,0.14168181587409012,0.532389784819613,0.0,0.0,0.29601996552602816,0.21530852803939196,0.0,0.0,0.0,0.0,0.0,0.0,1.0530643930000043,0.021061287860000086,0.0,0.0,0.0,0,0.0020476105196238583,0.03282084042638427,3.897338403041825,3.106463878326996,0.9996422481627518,0.9936388656213709,674,2630,0,47,2630,0,7.96158816435926e-06,0.0006102130119610852,0.0,1.2625105767938294e-05,0.0005774949971575032,0.0,9.624640505023763e-06,0.0005551772619583062,0.0,1.557093892553699e-06,4.6708445503489724e-05,0.0,1.3048050178099402e-06,4.265145218239143e-05,0.0,0.03136559575796127,0.03136562556028366,0.0,0.0,0.01592807099223137,0.0,0.031409479677677155,0.0,0.0,0.0,0.03135201707482338,0.0,0.0,0.0,0.03138719126582146,0.0,0.0,0.0,0.031321294605731964,0.0,0.0,0.0,0,2630,2630,0.9361216730038023,0.993916349809886,0.9649429662146043,episodic in-batch query vs randomly selected support prototypes,38.95039799809456,0.8799999952316284,0.9700000286102295,0.9237698316574097,0.8849999904632568,0.9700000286102295,0.9271726012229919,training_total_loss
47,0.0001,0.0001,5e-05,5e-05,0.0,False,0.12301551959153811,0.5032489532498579,0.0,0.0,0.27596120802998125,0.20619873273338654,0.0,0.0,0.0,0.0,0.0,0.0,1.05445062660899,0.0210890125321798,0.0,0.0,0.0,0,0.001952954102307558,0.0310236569352363,3.8783269961977185,3.1102661596958177,0.9996708225841304,0.99404189024588,660,2630,0,39,2630,0,8.20280847538665e-06,0.0007214506949821953,0.0,1.3253188967610186e-05,0.0006754550283533588,0.0,9.537399145236642e-06,0.0005370241207336741,0.0,1.3750557000337591e-06,4.161427902512774e-05,0.0,1.2613122904221136e-06,3.925303448275892e-05,0.0,0.03136559575796127,0.03136562556028366,0.0,0.0,0.01592807099223137,0.0,0.031409479677677155,0.0,0.0,0.0,0.03135201707482338,0.0,0.0,0.0,0.03138719126582146,0.0,0.0,0.0,0.031321294605731964,0.0,0.0,0.0,0,2630,2630,0.9399239543726235,0.993916349809886,0.9662864402219823,episodic in-batch query vs randomly selected support prototypes,65.10972578823566,0.8700000047683716,0.9750000238418579,0.9202082753181458,0.8799999952316284,0.9599999785423279,0.9246726036071777,training_total_loss
48,0.0001,0.0001,5e-05,5e-05,0.0,False,0.10549411278577658,0.459861300007472,0.0,0.0,0.24575080915267103,0.19303212984475687,0.0,0.0,0.0,0.0,0.0,0.0,1.053918063867228,0.021078361277344564,0.0,0.0,0.0,0,0.0019187898319320818,0.029664274659220256,3.9163498098859315,3.076045627376426,0.9996741454864183,0.9943438426170059,618,2630,0,33,2630,0,1.4308867004534217e-05,0.0013765079929726198,0.0,2.258412155242695e-05,0.001374002207220266,0.0,1.7611290453649936e-05,0.0011488530737031916,0.0,2.1399716162915994e-06,6.347592255094372e-05,0.0,1.6725323937245257e-06,4.9836616004280844e-05,0.0,0.03136559575796127,0.03136562556028366,0.0,0.0,0.01592807099223137,0.0,0.031409479677677155,0.0,0.0,0.0,0.03135201707482338,0.0,0.0,0.0,0.03138719126582146,0.0,0.0,0.0,0.031321294605731964,0.0,0.0,0.0,0,2630,2630,0.9399239543726235,0.9984790874524715,0.9680228146310088,episodic in-batch query vs randomly selected support prototypes,54.16830190271139,0.8799999952316284,0.9549999833106995,0.922624945640564,0.8799999952316284,0.9599999785423279,0.9230058789253235,training_total_loss
49,0.0001,0.0001,5e-05,5e-05,0.0,False,0.08917080739340433,0.4779093025726737,0.0,0.0,0.2598542968559461,0.1969803898088889,0.0,0.0,0.0,0.0,0.0,0.0,1.0537308554232347,0.021074617108464696,0.0,0.0,0.0,0,0.0019034308057363383,0.02851914414009894,3.893536121673004,3.0608365019011408,0.9996770364250067,0.99459625582278,601,2630,0,26,2630,0,1.4139576888640346e-05,0.0009630315055671547,0.0,2.1272632458086654e-05,0.000786987716440178,0.0,1.8458723849741026e-05,0.0009121418344355854,0.0,1.5271221681497797e-06,4.457694353732222e-05,0.0,1.8114446384791855e-06,5.988295902170648e-05,0.0,0.03136559575796127,0.03136562556028366,0.0,0.0,0.01592807099223137,0.0,0.031409479677677155,0.0,0.0,0.0,0.03135201707482338,0.0,0.0,0.0,0.03138719126582146,0.0,0.0,0.0,0.031321294605731964,0.0,0.0,0.0,0,2630,2630,0.9505703422053232,0.9931558935361217,0.9714702161999257,episodic in-batch query vs randomly selected support prototypes,41.258038595318794,0.8700000047683716,0.9599999785423279,0.9154365062713623,0.8799999952316284,0.9549999833106995,0.9225892424583435,training_total_loss
50,0.0001,0.0001,5e-05,5e-05,0.0,False,0.07409517675640653,0.46871520560447255,0.0,0.0,0.25291154028060403,0.1947281463142527,0.0,0.0,0.0,0.0,0.0,0.0,1.0537761186918833,0.021075522373837665,0.0,0.0,0.0,0,0.0017506097126468846,0.02756375718167753,3.870722433460076,3.1102661596958177,0.9997122358006669,0.9948054196263447,484,2630,0,42,2630,0,2.3941752642388436e-05,0.0019779597870573135,0.0,3.830963929171308e-05,0.0017930808306638418,0.0,2.8220576934602703e-05,0.0014361745202872303,0.0,3.482160336838141e-06,9.947422433599838e-05,0.0,3.310001291976862e-06,0.00010974525769467749,0.0,0.03136559575796127,0.03136562556028366,0.0,0.0,0.01592807099223137,0.0,0.031409479677677155,0.0,0.0,0.0,0.03135201707482338,0.0,0.0,0.0,0.03138719126582146,0.0,0.0,0.0,0.031321294605731964,0.0,0.0,0.0,0,2630,2630,0.9490494296577947,0.996958174904943,0.9721166037787956,episodic in-batch query vs randomly selected support prototypes,63.59293682128191,0.875,0.9800000190734863,0.924958348274231,0.8799999952316284,0.9599999785423279,0.9221726059913635,training_total_loss
51,0.0001,0.0001,5e-05,5e-05,0.0,False,0.06031300506954196,0.42869500788955633,0.0,0.0,0.22199985991581675,0.18565648320722375,0.0,0.0,0.0,0.0,0.0,0.0,1.0519331748041363,0.02103866349608273,0.0,0.0,0.0,0,0.0017375211030450214,0.02673324456742961,3.88212927756654,3.1368821292775664,0.999706053008598,0.9949861531475198,511,2630,0,51,2630,0,9.642237380091956e-06,0.0007949266743837922,0.0,1.594774330929535e-05,0.0007669200645718125,0.0,1.0975430695582742e-05,0.0006092560103882404,0.0,1.392977582170829e-06,4.188464104767523e-05,0.0,1.433627883327761e-06,5.2848914338353226e-05,0.0,0.03136559575796127,0.03136562556028366,0.0,0.0,0.01592807099223137,0.0,0.031409479677677155,0.0,0.0,0.0,0.03135201707482338,0.0,0.0,0.0,0.03138719126582146,0.0,0.0,0.0,0.031321294605731964,0.0,0.0,0.0,0,2630,2630,0.9536121673003802,0.9961977186311787,0.9744233207557591,episodic in-batch query vs randomly selected support prototypes,64.0183042883873,0.8849999904632568,0.9750000238418579,0.9260416626930237,0.8849999904632568,0.9649999737739563,0.9260416626930237,training_total_loss
52,0.0001,0.0001,5e-05,5e-05,0.0,False,0.0478661483352506,0.45972194348394646,0.0,0.0,0.24600910437217133,0.19264858796795964,0.0,0.0,0.0,0.0,0.0,0.0,1.0532125261799918,0.021064250523599837,0.0,0.0,0.0,0,0.001638726639373674,0.025983353049809487,3.920152091254753,3.1368821292775664,0.9997381209873881,0.9951484269062376,535,2630,0,49,2630,0,1.3431864307530564e-05,0.0009215772805483928,0.0,2.2114090938885056e-05,0.0009079439167700391,0.0,1.533414699801077e-05,0.0007413735932979242,0.0,1.8100225500004643e-06,5.344623189833848e-05,0.0,1.5319492617952131e-06,4.9928326494149845e-05,0.0,0.03136559575796127,0.03136562556028366,0.0,0.0,0.01592807099223137,0.0,0.031409479677677155,0.0,0.0,0.0,0.03135201707482338,0.0,0.0,0.0,0.03138719126582146,0.0,0.0,0.0,0.031321294605731964,0.0,0.0,0.0,0,2630,2630,0.9520912547528517,0.9954372623574145,0.9728390381816675,episodic in-batch query vs randomly selected support prototypes,64.28511767834425,0.8799999952316284,0.9649999737739563,0.9217559099197388,0.8849999904632568,0.9700000286102295,0.9263392686843872,training_total_loss
53,0.0001,0.0001,5e-05,5e-05,0.0,False,0.036792407248347814,0.4062518554070377,0.0,0.0,0.20683660811524193,0.17838418501439884,0.0,0.0,0.0,0.0,0.0,0.0,1.0515530857296498,0.021031061714592996,0.0,0.0,0.0,0,0.0016169725548114784,0.02537111159654851,3.8631178707224336,3.155893536121673,0.999741395390079,0.9952803260926512,492,2630,0,52,2630,0,1.3501102468386047e-05,0.0011678655524259998,0.0,2.2172714527154574e-05,0.0011511733955558157,0.0,1.5493186400103047e-05,0.0007924399524199544,0.0,2.1818453659656304e-06,5.700802885907511e-05,0.0,1.918956304081121e-06,6.0709223524619506e-05,0.0,0.03136559575796127,0.03136562556028366,0.0,0.0,0.01592807099223137,0.0,0.031409479677677155,0.0,0.0,0.0,0.03135201707482338,0.0,0.0,0.0,0.03138719126582146,0.0,0.0,0.0,0.031321294605731964,0.0,0.0,0.0,0,2630,2630,0.9490494296577947,0.9992395437262357,0.9723067187537712,episodic in-batch query vs randomly selected support prototypes,63.19676376879215,0.8899999856948853,0.9750000238418579,0.9275892376899719,0.8899999856948853,0.9750000238418579,0.9292559027671814,training_total_loss
54,0.0001,0.0001,5e-05,5e-05,0.0,False,0.027125412396558135,0.3692700667271369,0.0,0.0,0.1885356766697891,0.1596753488404556,0.0,0.0,0.0,0.0,0.0,0.0,1.05295200810233,0.0210590401620466,0.0,0.0,0.0,0,0.0017490258100424884,0.02483518264422852,3.8859315589353614,3.220532319391635,0.999691177683638,0.9953953247559841,530,2630,0,76,2630,0,6.761288466756403e-06,0.0005782139404410762,0.0,1.0994321160394196e-05,0.0005299078051653591,0.0,7.924410774811414e-06,0.0005042062826500374,0.0,1.1231339875905633e-06,3.4014255707656306e-05,0.0,1.0114497927458745e-06,3.2680060607097925e-05,0.0,0.03136559575796127,0.03136562556028366,0.0,0.0,0.01592807099223137,0.0,0.031409479677677155,0.0,0.0,0.0,0.03135201707482338,0.0,0.0,0.0,0.03138719126582146,0.0,0.0,0.0,0.031321294605731964,0.0,0.0,0.0,0,2630,2630,0.9634980988593156,0.9992395437262357,0.9807984798126801,episodic in-batch query vs randomly selected support prototypes,65.34449998289347,0.8849999904632568,0.9750000238418579,0.9267559051513672,0.8899999856948853,0.9750000238418579,0.9300892353057861,training_total_loss
55,0.0001,0.0001,5e-05,5e-05,0.0,False,0.018894522125524837,0.40808004833502914,0.0,0.0,0.2170263965715782,0.17001202369654134,0.0,0.0,0.0,0.0,0.0,0.0,1.0520813818666872,0.021041627637333745,0.0,0.0,0.0,0,0.001684619598719203,0.024370343796200625,3.8669201520912546,3.296577946768061,0.9997084949859648,0.9954946476243748,512,2630,0,105,2630,0,8.791593344881221e-06,0.0006651394412204224,0.0,1.4435968137961805e-05,0.0006277657843643933,0.0,1.010644760006991e-05,0.0005459359775029173,0.0,1.4761776634080498e-06,3.9038547697600734e-05,0.0,1.3251714417858044e-06,4.336332619914174e-05,0.0,0.03136559575796127,0.03136562556028366,0.0,0.0,0.01592807099223137,0.0,0.031409479677677155,0.0,0.0,0.0,0.03135201707482338,0.0,0.0,0.0,0.03138719126582146,0.0,0.0,0.0,0.031321294605731964,0.0,0.0,0.0,0,2630,2630,0.9490494296577947,0.9977186311787072,0.9724841580191492,episodic in-batch query vs randomly selected support prototypes,65.01309743523598,0.8899999856948853,0.9750000238418579,0.9285416603088379,0.8849999904632568,0.9700000286102295,0.9255059957504272,training_total_loss
56,0.0001,0.0001,5e-05,5e-05,0.0,False,0.012124733378479358,0.44178224709097424,0.0,0.0,0.23770610629891872,0.18302894299035402,0.0,0.0,0.0,0.0,0.0,0.0,1.0523600007191356,0.021047200014382716,0.0,0.0,0.0,0,0.0015907674649829476,0.024078522989448486,3.8745247148288975,3.3916349809885933,0.9997408367381803,0.9955568494905537,538,2630,0,122,2630,0,1.149222079480491e-05,0.0008708323905791206,0.0,1.784214822058467e-05,0.0007983184097091518,0.0,1.4292456366352521e-05,0.0007429260498871112,0.0,2.2594576980188615e-06,6.782416552856116e-05,0.0,2.2655816491428434e-06,7.13965958506638e-05,0.0,0.03136559575796127,0.03136562556028366,0.0,0.0,0.01592807099223137,0.0,0.031409479677677155,0.0,0.0,0.0,0.03135201707482338,0.0,0.0,0.0,0.03138719126582146,0.0,0.0,0.0,0.031321294605731964,0.0,0.0,0.0,0,2630,2630,0.9520912547528517,0.9977186311787072,0.9738276311199928,episodic in-batch query vs randomly selected support prototypes,73.19809702783823,0.8899999856948853,0.9800000190734863,0.9313392639160156,0.8899999856948853,0.9700000286102295,0.9288392663002014,training_total_loss
57,0.0001,0.0001,5e-05,5e-05,0.0,False,0.006836605781346428,0.45494552262608995,0.0,0.0,0.24346748512941405,0.1904096935341,0.0,0.0,0.0,0.0,0.0,0.0,1.053417273800636,0.02106834547601272,0.0,0.0,0.0,0,0.0016101756854205898,0.023835554641065942,3.8631178707224336,3.2395437262357416,0.9997343754133797,0.9956085695513301,504,2630,0,111,2630,0,1.3368133969444379e-05,0.0009961249228841293,0.0,2.2063929666923548e-05,0.000974576743569092,0.0,1.5063973137330322e-05,0.0008140460571926919,0.0,2.358824043012321e-06,7.217286094731077e-05,0.0,2.112615192118028e-06,6.511031165246095e-05,0.0,0.03136559575796127,0.03136562556028366,0.0,0.0,0.01592807099223137,0.0,0.031409479677677155,0.0,0.0,0.0,0.03135201707482338,0.0,0.0,0.0,0.03138719126582146,0.0,0.0,0.0,0.031321294605731964,0.0,0.0,0.0,0,2630,2630,0.9475285171102662,0.9984790874524715,0.9714448684068687,episodic in-batch query vs randomly selected support prototypes,52.18200226128101,0.8899999856948853,0.9700000286102295,0.9288392663002014,0.8899999856948853,0.9750000238418579,0.9292559027671814,training_total_loss
58,0.0001,0.0001,5e-05,5e-05,0.0,False,0.0030461992038355312,0.45478054041134996,0.0,0.0,0.24554648090730974,0.18819018432466816,0.0,0.0,0.0,0.0,0.0,0.0,1.0521937314095153,0.021043874628190306,0.0,0.0,0.0,0,0.0016788501142410866,0.02373720230286792,3.8669201520912546,3.1330798479087454,0.9997125970546737,0.9956294712911541,521,2630,0,68,2630,0,1.1614661622567318e-05,0.0008612667684896483,0.0,1.885173640354359e-05,0.0008377668247183985,0.0,1.357679192080598e-05,0.000647998266815973,0.0,1.5583212079458723e-06,4.315300069330468e-05,0.0,1.4306371033865974e-06,4.4445789959419404e-05,0.0,0.03136559575796127,0.03136562556028366,0.0,0.0,0.01592807099223137,0.0,0.031409479677677155,0.0,0.0,0.0,0.03135201707482338,0.0,0.0,0.0,0.03138719126582146,0.0,0.0,0.0,0.031321294605731964,0.0,0.0,0.0,0,2630,2630,0.9444866920152091,0.9977186311787072,0.9694803560641329,episodic in-batch query vs randomly selected support prototypes,41.92715313285589,0.8899999856948853,0.9750000238418579,0.9292559027671814,0.8899999856948853,0.9750000238418579,0.9292559027671814,training_total_loss
59,0.0001,0.0001,5e-05,5e-05,0.0,False,0.0007650249861446135,0.42370884347097953,0.0,0.0,0.22852216941463194,0.1741366023126947,0.0,0.0,0.0,0.0,0.0,0.0,1.05250354275504,0.0210500708551008,0.0,0.0,0.0,0,0.0015523047452020555,0.023691209245600628,3.8783269961977185,3.1254752851711025,0.9997564064685837,0.9956392446398282,545,2630,0,55,2630,0,1.1744993636446971e-05,0.0008319860376754409,0.0,1.8510091247695266e-05,0.0008305703837062797,0.0,1.4370573820445185e-05,0.0007125646607164526,0.0,1.8207254046030487e-06,5.2537945813518104e-05,0.0,1.9700712330055533e-06,6.33812003343337e-05,0.0,0.03136559575796127,0.03136562556028366,0.0,0.0,0.01592807099223137,0.0,0.031409479677677155,0.0,0.0,0.0,0.03135201707482338,0.0,0.0,0.0,0.03138719126582146,0.0,0.0,0.0,0.031321294605731964,0.0,0.0,0.0,0,2630,2630,0.9513307984790874,0.9977186311787072,0.9734474029831107,episodic in-batch query vs randomly selected support prototypes,59.240743681788445,0.8899999856948853,0.9750000238418579,0.9292559027671814,0.8899999856948853,0.9750000238418579,0.9292559027671814,training_total_loss
60,0.0001,0.0001,5e-05,5e-05,0.0,False,1.097939839045381e-08,0.44348174133851503,0.0,0.0,0.23868534722509963,0.18373826137981147,0.0,0.0,0.0,0.0,0.0,0.0,1.052906709025568,0.02105813418051136,0.0,0.0,0.0,0,0.0016327763652205893,0.023691280621029577,3.821292775665399,3.1444866920152093,0.9997238469214493,0.9956392305885431,540,2630,0,52,2630,0,6.913016881477623e-06,0.0004961913759221456,0.0,1.1352925895380395e-05,0.0004831270385433787,0.0,7.872971337974377e-06,0.00038144241547602827,0.0,1.3101758230707868e-06,3.75489976818244e-05,0.0,1.0399680055529968e-06,3.528934733562242e-05,0.0,0.03136559575796127,0.03136562556028366,0.0,0.0,0.01592807099223137,0.0,0.031409479677677155,0.0,0.0,0.0,0.03135201707482338,0.0,0.0,0.0,0.03138719126582146,0.0,0.0,0.0,0.031321294605731964,0.0,0.0,0.0,0,2630,2630,0.9498098859315589,0.9961977186311787,0.9721419530223078,episodic in-batch query vs randomly selected support prototypes,39.44262441247702,0.8899999856948853,0.9700000286102295,0.9288392663002014,0.8899999856948853,0.9750000238418579,0.9292559027671814,training_total_loss
