depth,optical_phase_params,electronic_body_params,optical_body_param_fraction,feedback_mode,nonzero_phase_gradients,peak_allocated_gib,mean_step_s,evidence_type
8,1204224,965120,0.55511,,,,P11 trained source
16,2408448,965128,0.713915,,,,engineering budget
32,4816896,965144,0.833079,,,,engineering budget
64,9633792,965176,0.908937,bp_current,64/64,0.247,0.387,synthetic full-depth CUDA audit
64,9633792,965176,0.908937,fa_source,64/64,0.250,0.367,synthetic full-depth CUDA audit
64,9633792,965176,0.908937,fa_random,64/64,0.250,0.374,synthetic full-depth CUDA audit
100,15052800,965212,0.939742,bp_current,100/100,0.362,0.528,synthetic full-depth CUDA audit
100,15052800,965212,0.939742,fa_source,100/100,0.365,0.536,synthetic full-depth CUDA audit
100,15052800,965212,0.939742,fa_random,100/100,0.365,0.510,synthetic full-depth CUDA audit
