epoch,epoch_time_sec,train_loss,train_heatmap_loss,train_coordinate_loss,train_router_balance_loss,train_router_importance_loss,train_phase_dc_loss,train_router_entropy,train_teacher_distill_loss,train_router_response_loss,train_pck_at_0.2_torso,train_pckh_at_0.5_head,train_mean_pixel_error,train_normalized_mean_error_torso,train_evaluated_joints,train_pck_evaluated_joints,train_pckh_evaluated_joints,train_samples,test_loss,test_heatmap_loss,test_coordinate_loss,test_pck_at_0.2_torso,test_pckh_at_0.5_head,test_mean_pixel_error,test_normalized_mean_error_torso,test_evaluated_joints,test_pck_evaluated_joints,test_pckh_evaluated_joints,test_samples,test_phase,test_epoch,test_model
1,939.4048948064446,0.055972334507625586,0.0041337022038071625,0.3051778487275284,1.9538034338762718,2.777786629612436,0.0,0.09463248957351485,0.0,0.0,0.08055772846418818,0.2566162538326386,82.76229910073314,1.1234760858180712,145758,145734,145135,10428,0.02932454089820385,0.0036890808418393135,0.2563545967340469,0.2827142857142857,0.5195,35.295389840523576,0.5380959371542269,14000,14000,14000,1000,student_test,1,student
2,181.0598310381174,0.054733009246582726,0.0038404451881610016,0.3045367425515545,1.9990000163269628,2.993995208506114,0.0,0.004983295344218532,0.0,0.0,0.11561708871615085,0.3326835920818812,62.476898569743504,0.8433969229420468,145757,145757,145186,10428,0.02923089875280857,0.003614599782973528,0.25616298604011534,0.30992857142857144,0.5393571428571429,34.54165615812663,0.5253858286512457,14000,14000,14000,1000,student_test,2,student
3,183.79239763319492,0.054549950377541935,0.0038061328237646947,0.3036903315775688,1.999748218731721,2.9984862852883056,0.0,0.001447344059990894,0.0,0.0,0.1381550514162625,0.35003580576748283,62.05287336832999,0.8399393813205691,145771,145771,145228,10428,0.029069351509213446,0.0034577720928937196,0.25611579179763794,0.347,0.55,34.858786027055764,0.5301301201876555,14000,14000,14000,1000,student_test,3,student
4,215.30273220688105,0.054529442485832004,0.003748503497290512,0.3043253235561801,1.999931109879819,2.9995853940234314,0.0,0.00044435098653678514,0.0,0.0,0.1717613807864336,0.3771993251385876,60.82765132024692,0.8219867308322001,145784,145772,145215,10428,0.028881470948457718,0.003296933766454458,0.25584536719322204,0.3807857142857143,0.5600714285714286,35.33075097298729,0.5373304553638117,14000,14000,14000,1000,student_test,4,student
5,179.37922778725624,0.054400266990162746,0.0036831109306378856,0.3038388549149791,1.9999835755022999,2.999901048516148,0.0,0.00011885252189317225,0.0,0.0,0.2024679665355817,0.4027375534409047,59.15668766070724,0.7995527837401074,145731,145707,145020,10428,0.02868761931359768,0.0031383288018405437,0.25549290096759797,0.4079285714285714,0.5856428571428571,34.13370126285723,0.5195395490392144,14000,14000,14000,1000,student_test,5,student
6,322.6234072819352,0.05436021644274851,0.003626401917430196,0.30406758496712855,1.999995936778573,2.9999755190668957,0.0,3.2536114852511624e-05,0.0,0.0,0.22822999986280132,0.42919305976315064,56.960902013927644,0.7686122310336074,145786,145774,145240,10428,0.02857586669921875,0.0030547996778041123,0.25521066510677337,0.4337857142857143,0.6067857142857143,33.02898791578093,0.5022833323948027,14000,14000,14000,1000,student_test,6,student
7,488.6115044429898,0.05429259204103154,0.0035838336541985797,0.30384906501115216,1.9999989892131393,2.9999938422708983,0.0,9.061873243597043e-06,0.0,0.0,0.24969466591648254,0.45236619136185163,54.91632395119453,0.7409308009747705,145777,145742,145170,10428,0.02847805166244507,0.002987886894494295,0.2549016445875168,0.4455,0.6227142857142857,31.680417241352476,0.48135511750586635,14000,14000,14000,1000,student_test,7,student
8,701.3063975051045,0.05419365810191078,0.0035405625487557363,0.30331041952248594,1.9999996864068632,2.999998163070357,0.0,2.7822220692599944e-06,0.0,0.0,0.2703043857061515,0.47352316895002344,52.753415982610534,0.7123035741211451,145780,145769,145108,10428,0.028397036865353584,0.002932313393801451,0.25464723122119903,0.4637142857142857,0.6405,30.164997539655705,0.457907430172002,14000,14000,14000,1000,student_test,8,student
9,510.67534602433443,0.05420037465742323,0.003499201561174615,0.30379951355738066,1.9999999608122896,2.9999997735617945,0.0,9.224395927383259e-07,0.0,0.0,0.2904763864877473,0.4940982139784576,50.89568829708406,0.6855749436184544,145788,145764,145295,10428,0.02831944966316223,0.002870435057207942,0.25449014449119567,0.48328571428571426,0.6553571428571429,28.98644468421835,0.43930188228711176,14000,14000,14000,1000,student_test,9,student
10,405.4411651417613,0.05411755934351927,0.003461432513914142,0.303354552732284,2.0,3.0,0.0,3.9382334133799056e-07,0.0,0.0,0.3076442822250885,0.5098229862705752,49.28309727990051,0.6637715338178938,145756,145756,145017,10428,0.028261978551745413,0.0028315488398075106,0.2543042927980423,0.49214285714285716,0.6632142857142858,28.147632772567285,0.4261964599457871,14000,14000,14000,1000,student_test,10,student
11,488.85599153488874,0.05401492617684257,0.003426243074875615,0.30268312064129865,2.0,3.0,0.0,2.1903776563484053e-07,0.0,0.0,0.32213636737942963,0.5245513270801482,47.922365256869725,0.646727421034513,145771,145724,145206,10428,0.028209240302443504,0.0027999434936791657,0.25409296452999114,0.5030714285714286,0.6736428571428571,27.19238389221446,0.4118553317861371,14000,14000,14000,1000,student_test,11,student
12,467.2334326505661,0.054058307881128025,0.003400054326856821,0.30338078564640936,2.0,3.0,0.0,1.4440510287602779e-07,0.0,0.0,0.3341773020447372,0.5354188620506781,46.98433908603749,0.6327019988707783,145776,145740,145191,10428,0.028165895834565163,0.0027739009279757736,0.25391994643211363,0.5144285714285715,0.6833571428571429,26.418173313049067,0.4008007477511739,14000,14000,14000,1000,student_test,12,student
13,381.6890748143196,0.053960650706307206,0.0033763665609464685,0.3026421391156884,2.0,3.0,0.0,1.1055309159587567e-07,0.0,0.0,0.3449813412358687,0.5445602569935614,45.90298635622101,0.6192193139099297,145776,145776,145062,10428,0.028132984980940818,0.002746682846918702,0.2538630177974701,0.5215,0.6835714285714286,26.1958986648691,0.39769251484945917,14000,14000,14000,1000,student_test,13,student
14,439.83019614219666,0.053876652886378704,0.0033544297554249057,0.302022568507125,2.0,3.0,0.0,9.013897795960649e-08,0.0,0.0,0.3563985594237695,0.5545474571137484,45.01284973343591,0.6077746567647632,145787,145775,145268,10428,0.028089212462306022,0.0027296458687633275,0.25359566044807436,0.5290714285714285,0.6876428571428571,25.75290882856798,0.3922315578287391,14000,14000,14000,1000,student_test,14,student
15,375.36766551434994,0.053863551247597743,0.003336957750872698,0.30206673584041077,2.0,3.0,0.0,7.584308572963436e-08,0.0,0.0,0.36316923245794575,0.5616166488646935,44.33319046682782,0.5982557745448324,145764,145764,145115,10428,0.028068950116634368,0.002710941353812814,0.25358008325099946,0.5304285714285715,0.6958571428571428,25.459863743761556,0.387242693856276,14000,14000,14000,1000,student_test,15,student
16,384.11996202915907,0.05389140244526199,0.00331830714170517,0.30253220454435675,2.0,3.0,0.0,6.634667846306485e-08,0.0,0.0,0.3722047579172787,0.5684314374810276,43.66252381677451,0.5887146917601843,145740,145694,144948,10428,0.02803714659810066,0.0026966527812182905,0.25340493392944335,0.5370714285714285,0.7007142857142857,25.095700287156607,0.38095935914036116,14000,14000,14000,1000,student_test,16,student
17,435.353725656867,0.053839630535566174,0.0033038412930788976,0.3021595293379488,2.0,3.0,0.0,5.979123803747832e-08,0.0,0.0,0.37846238292908846,0.5755640082137787,43.06846205262119,0.5809421867501969,145756,145745,145122,10428,0.028018702194094657,0.002689198236912489,0.2532950357198715,0.5416428571428571,0.7012142857142857,25.05898917478669,0.38027407901887805,14000,14000,14000,1000,student_test,17,student
18,850.1791487708688,0.05378662409152983,0.0032849027031277406,0.3018191862618461,2.0,3.0,0.0,5.349428537728674e-08,0.0,0.0,0.38689116220351427,0.5840316445228513,42.29227553072358,0.5701843943633134,145772,145749,145112,10428,0.028001987665891646,0.0026834365241229534,0.2531855081319809,0.5455,0.6993571428571429,24.95008236241048,0.37952403335059703,14000,14000,14000,1000,student_test,18,student
19,275.9780885130167,0.0538534970063106,0.0032763950973084695,0.3025730391617794,2.0,3.0,0.0,4.9275617905586744e-08,0.0,0.0,0.393022059075783,0.5881797374806971,41.88413583377603,0.5636838639025373,145745,145745,145056,10428,0.02797782103717327,0.002674382995814085,0.25303437674045565,0.548,0.7068571428571429,24.526395035390077,0.37276310177921484,14000,14000,14000,1000,student_test,19,student
20,165.85991260409355,0.05371921035948045,0.003262871380510987,0.3013656290385931,2.0,3.0,0.0,4.5577670985506774e-08,0.0,0.0,0.3989118651975246,0.5938096715265571,41.325000461060476,0.557627819804039,145765,145754,145065,10428,0.027957943722605707,0.002645423201844096,0.2531252007484436,0.5536428571428571,0.7092142857142857,24.339568320670566,0.36937982133438463,14000,14000,14000,1000,student_test,20,student
21,184.90841797739267,0.05370548694874301,0.003247111127470696,0.301386260059221,2.0,3.0,0.0,4.2120967349736803e-08,0.0,0.0,0.4070745461780162,0.6020301280372673,40.51948001469747,0.5470101799177748,145762,145762,145114,10428,0.027936163440346717,0.0026400555167347193,0.2529610753059387,0.5565714285714286,0.7143571428571428,24.085780734163045,0.36499082902441843,14000,14000,14000,1000,student_test,21,student
22,205.94118055701256,0.05367377211775961,0.0032319531317494487,0.30122120813889935,2.0,3.0,0.0,3.950187224298053e-08,0.0,0.0,0.41225668786749825,0.6059434995556842,40.250004976076255,0.5427019874575341,145761,145749,145167,10428,0.02792184279859066,0.0026240937188267708,0.2529774875640869,0.5594285714285714,0.7168571428571429,23.959419138224263,0.36333095853526953,14000,14000,14000,1000,student_test,22,student
23,217.99606381356716,0.05365840476942236,0.0032218191741440927,0.3011690426602142,2.0,3.0,0.0,3.73359418274372e-08,0.0,0.0,0.4175884500315648,0.6089670711288422,39.76666770768986,0.5364946659324692,145768,145732,145131,10428,0.027902184724807738,0.0026089567635208368,0.25293227648735045,0.5704285714285714,0.7257142857142858,23.359508669511815,0.3544971775235042,14000,14000,14000,1000,student_test,23,student
24,509.17965913563967,0.053706196931629833,0.003212506860429596,0.30174023193054655,2.0,3.0,0.0,3.55812064791494e-08,0.0,0.0,0.4214917426534659,0.6125994557916853,39.64313311254985,0.5343792620764868,145760,145749,145165,10428,0.027880780026316644,0.002600983463227749,0.25279796171188357,0.5678571428571428,0.7275714285714285,23.320825942890984,0.35392885848920164,14000,14000,14000,1000,student_test,24,student
25,840.2327092885971,0.05365597208912545,0.0031974507311961354,0.3013885491165019,2.0,3.0,0.0,3.313324647473178e-08,0.0,0.0,0.4271197837333443,0.6178545349333848,39.181871419294595,0.5279100896962424,145758,145746,145162,10428,0.02786370140314102,0.0025871368627995253,0.25276564264297485,0.5713571428571429,0.7316428571428572,23.00029884131705,0.3491194202592805,14000,14000,14000,1000,student_test,25,student
26,592.5456896945834,0.053657036198936844,0.003184364047251559,0.3015302906307993,2.0,3.0,0.0,3.178384863010709e-08,0.0,0.0,0.43197524001674453,0.62310948120166,38.609603889656604,0.5199237567063315,145755,145719,145066,10428,0.027859314888715743,0.002587455895729363,0.2527185858488083,0.5754285714285714,0.7313571428571428,23.021379752672942,0.3490863749075659,14000,14000,14000,1000,student_test,26,student
27,206.83109671622515,0.053655264212520905,0.0031756016146784593,0.3016002862433798,2.0,3.0,0.0,3.005757375221446e-08,0.0,0.0,0.4373249684256768,0.628248610938771,38.189619105036314,0.514115809917566,145711,145688,145062,10428,0.02783350345492363,0.0025627543330192567,0.25270748615264893,0.5777142857142857,0.7350714285714286,22.659905092892103,0.3437527077091695,14000,14000,14000,1000,student_test,27,student
28,230.65719294548035,0.0535845920603578,0.0031674349299904586,0.30097553879879974,2.0,3.0,0.0,2.8467126272067697e-08,0.0,0.0,0.43923508665998817,0.6290905080914179,37.990153965621126,0.51297681489782,145754,145742,145092,10428,0.02781019729375839,0.0025481708282604812,0.2526202617883682,0.5802857142857143,0.7357142857142858,22.570402388028,0.3421733049950367,14000,14000,14000,1000,student_test,28,student
29,218.09568647295237,0.05348947945743582,0.0031534636589313748,0.300164109080927,2.0,3.0,0.0,2.7771185022589446e-08,0.0,0.0,0.4436500367089563,0.6338809473010455,37.51540017980313,0.5072277274329475,145777,145741,145297,10428,0.02780035249888897,0.0025420369068160655,0.2525831525325775,0.5842142857142857,0.741,22.206395982867107,0.33632731497041374,14000,14000,14000,1000,student_test,29,student
30,227.53695415705442,0.053603227452832615,0.0031469534992554383,0.30136678091492924,2.0,3.0,0.0,2.6321382890088976e-08,0.0,0.0,0.44774480467784883,0.6387251315044663,37.09150882891886,0.49957990962839066,145743,145708,144862,10428,0.027778745874762534,0.0025306275822222233,0.2524811794757843,0.588,0.7410714285714286,22.140181892393688,0.3354849361722892,14000,14000,14000,1000,student_test,30,student
31,232.19007509201765,0.05353423047383535,0.003137021744212955,0.300776044613427,2.0,3.0,0.0,2.5390799322164228e-08,0.0,0.0,0.45356128483418173,0.6414140023947481,36.90407074612652,0.4984387976253802,145783,145762,145318,10428,0.027751799300312997,0.0025164375631138683,0.25235361397266387,0.5967857142857143,0.7483571428571428,21.795930283693064,0.33073922073148665,14000,14000,14000,1000,student_test,31,student
32,230.7004045918584,0.05351385484922193,0.0031298689079700638,0.30064385625243323,2.0,3.0,0.0,2.4288747220796e-08,0.0,0.0,0.45693942366393886,0.6429741373377562,36.61760113108503,0.49415510292647563,145783,145783,145306,10428,0.027734603732824326,0.0025040555065497755,0.2523054801225662,0.6035,0.7526428571428572,21.489353080307,0.3258860375625472,14000,14000,14000,1000,student_test,32,student
33,209.52045208960772,0.05358742421266444,0.003123780146931017,0.3014403234668559,2.0,3.0,0.0,2.3578415792459744e-08,0.0,0.0,0.460035536163878,0.6466657021006869,36.54539871854768,0.49151147404881285,145767,145767,145143,10428,0.027729874297976492,0.0024993483498692514,0.2523052561283112,0.5965,0.7503571428571428,21.69906851784273,0.32960104838666704,14000,14000,14000,1000,student_test,33,student
34,226.83475129306316,0.053554853672353894,0.003117083690186736,0.30118197407880687,2.0,3.0,0.0,2.264071104981149e-08,0.0,0.0,0.4642011732821023,0.6513537949740836,36.11225175488642,0.4862594139530546,145745,145745,144889,10428,0.027713536694645883,0.0024952178010717034,0.252183185338974,0.603,0.7536428571428572,21.392255854617005,0.32483377579917294,14000,14000,14000,1000,student_test,34,student
35,255.33307192474604,0.05348577633740164,0.003111105426802294,0.3005505732000217,2.0,3.0,0.0,2.213595637097846e-08,0.0,0.0,0.4659462797159617,0.6528327607454887,35.80303891646925,0.48312705982373044,145767,145755,145247,10428,0.027692515909671783,0.002469733658246696,0.25222781908512115,0.6072142857142857,0.756,21.244601988821156,0.3221380959877087,14000,14000,14000,1000,student_test,35,student
36,227.43260803818703,0.053520435060824205,0.003101912597004977,0.3009890670354768,2.0,3.0,0.0,2.0950348168306205e-08,0.0,0.0,0.4696999842205284,0.6553385362899341,35.49149574761405,0.478085215414149,145770,145759,145302,10428,0.02767747089266777,0.0024633829332888126,0.25214087545871733,0.6107142857142858,0.7589285714285714,21.139696772572982,0.3203356535295984,14000,14000,14000,1000,student_test,36,student
37,225.7641613036394,0.0533598446750554,0.0030951965744487474,0.29945054027853135,2.0,3.0,0.0,2.0702850781275274e-08,0.0,0.0,0.47253199739216967,0.6576121027577038,35.30932090391735,0.47789903561481695,145751,145715,145157,10428,0.027668143451213836,0.0024618261428549885,0.25206316912174226,0.6124285714285714,0.7582857142857143,21.02669201980398,0.3194034821049591,14000,14000,14000,1000,student_test,37,student
38,206.09488391131163,0.05347213141211477,0.0030868760294752145,0.30065677541629265,2.0,3.0,0.0,1.9653671568517105e-08,0.0,0.0,0.4754373927958834,0.6599368738095074,35.12041649008364,0.472656530858386,145786,145750,145423,10428,0.027661300644278526,0.0024395924229174853,0.2522170774936676,0.6137142857142858,0.7593571428571428,21.13451353419865,0.32089963776882685,14000,14000,14000,1000,student_test,38,student
39,254.67250156402588,0.05353389650520393,0.0030839066665961134,0.301303928662956,2.0,3.0,0.0,1.9753178806409683e-08,0.0,0.0,0.47927443366583883,0.6614193299483992,34.964849911867155,0.47215804078263346,145774,145762,145153,10428,0.027642115250229835,0.002438341642729938,0.2520377323627472,0.619,0.765,20.706470856063067,0.31419145834123613,14000,14000,14000,1000,student_test,39,student
40,502.96425119042397,0.053451244656809636,0.0030743771678409786,0.3005726650888818,2.0,3.0,0.0,1.9145422754216817e-08,0.0,0.0,0.4817709584228259,0.6648236494498525,34.73351584661721,0.46801097865868946,145764,145729,145052,10428,0.027639863982796668,0.002437815234065056,0.2520204831361771,0.6182142857142857,0.7626428571428572,20.81714921788339,0.31518351679482165,14000,14000,14000,1000,student_test,40,student
41,532.3255022987723,0.05339383285479798,0.003067950093248837,0.3000626249026649,2.0,3.0,0.0,1.8394541248839337e-08,0.0,0.0,0.4853397179079085,0.6670773848038878,34.39544917209905,0.4639897804106926,145780,145768,145274,10428,0.027624258667230606,0.002427305615507066,0.2519695272445679,0.6204285714285714,0.7665714285714286,20.422540268121818,0.30970395100475706,14000,14000,14000,1000,student_test,41,student
42,275.8653693050146,0.05340549917795167,0.0030607130016065565,0.3002519445328773,2.0,3.0,0.0,1.8094454550477123e-08,0.0,0.0,0.48713882653376445,0.6692316186111993,34.28665957848722,0.46221061620952136,145719,145671,144902,10428,0.027614349856972694,0.002411332287825644,0.2520301722288132,0.6285,0.7709285714285714,20.35893092731014,0.30915207437109576,14000,14000,14000,1000,student_test,42,student
43,252.28588174283504,0.05338174476647999,0.0030524142419274198,0.3000972183513422,2.0,3.0,0.0,1.7975270032108677e-08,0.0,0.0,0.48818703180308975,0.6717322297888163,34.00853470606549,0.4601086093621583,145772,145772,145229,10428,0.027608280628919603,0.0024163325605913995,0.2519194767475128,0.6245714285714286,0.7718571428571429,20.280003391570546,0.30830530903048453,14000,14000,14000,1000,student_test,43,student
44,219.64282363653183,0.053437150078838154,0.0030462369524616936,0.3007134136039725,2.0,3.0,0.0,1.7116748597114453e-08,0.0,0.0,0.49284283047870003,0.6747819617244658,33.76293866844004,0.45726700140880044,145740,145728,145158,10428,0.0275918348133564,0.0023975878050550817,0.2519424657821655,0.6295,0.7733571428571429,20.042880153039203,0.30466701812070296,14000,14000,14000,1000,student_test,44,student
45,269.7067749276757,0.053385799900011674,0.003041704217458553,0.30024506708397736,2.0,3.0,0.0,1.7086079026323164e-08,0.0,0.0,0.49540321363393114,0.6756254260747413,33.71433783122476,0.4544478414586501,145754,145754,145221,10428,0.027591804713010787,0.0024018954280763866,0.25189908981323245,0.6322142857142857,0.7739285714285714,20.289597062481036,0.30831596760091173,14000,14000,14000,1000,student_test,45,student
46,163.01073358953,0.053384936087070685,0.003034713861682907,0.30030643825083797,2.0,3.0,0.0,1.6644961996022842e-08,0.0,0.0,0.4981609574000878,0.6779357346141389,33.48454192305222,0.45104811588403104,145752,145728,145117,10428,0.027561977609992027,0.002376774820499122,0.25185202515125277,0.6387142857142857,0.7789285714285714,19.830155650837348,0.3009340355299526,14000,14000,14000,1000,student_test,46,student
47,157.77183312177658,0.05339914289673581,0.0030291536231684215,0.30050394753523607,2.0,3.0,0.0,1.6058420470704728e-08,0.0,0.0,0.5022638092363417,0.6813844946511916,33.201443217097804,0.4480455766388187,145784,145772,145266,10428,0.027566718876361848,0.0023840749403461815,0.25182643413543704,0.639,0.777,20.070828523678706,0.3046259190231303,14000,14000,14000,1000,student_test,47,student
48,205.96090558171272,0.05330320335367332,0.0030214665952382597,0.2996217826853596,2.0,3.0,0.0,1.6001361318859016e-08,0.0,0.0,0.502208989627353,0.6820976392264319,33.12354797944626,0.4474948391230689,145780,145768,145249,10428,0.027556561559438704,0.0023675178457051517,0.25189043378829956,0.6425,0.7817857142857143,19.68759621722863,0.298671068776559,14000,14000,14000,1000,student_test,48,student
49,241.58266393095255,0.05342942879095496,0.0030168134446381255,0.30093057670833784,2.0,3.0,0.0,1.5919611305715576e-08,0.0,0.0,0.5035135394792825,0.684459860155291,32.94310403143749,0.44376097822567895,145758,145722,145018,10428,0.027542032897472382,0.002357847333885729,0.25184185218811034,0.6461428571428571,0.7846428571428572,19.589451359297282,0.29719021667660267,14000,14000,14000,1000,student_test,49,student
50,210.5540442764759,0.053275613520775984,0.003009565498506258,0.29946465166675024,2.0,3.0,0.0,1.559642088954817e-08,0.0,0.0,0.5070825612518015,0.6867323730098559,32.6789280434024,0.44120825792832785,145722,145710,145090,10428,0.027532733365893364,0.002351274664513767,0.2518145827054977,0.6462857142857142,0.7851428571428571,19.432078591879723,0.2949818948181563,14000,14000,14000,1000,student_test,50,student
51,220.9736282005906,0.053311050305443794,0.0030010822585433447,0.2999038516354826,2.0,3.0,0.0,1.4925627052671253e-08,0.0,0.0,0.5105945137636075,0.6895713547942848,32.51562696526202,0.43843168887603395,145795,145783,145225,10428,0.02752922224998474,0.002350838806480169,0.2517838314771652,0.6503571428571429,0.7864285714285715,19.227379847737563,0.2919747717822214,14000,14000,14000,1000,student_test,51,student
52,164.30906320363283,0.053336206356318555,0.00299975894910248,0.3001687364030442,2.0,3.0,0.0,1.498999609449878e-08,0.0,0.0,0.5110879350093315,0.6910961925505225,32.38639939816781,0.4386613178387498,145756,145744,145084,10428,0.02752243199944496,0.0023427011817693712,0.2517973039150238,0.6539285714285714,0.7875,19.228543916363,0.292513458555286,14000,14000,14000,1000,student_test,52,student
53,177.90350227802992,0.05331446932172199,0.0029920916933792105,0.3000280870061109,2.0,3.0,0.0,1.4807714144490706e-08,0.0,0.0,0.5136457189901208,0.6919739098692049,32.27733141830724,0.43541301024556767,145772,145760,145189,10428,0.027514132559299468,0.002332853736355901,0.2518127847909927,0.6558571428571428,0.7899285714285714,19.129873202265372,0.29070277131377087,14000,14000,14000,1000,student_test,53,student
54,179.09328354150057,0.053283810842743674,0.0029854617361300836,0.2997876741234992,2.0,3.0,0.0,1.4622218772455336e-08,0.0,0.0,0.5171396623517387,0.6947522849841928,31.99643691379592,0.4321557739808554,145785,145773,145187,10428,0.02749517688155174,0.0023216235311701895,0.2517355295419693,0.6602857142857143,0.7942857142857143,18.88202093270208,0.287777296987847,14000,14000,14000,1000,student_test,54,student
55,200.37206915020943,0.05333028930497663,0.002985168417612406,0.30025557091078814,2.0,3.0,0.0,1.4198140113380369e-08,0.0,0.0,0.5167757605697584,0.6938594073053067,32.05531055798429,0.4321047471552838,145758,145746,145100,10428,0.02750638221204281,0.002334654234349728,0.25171727406978606,0.6578571428571428,0.7959285714285714,18.822230879962643,0.28680773659979125,14000,14000,14000,1000,student_test,55,student
56,205.20841309428215,0.053310495450103884,0.00297576043814475,0.3001515281625666,2.0,3.0,0.0,1.4045526550967228e-08,0.0,0.0,0.5199352413357846,0.6984371985336678,31.888701777536546,0.4296610637512509,145772,145772,145124,10428,0.02750178848206997,0.0023261234583333134,0.2517566466331482,0.6578571428571428,0.7937857142857143,19.097468619149975,0.2912607415994423,14000,14000,14000,1000,student_test,56,student
57,156.78735464811325,0.053294836917529856,0.002967867179779821,0.30007388478478664,2.0,3.0,0.0,1.4092037016905722e-08,0.0,0.0,0.5237311046611361,0.7004138633906498,31.45360887769056,0.42420951312445115,145761,145737,145217,10428,0.027474759444594384,0.002312539138831198,0.2516221989393234,0.6666428571428571,0.7992142857142858,18.63798124498129,0.2842345364467803,14000,14000,14000,1000,student_test,57,student
58,148.465307995677,0.053243164360340316,0.002963404279635554,0.29960168547153837,2.0,3.0,0.0,1.3942960128834284e-08,0.0,0.0,0.5244727417429367,0.7014772359793311,31.378537493756998,0.4243764104740046,145778,145754,145339,10428,0.027469485014677046,0.0023041096804663538,0.2516537491083145,0.6626428571428571,0.7983571428571429,18.61175442326468,0.28321588902520306,14000,14000,14000,1000,student_test,58,student
59,155.62017247080803,0.05328465425732678,0.0029571157594604006,0.3000794207062079,2.0,3.0,0.0,1.338276629062202e-08,0.0,0.0,0.5264656639402756,0.7013918119777255,31.31210784791747,0.4226302107289344,145748,145736,144919,10428,0.027468364506959914,0.0022991099013015626,0.251692541718483,0.6657142857142857,0.8,18.46631272079902,0.2809807031052762,14000,14000,14000,1000,student_test,59,student
60,174.75813968479633,0.053237640296402315,0.0029561930860038726,0.2996185456981685,2.0,3.0,0.0,1.3479007364633451e-08,0.0,0.0,0.52716358522279,0.7029895984018737,31.18386286170371,0.42217389961939306,145765,145765,145170,10428,0.02748097497224808,0.0023088537016883494,0.251721208691597,0.6634285714285715,0.7997857142857143,18.579035510504617,0.2826867781808345,14000,14000,14000,1000,student_test,60,student
61,154.46444828808308,0.05323540317598412,0.002944212354270232,0.2997162430266745,2.0,3.0,0.0,1.3403517101826465e-08,0.0,0.0,0.5299900524817343,0.7056933281955301,31.143192331088542,0.4202630859294944,145765,145765,145328,10428,0.027451164737343787,0.002285377369262278,0.2516578701734543,0.6745714285714286,0.804,18.240071092109062,0.277293330008933,14000,14000,14000,1000,student_test,61,student
62,153.181278526783,0.053216433689129684,0.002944566817535498,0.2995229366070748,2.0,3.0,0.0,1.3224943932788577e-08,0.0,0.0,0.5308525089531964,0.7063612881005683,31.003771641592984,0.41864532009672145,145770,145758,145175,10428,0.02744343076646328,0.002278164661489427,0.2516526566743851,0.6760714285714285,0.8060714285714285,18.120689790634703,0.2754842798737101,14000,14000,14000,1000,student_test,62,student
63,152.3617740571499,0.053197995804201655,0.0029371640730079794,0.29941215805958,2.0,3.0,0.0,1.3362762736934912e-08,0.0,0.0,0.5359678913244829,0.710541357629348,30.740926735567836,0.4158998084822672,145767,145755,145209,10428,0.02744932061433792,0.0022708756094798445,0.25178444623947144,0.6743571428571429,0.8044285714285714,18.338046173293677,0.2786967248494024,14000,14000,14000,1000,student_test,63,student
64,149.76660600304604,0.05323562865535967,0.002935536614226947,0.29980529029683955,2.0,3.0,0.0,1.2994800993006556e-08,0.0,0.0,0.5357267818796781,0.7109519838452897,30.61521472550369,0.41395591468345067,145759,145759,145097,10428,0.027445141822099686,0.0022709040082991125,0.2517423733472824,0.6767142857142857,0.8076428571428571,18.168327276725588,0.27675454448363557,14000,14000,14000,1000,student_test,64,student
65,164.84491242468357,0.05320070174104371,0.0029310852901061257,0.29950036538895586,2.0,3.0,0.0,1.2761238928121301e-08,0.0,0.0,0.5376603773584906,0.7112704678060441,30.64263068232886,0.4137746866693009,145750,145750,145167,10428,0.02743366988003254,0.0022727430425584314,0.25160926485061647,0.6804285714285714,0.8092142857142857,17.97745179185697,0.2732574906245812,14000,14000,14000,1000,student_test,65,student
66,150.9080574735999,0.053178862253104676,0.0029228174594817893,0.29936468069083305,2.0,3.0,0.0,1.2755125584134361e-08,0.0,0.0,0.5372673577048933,0.712088321032066,30.542695676086907,0.4128625649165048,145783,145771,145107,10428,0.027436097756028174,0.0022659743186086417,0.25170123028755187,0.6745,0.8067142857142857,18.182315075955753,0.27675560140354505,14000,14000,14000,1000,student_test,66,student
67,159.7559779882431,0.053189720263998305,0.0029234757188669725,0.2994666309833618,2.0,3.0,0.0,1.2813481081613303e-08,0.0,0.0,0.5381706890281143,0.712483889421122,30.65001986081585,0.4157727627072922,145727,145727,145091,10428,0.027430627718567847,0.00226489535626024,0.25165731930732727,0.6774285714285714,0.8105714285714286,17.914891736692084,0.27255626528218,14000,14000,14000,1000,student_test,67,student
68,150.98887688666582,0.053183170504893754,0.002920155250860323,0.2994342724345039,2.0,3.0,0.0,1.2652448202726573e-08,0.0,0.0,0.54117348374126,0.7156176995541345,30.273951402338735,0.4094800611120299,145773,145737,145111,10428,0.027424819067120552,0.002261161117814481,0.2516365758180618,0.6815,0.8131428571428572,17.78044325320609,0.2706832750892734,14000,14000,14000,1000,student_test,68,student
69,153.15484704822302,0.0531482240453071,0.0029148385408296926,0.2991380123432267,2.0,3.0,0.0,1.2566860895293964e-08,0.0,0.0,0.5423842786370061,0.7167566672873606,30.07123920586959,0.4069703711760009,145749,145738,144999,10428,0.02742680236697197,0.002267682165838778,0.25159119832515714,0.6796428571428571,0.8095,18.05887212070969,0.2742204403357226,14000,14000,14000,1000,student_test,69,student
70,154.85616713017225,0.05314180993421077,0.0029042774815316694,0.29917909526760933,2.0,3.0,0.0,1.2542499164232486e-08,0.0,0.0,0.5454508036467659,0.7185253963341243,30.042258984050008,0.40635697975200996,145783,145773,145395,10428,0.027423747658729552,0.0022612518994137645,0.2516249544620514,0.6771428571428572,0.8117857142857143,17.812227732867534,0.27148293066682466,14000,14000,14000,1000,student_test,70,student
71,159.56818295270205,0.053155311176465485,0.00290330543543066,0.2993242968121021,2.0,3.0,0.0,1.2097283122387281e-08,0.0,0.0,0.5465928426368077,0.7193082779289676,29.95966202157492,0.4049028863229631,145764,145752,145145,10428,0.02740126709640026,0.002242158177308738,0.2515910847187042,0.6785,0.8091428571428572,17.827348438655825,0.27158176698225406,14000,14000,14000,1000,student_test,71,student
72,294.6526019498706,0.053178106930848505,0.0029009092057668212,0.29957628877719883,2.0,3.0,0.0,1.207393969759365e-08,0.0,0.0,0.5478459543461704,0.7199103911769774,29.938313518271862,0.4046655871892815,145761,145749,145075,10428,0.02740628208220005,0.002247661585919559,0.2515862011909485,0.6828571428571428,0.8123571428571429,17.71415297123843,0.27013694872128474,14000,14000,14000,1000,student_test,72,student
73,309.3079205006361,0.053144588832156524,0.002896299417797615,0.29928704674416773,2.0,3.0,0.0,1.1997339916990014e-08,0.0,0.0,0.5488053343211706,0.7210375513127807,29.69026108209006,0.40125156047482013,145785,145773,145188,10428,0.027413146823644638,0.002254441908560693,0.2515870463848114,0.6858571428571428,0.8143571428571429,17.628561659848717,0.2684444322070943,14000,14000,14000,1000,student_test,73,student
74,425.07654842734337,0.0531678631241563,0.0028927853519145554,0.2995553076050041,2.0,3.0,0.0,1.1909006463409265e-08,0.0,0.0,0.550249083947466,0.7222302599397861,29.62094593165881,0.40092259699140037,145757,145734,145149,10428,0.02740841817855835,0.002251219777390361,0.25157197999954223,0.6804285714285714,0.8121428571428572,17.877993099625222,0.27300111898461155,14000,14000,14000,1000,student_test,74,student
75,454.51073625683784,0.05316836269172984,0.002885206369861766,0.2996357612949155,2.0,3.0,0.0,1.1675791192847226e-08,0.0,0.0,0.5525160210228754,0.7240719453182541,29.56991839743938,0.3992282841423087,145758,145746,145277,10428,0.02740007475018501,0.0022500344151631,0.25150039863586426,0.6828571428571428,0.8134285714285714,17.6313663093139,0.267822529160396,14000,14000,14000,1000,student_test,75,student
76,317.7689974308014,0.05315895972035377,0.0028842395415517464,0.29955137440721147,2.0,3.0,0.0,1.1422531879654425e-08,0.0,0.0,0.5542053766244459,0.7255267997988551,29.41620884825848,0.3975894215185323,145754,145742,145169,10428,0.02739461912214756,0.002232103208079934,0.25162515556812287,0.6887142857142857,0.8145714285714286,17.519604516354125,0.26683098850798137,14000,14000,14000,1000,student_test,76,student
77,781.7468962147832,0.05313706369288223,0.0028789886707042767,0.2993849122666014,2.0,3.0,0.0,1.1378478108751714e-08,0.0,0.0,0.5546843917630434,0.7266215788096255,29.36667149718586,0.39634149635616894,145794,145782,145198,10428,0.027391014486551284,0.002241480924189091,0.2514953325986862,0.6871428571428572,0.8150714285714286,17.68159348507452,0.26865242848054255,14000,14000,14000,1000,student_test,77,student
78,181.9832565113902,0.0531295750205847,0.0028787223719282623,0.29931246897110686,2.0,3.0,0.0,1.1545632824682472e-08,0.0,0.0,0.5554671368104767,0.7262297452707402,29.252380151206093,0.39528680971144975,145771,145771,145213,10428,0.027386864617466925,0.002234718030318618,0.2515214616060257,0.6850714285714286,0.817,17.42980993130404,0.2652590465474674,14000,14000,14000,1000,student_test,78,student
79,158.70451948791742,0.053126959158032616,0.0028737819589971696,0.2993359960869989,2.0,3.0,0.0,1.1434317427429733e-08,0.0,0.0,0.5559588087185011,0.7276286314918841,29.188062832141725,0.3949583000225325,145770,145759,145085,10428,0.02738055194914341,0.002225977466441691,0.25154573941230773,0.6844285714285714,0.8145714285714286,17.664732392130155,0.26895049833600904,14000,14000,14000,1000,student_test,79,student
80,155.84743325412273,0.05315429116711792,0.002870250786179523,0.2996445824794034,2.0,3.0,0.0,1.148333948920939e-08,0.0,0.0,0.55752406699648,0.7278897969871962,29.221648175273632,0.39468418281878836,145763,145739,145114,10428,0.027368684485554694,0.002216655395925045,0.25152028584480285,0.6898571428571428,0.8191428571428572,17.346774899376424,0.2644447319943494,14000,14000,14000,1000,student_test,80,student
81,152.5964868813753,0.053078088676467634,0.002865794016527727,0.29892709805538337,2.0,3.0,0.0,1.130071616082453e-08,0.0,0.0,0.5592136411980649,0.7298639915115269,28.954313027788693,0.3912378411896008,145735,145735,145138,10428,0.027382960438728333,0.002228147054091096,0.2515481312274933,0.6847857142857143,0.8157142857142857,17.520719163772384,0.26639646664471184,14000,14000,14000,1000,student_test,81,student
82,149.82060912251472,0.053097558206738206,0.0028615712845861613,0.2991639554191925,2.0,3.0,0.0,1.1265346440459685e-08,0.0,0.0,0.560560732272983,0.7307970390772939,28.914505766416777,0.3904234270201262,145783,145738,145225,10428,0.02735955873131752,0.002208959701471031,0.2515059863328934,0.6940714285714286,0.8226428571428571,17.06603269517435,0.2595837362786154,14000,14000,14000,1000,student_test,82,student
83,150.3067054823041,0.05306277517122147,0.002859912200089248,0.2988326697855742,2.0,3.0,0.0,1.115717479007315e-08,0.0,0.0,0.5607339399179326,0.7300717142463109,28.916856601801353,0.3912948520193591,145758,145734,145020,10428,0.02736296932399273,0.0022086827885359527,0.25154286229610445,0.6885714285714286,0.8193571428571429,17.340664153059812,0.26463541523146183,14000,14000,14000,1000,student_test,83,student
84,152.87219540029764,0.05311254771175538,0.0028544870414387107,0.2993847514289432,2.0,3.0,0.0,1.1184930492084712e-08,0.0,0.0,0.5632351831656344,0.733196211021607,28.696107783818594,0.3878500708781708,145797,145797,145369,10428,0.027365761891007423,0.002206841575913131,0.2515891981124878,0.6955,0.8217142857142857,17.224075028525533,0.26289825088097935,14000,14000,14000,1000,student_test,84,student
85,152.11513059586287,0.053146884136836464,0.0028544134817360877,0.29972891675291913,2.0,3.0,0.0,1.1226136845080116e-08,0.0,0.0,0.5636913829305447,0.7342085485172135,28.749967987440698,0.38814732648326117,145746,145734,145031,10428,0.02734857003390789,0.0021999225141480566,0.25148647105693817,0.695,0.8224285714285714,17.156143567125312,0.2618714020487743,14000,14000,14000,1000,student_test,85,student
86,153.08796034753323,0.05311753241881859,0.0028528617690508455,0.2994507985996203,2.0,3.0,0.0,1.1161735288154698e-08,0.0,0.0,0.5633940025932507,0.7332405314515684,28.790543407714413,0.38877248514796764,145775,145763,145112,10428,0.02735248573124409,0.002195767570286989,0.25156717777252197,0.6967857142857142,0.8225714285714286,17.12150027475413,0.2609604609604417,14000,14000,14000,1000,student_test,86,student
87,168.22214822471142,0.053096926234888306,0.0028491527570260093,0.29928188262586625,2.0,3.0,0.0,1.0918590032616193e-08,0.0,0.0,0.5653793642843912,0.7340814681629363,28.64659527331719,0.3877326782008839,145769,145757,145161,10428,0.02735300400853157,0.002191960448399186,0.25161043190956117,0.6962857142857143,0.8227142857142857,17.19908778861125,0.261978989912132,14000,14000,14000,1000,student_test,87,student
88,348.6964718401432,0.053074801314263495,0.0028442743350081874,0.2991092727188411,2.0,3.0,0.0,1.1003144990204953e-08,0.0,0.0,0.565989830299121,0.7358706361400293,28.546758930435743,0.3861921584553741,145751,145727,145141,10428,0.027351242274045943,0.0021957315383479,0.25155510210990906,0.6951428571428572,0.8209285714285715,16.969743389540618,0.25859086025734124,14000,14000,14000,1000,student_test,88,student
89,254.41999997198582,0.053125473165882474,0.0028420887346439117,0.29963764057883735,2.0,3.0,0.0,1.0944864846846088e-08,0.0,0.0,0.5681347185814474,0.7369132049983114,28.47735756525392,0.38457648098945973,145750,145726,145089,10428,0.027347932368516924,0.0021946279937401416,0.2515330386161804,0.6973571428571429,0.8235714285714286,16.91964780292035,0.2582277879790487,14000,14000,14000,1000,student_test,89,student
90,527.3951630443335,0.0530971229950907,0.0028413550172316925,0.2993615987968939,2.0,3.0,0.0,1.0983294921720912e-08,0.0,0.0,0.5674980273765824,0.7368047272000166,28.421663535796952,0.3841417341129463,145745,145745,145033,10428,0.027342710942029953,0.002194456839002669,0.25148253655433656,0.6981428571428572,0.8210714285714286,17.026170993235628,0.25934906728260365,14000,14000,14000,1000,student_test,90,student
91,233.6323097795248,0.05305429845676826,0.0028349888989434653,0.2989970345263011,2.0,3.0,0.0,1.0895443761968275e-08,0.0,0.0,0.5680716073939436,0.7364614971383706,28.334766810297317,0.3829165307321294,145795,145795,145197,10428,0.02734937198460102,0.0021931490264832975,0.2515622253417969,0.6986428571428571,0.8254285714285714,16.962439100260315,0.2589598183946307,14000,14000,14000,1000,student_test,91,student
92,157.5514198616147,0.05308967286032829,0.0028303880461516295,0.2993969400929545,2.0,3.0,0.0,1.0674094625616227e-08,0.0,0.0,0.5709601295173284,0.7398727728361744,28.21694766062494,0.38047986786449334,145772,145772,145252,10428,0.027330741837620735,0.0021849336009472607,0.2514580785036087,0.6995,0.8289285714285715,16.72939509009051,0.2545841956265667,14000,14000,14000,1000,student_test,92,student
93,156.6021989285946,0.05303074392776952,0.0028300428049268054,0.2988109613201103,2.0,3.0,0.0,1.0650764121825567e-08,0.0,0.0,0.5715795324325993,0.7400201459894302,28.087587782736026,0.3796337217255714,145733,145733,144942,10428,0.027331567242741585,0.0021834633238613605,0.25148103570938113,0.7004285714285714,0.8255,16.818918647468756,0.2563164132622694,14000,14000,14000,1000,student_test,93,student
94,156.52762442827225,0.05310283060566785,0.002828118602150789,0.29955100203822477,2.0,3.0,0.0,1.0755402911211808e-08,0.0,0.0,0.5721891014866598,0.7390618542498967,28.180933826743747,0.3805868309101318,145763,145763,145180,10428,0.027353219285607338,0.00220501577667892,0.2514820306301117,0.6952142857142857,0.8215714285714286,17.111127310556626,0.2606341121558951,14000,14000,14000,1000,student_test,94,student
95,157.8619563654065,0.05304777239548277,0.0028217804349267997,0.2990639550982191,2.0,3.0,0.0,1.078894515218223e-08,0.0,0.0,0.5727898249970844,0.7403158460457233,28.140777377515697,0.3807306904963407,145769,145769,145134,10428,0.027323935359716417,0.002178197151981294,0.2514573788642883,0.7007857142857142,0.8291428571428572,16.65506605659598,0.2535466045601422,14000,14000,14000,1000,student_test,95,student
96,159.4844938442111,0.0530664151885247,0.002821934059032571,0.29924872939985375,2.0,3.0,0.0,1.0693414484971311e-08,0.0,0.0,0.5750060032245892,0.7428325589399415,27.92480789765181,0.37746042903547505,145767,145755,145275,10428,0.027312191098928452,0.0021667037997394802,0.251454869389534,0.7027142857142857,0.8280714285714286,16.562842524067232,0.25196260177856905,14000,14000,14000,1000,student_test,96,student
97,152.91480825841427,0.05302764836442987,0.0028189903858936195,0.2988906135081696,2.0,3.0,0.0,1.0552114300104042e-08,0.0,0.0,0.576210244622088,0.7425200052382364,27.875339517899636,0.37901569194190066,145747,145735,145087,10428,0.02733059321343899,0.0021779094226658346,0.25152683413028715,0.6985,0.8245,16.993354939155946,0.25924200287327065,14000,14000,14000,1000,student_test,97,student
98,158.9541284069419,0.0530206228427426,0.002814314318935151,0.29886717426740306,2.0,3.0,0.0,1.0565294131280953e-08,0.0,0.0,0.5771890349312625,0.7431719215081027,27.842695860796084,0.376638863921287,145772,145772,145136,10428,0.027332196444272996,0.0021857170555740595,0.2514647901058197,0.697,0.8235714285714286,16.95759680130878,0.2589559042124659,14000,14000,14000,1000,student_test,98,student
99,261.17920039594173,0.05303200775000799,0.002812196568787415,0.2990020856655645,2.0,3.0,0.0,1.0583746321404171e-08,0.0,0.0,0.5763895558635073,0.7440500382313028,27.922489650069494,0.37739356545796227,145778,145766,145169,10428,0.027310951098799705,0.002163043014705181,0.25147907626628874,0.7034285714285714,0.8284285714285714,16.705615691106367,0.2542877889946485,14000,14000,14000,1000,student_test,99,student
100,176.29516973346472,0.0530458605799311,0.002811535442736333,0.2991471737223107,2.0,3.0,0.0,1.0633464341668804e-08,0.0,0.0,0.5773269460420298,0.7434353167911346,27.851185820453736,0.37674939833072585,145753,145706,145285,10428,0.027304347828030585,0.002161046541295946,0.2514330089092255,0.7047142857142857,0.83,16.527814637960734,0.25140033066812406,14000,14000,14000,1000,student_test,100,student
101,296.62818951159716,0.05304969978523428,0.0028080522486158385,0.29922043734759174,2.0,3.0,0.0,1.0604156322843177e-08,0.0,0.0,0.5792008892731427,0.7456024914047913,27.605121569827237,0.3733547422846092,145749,145737,145139,10428,0.027313672080636023,0.0021774399625137447,0.2513623179197311,0.7033571428571429,0.8266428571428571,16.691694801604243,0.25454499098063266,14000,14000,14000,1000,student_test,101,student
102,447.10621850937605,0.05307248990809867,0.002808577868884546,0.2994433126437696,2.0,3.0,0.0,1.0533734292619158e-08,0.0,0.0,0.5792153257125605,0.7457213556564953,27.746280993883122,0.37490875151193115,145754,145742,145081,10428,0.027324054583907128,0.002177065847441554,0.2514698846340179,0.6974285714285714,0.8233571428571429,17.085012398441055,0.26084075774142407,14000,14000,14000,1000,student_test,102,student
103,217.70764280855656,0.05299140521659904,0.002801360448261156,0.29870460365049034,2.0,3.0,0.0,1.023174035255657e-08,0.0,0.0,0.5809397686258903,0.746765555318137,27.55045603575223,0.37257985058219667,145738,145738,145079,10428,0.027317380398511885,0.0021766828233376143,0.25140697276592255,0.6980714285714286,0.8272142857142857,16.95768809927481,0.25884696221240255,14000,14000,14000,1000,student_test,103,student
104,163.2209014967084,0.053057788457902946,0.002798596294559281,0.2993960860855149,2.0,3.0,0.0,1.0365687144074636e-08,0.0,0.0,0.5820663062271867,0.7484622007921474,27.57786442906019,0.37323126817972074,145784,145748,145175,10428,0.027314239889383318,0.00217357855848968,0.25140660953521726,0.6981428571428572,0.8273571428571429,16.829305489237953,0.2572456436716921,14000,14000,14000,1000,student_test,104,student
105,163.6868779733777,0.053047464876841165,0.0027967295327195616,0.2993114940739245,2.0,3.0,0.0,1.0381488666378108e-08,0.0,0.0,0.5816928458742027,0.748731804146449,27.409549628961987,0.3702029805636029,145790,145790,145088,10428,0.027302875518798828,0.0021575578879565,0.2514531720876694,0.7017142857142857,0.829,16.60103273289065,0.25363044216561637,14000,14000,14000,1000,student_test,105,student
106,160.73450780659914,0.05308288843508511,0.0027952225803635875,0.29968085622119867,2.0,3.0,0.0,1.015593030293226e-08,0.0,0.0,0.5841652772345841,0.7490284438564577,27.455051689914008,0.3717418178188078,145777,145743,145128,10428,0.027288226142525674,0.002147722735069692,0.25140503025054933,0.7059285714285715,0.8330714285714286,16.610768555516643,0.25318442082254294,14000,14000,14000,1000,student_test,106,student
107,160.96527226269245,0.053024907795391554,0.002793581492192886,0.2991175750548418,2.0,3.0,0.0,1.0189220931848386e-08,0.0,0.0,0.5843560702206917,0.7502737622159932,27.175611832257722,0.36747777144686644,145781,145769,145199,10428,0.027298307076096536,0.002157698327675462,0.25140608406066894,0.7027142857142857,0.8295714285714286,16.570841870968895,0.2526743928737473,14000,14000,14000,1000,student_test,107,student
108,179.1355980038643,0.05300349255328577,0.0027913759841387544,0.29892532634332714,2.0,3.0,0.0,1.0174659373394024e-08,0.0,0.0,0.5848313527458353,0.7506723117871771,27.253754918306957,0.36873988099061816,145748,145748,145022,10428,0.027300065875053407,0.002150848099961877,0.2514921737909317,0.7022142857142857,0.8303571428571429,16.7454024880897,0.2545514124829556,14000,14000,14000,1000,student_test,108,student
109,268.89899119734764,0.05303393829775396,0.0027902660900612597,0.2992408736357069,2.0,3.0,0.0,1.0253242591662718e-08,0.0,0.0,0.5852826978747925,0.7515324746883394,27.150573187079022,0.3674937651354925,145786,145774,145190,10428,0.02729505254328251,0.0021509942524135114,0.25144057905673983,0.709,0.8326428571428571,16.499206094429564,0.25161208463104945,14000,14000,14000,1000,student_test,109,student
110,163.63300503790379,0.05302527396270586,0.0027866422141197317,0.29919035851063747,2.0,3.0,0.0,1.0279144747418617e-08,0.0,0.0,0.5869204275697408,0.7511512806922139,27.200078917080567,0.3675648925799825,145766,145754,145273,10428,0.02729260055720806,0.0021456342600286006,0.2514696595668793,0.7071428571428572,0.8312857142857143,16.487625651646006,0.2514098058505725,14000,14000,14000,1000,student_test,110,student
111,216.7699708789587,0.05299092982125822,0.002783529396037781,0.2988780556017291,2.0,3.0,0.0,1.030969393034367e-08,0.0,0.0,0.5877068979715078,0.7517625896801494,27.09393790119014,0.3666957302515775,145736,145724,145099,10428,0.027284974083304405,0.0021475473968312142,0.25137426316738126,0.7032142857142857,0.8305714285714285,16.452255441588083,0.25061055946098565,14000,14000,14000,1000,student_test,111,student
112,257.98292821645737,0.05298753266658964,0.002778000741978049,0.29889952970113526,2.0,3.0,0.0,1.034045238132317e-08,0.0,0.0,0.5882159202409787,0.7531110759123183,27.065760303060223,0.36655839414038693,145739,145739,145207,10428,0.027272506102919578,0.002140052668750286,0.2513245313167572,0.7127857142857142,0.8350714285714286,16.29670530819108,0.24815051382754946,14000,14000,14000,1000,student_test,112,student
113,183.46959885954857,0.05302017176395913,0.0027773740658865926,0.2992320385103167,2.0,3.0,0.0,1.0408541976317704e-08,0.0,0.0,0.5882780766275113,0.7524598296722983,27.088272169990514,0.36710958369220265,145768,145744,145132,10428,0.02728866584599018,0.002151089921593666,0.2513757561445236,0.7053571428571429,0.8301428571428572,16.672903950627493,0.25367717406567936,14000,14000,14000,1000,student_test,113,student
114,617.5002733245492,0.053025540591749507,0.0027752152640882653,0.29930737044763694,2.0,3.0,0.0,1.0473060487296433e-08,0.0,0.0,0.5898614350391,0.7534094666078907,27.109459850947516,0.36620897103543987,145780,145780,145184,10428,0.02727140957117081,0.0021376214334741235,0.2513378779888153,0.7099285714285715,0.834,16.40277106808991,0.2501420259824063,14000,14000,14000,1000,student_test,114,student
115,165.48940390348434,0.052942347427380694,0.002772173380670697,0.2985059651472946,2.0,3.0,0.0,1.0428675322954842e-08,0.0,0.0,0.5907051721772534,0.7546154854104454,26.910657384956227,0.36464434960829234,145780,145780,145001,10428,0.027270252496004104,0.002127415317110717,0.2514283674955368,0.7101428571428572,0.8362142857142857,16.27958828492476,0.24788852312591503,14000,14000,14000,1000,student_test,115,student
116,161.41121403872967,0.052966481805602206,0.002767176758072839,0.2987970698083275,2.0,3.0,0.0,1.0382305495146139e-08,0.0,0.0,0.5910819195080437,0.754975330080763,26.847489776291884,0.36347767924872354,145752,145704,145116,10428,0.027277941286563873,0.0021455909963697195,0.25132349836826323,0.7108571428571429,0.8348571428571429,16.208338970429264,0.24668923044294064,14000,14000,14000,1000,student_test,116,student
117,160.80873902887106,0.052999404928135055,0.002770217131484996,0.2990958629941227,2.0,3.0,0.0,1.0274720608061747e-08,0.0,0.0,0.5919490536775504,0.7558029712867533,26.802429203533944,0.3625859335494245,145755,145722,145055,10428,0.02727058181166649,0.0021387362433597447,0.25131845235824585,0.7091428571428572,0.8329285714285715,16.316968807503713,0.24873631532575868,14000,14000,14000,1000,student_test,117,student
118,163.4772236943245,0.05304567240775889,0.0027672868611567556,0.29958784813436456,2.0,3.0,0.0,1.0446029209087579e-08,0.0,0.0,0.592508489692313,0.7551993933753834,26.881993587503718,0.36292175608916477,145765,145765,145065,10428,0.027262056276202203,0.002131396378390491,0.25130659556388857,0.712,0.8354285714285714,16.223626863028453,0.24733736898258385,14000,14000,14000,1000,student_test,118,student
119,159.79296562075615,0.05296721419024431,0.002763849502387569,0.29883756392821526,2.0,3.0,0.0,1.0296454824585182e-08,0.0,0.0,0.5936751679325937,0.7554370693282383,26.74552468147635,0.36188529954050425,145755,145743,144977,10428,0.027261549904942513,0.002137819811701775,0.25123729717731474,0.7100714285714286,0.8365,16.001003276958663,0.24432844659866454,14000,14000,14000,1000,student_test,119,student
120,164.62162052839994,0.0529829107530738,0.0027634777433421472,0.29899823235788703,2.0,3.0,0.0,1.0065568271304377e-08,0.0,0.0,0.5936461965025942,0.7575989413175633,26.67474495147077,0.3605905841749232,145732,145708,145086,10428,0.027260195299983025,0.0021241170382127164,0.25136077725887296,0.7079285714285715,0.8321428571428572,16.37834589908019,0.24979187114547244,14000,14000,14000,1000,student_test,120,student
121,164.7538245022297,0.05303323728871565,0.0027604009113483497,0.2995322725818127,2.0,3.0,0.0,1.0035459037526206e-08,0.0,0.0,0.5949254181932951,0.7575816043163981,26.688703520548124,0.36041425378594405,145758,145746,145121,10428,0.027263864278793334,0.0021246133679524064,0.2513925050497055,0.7109285714285715,0.8372142857142857,16.175862732081676,0.2466290024492723,14000,14000,14000,1000,student_test,121,student
122,164.4366256147623,0.05301870492840344,0.0027586122694141994,0.2994047505134452,2.0,3.0,0.0,1.0051217411120421e-08,0.0,0.0,0.5960229456002635,0.7573149149204295,26.734858840778926,0.3612123572194426,145759,145736,145217,10428,0.027264069244265558,0.0021319085620343683,0.25132160365581513,0.708,0.8360714285714286,16.33411470319344,0.24881739698252656,14000,14000,14000,1000,student_test,122,student
123,164.52151775360107,0.052979172946542995,0.002753294731258466,0.29906258329972024,2.0,3.0,0.0,9.982163630142991e-09,0.0,0.0,0.5966072850045291,0.7592150806017899,26.577088785964232,0.35867587927924416,145748,145724,145034,10428,0.027264409825205803,0.0021323010232299567,0.2513210842609406,0.7084285714285714,0.8355,16.285479778989217,0.24788152553262535,14000,14000,14000,1000,student_test,123,student
124,163.87540044635534,0.052951215904621866,0.002751185960541106,0.2988044742450524,2.0,3.0,0.0,1.0017333460281997e-08,0.0,0.0,0.5971873499348288,0.7589832936218271,26.529070207602658,0.3587460503070869,145770,145770,145214,10428,0.027261522844433783,0.0021326450938358903,0.2512887749671936,0.7112857142857143,0.8372142857142857,16.227452160194648,0.2473347362819326,14000,14000,14000,1000,student_test,124,student
125,162.28964584320784,0.05299522224592212,0.0027535724798631814,0.2992206055358035,2.0,3.0,0.0,1.0036125686804712e-08,0.0,0.0,0.595804973103524,0.7588780662785243,26.49090525585275,0.358101199582078,145744,145744,144964,10428,0.027259128451347352,0.0021320582535117863,0.25127069783210754,0.7121428571428572,0.8375714285714285,16.249189442850252,0.24748958517835568,14000,14000,14000,1000,student_test,125,student
126,162.54221364855766,0.05294560736647547,0.0027462876935289066,0.2987971043262072,2.0,3.0,0.0,1.003135639013932e-08,0.0,0.0,0.5994772120721474,0.7608650747748492,26.33221738816597,0.3565647231918624,145781,145757,145236,10428,0.02725310118496418,0.0021174342576414347,0.2513566657304764,0.7134285714285714,0.8386428571428571,16.16531928991646,0.2464845981451519,14000,14000,14000,1000,student_test,126,student
127,164.8642117381096,0.05297824591655451,0.0027453259199748396,0.2991329773168798,2.0,3.0,0.0,1.0064769474909027e-08,0.0,0.0,0.6000562537731189,0.7619605357438131,26.373467240122185,0.356601676971124,145768,145768,145144,10428,0.02725077122449875,0.002116900066845119,0.25133870804309844,0.7122142857142857,0.8365,16.300717869856662,0.24847145530396847,14000,14000,14000,1000,student_test,127,student
128,170.88899666815996,0.05293055317258533,0.002739539880748148,0.29871409224924295,2.0,3.0,0.0,1.0113164345085677e-08,0.0,0.0,0.5995938166823331,0.7627968228577733,26.199403287396613,0.3549178897590385,145747,145747,145036,10428,0.027252796217799188,0.0021181455673649906,0.25134650218486787,0.7131428571428572,0.838,16.29462569124265,0.24806314354044456,14000,14000,14000,1000,student_test,128,student
129,179.78926822543144,0.05296864039913009,0.002746445602227587,0.29902587117113555,2.0,3.0,0.0,1.01526894799023e-08,0.0,0.0,0.5990103426739964,0.7605001757784227,26.33277846897828,0.3562704306864311,145742,145707,145069,10428,0.02724736824631691,0.002116758020594716,0.25130609834194184,0.7107857142857142,0.833,16.333121029042903,0.2494834430712995,14000,14000,14000,1000,student_test,129,student
130,177.37736452370882,0.05293566833339892,0.002737721944128502,0.2987833609057881,2.0,3.0,0.0,1.0178502019920618e-08,0.0,0.0,0.6016742717946959,0.762962094622084,26.10182841293074,0.3533120858127965,145759,145735,145019,10428,0.027247954070568084,0.0021207123063504696,0.2512724153995514,0.7106428571428571,0.8341428571428572,16.375481358117156,0.24968662897182925,14000,14000,14000,1000,student_test,130,student
131,180.63953225314617,0.05292650102414434,0.0027398366181788617,0.2986702754390528,2.0,3.0,0.0,1.0186128979377574e-08,0.0,0.0,0.6018055469805794,0.7628693436187065,26.1887295510014,0.35463006049221907,145773,145773,145190,10428,0.027248520344495774,0.002117242282256484,0.2513127760887146,0.713,0.8341428571428572,16.43744590639629,0.25054130766282207,14000,14000,14000,1000,student_test,131,student
132,177.64614601433277,0.052941813114723305,0.002738117571708671,0.2988409912467323,2.0,3.0,0.0,1.0199036552695725e-08,0.0,0.0,0.6012335599662452,0.7621396002369375,26.217158862466025,0.35499856084383885,145757,145757,145186,10428,0.02724417504668236,0.002120196412317455,0.2512397816181183,0.7128571428571429,0.8380714285714286,16.116917970366643,0.2458632439981314,14000,14000,14000,1000,student_test,132,student
133,180.72899124771357,0.05295685675719665,0.002736054849525107,0.29901201620063517,2.0,3.0,0.0,1.0209549178627238e-08,0.0,0.0,0.6045335383010555,0.764505142983206,26.119855038451302,0.35346675202167244,145750,145714,145052,10428,0.027238765344023703,0.002107820968143642,0.25130944001674654,0.7167857142857142,0.8385714285714285,16.069549194730154,0.24547580977663905,14000,14000,14000,1000,student_test,133,student
134,177.10005893558264,0.052926433971776876,0.0027340088137609462,0.298728060770364,2.0,3.0,0.0,1.0199128379510384e-08,0.0,0.0,0.6033250082336151,0.7643879808918514,26.148428840016244,0.3538110350360049,145756,145744,145069,10428,0.027241376146674157,0.0021089201755821706,0.25132455623149874,0.7146428571428571,0.8374285714285714,16.156667737487837,0.2462195477698114,14000,14000,14000,1000,student_test,134,student
135,186.97968915104866,0.05295373513540135,0.002731810746731263,0.2990232321451942,2.0,3.0,0.0,9.972586641066945e-09,0.0,0.0,0.6036505867014341,0.7640450213582317,26.098773277012317,0.3529011002748892,145754,145730,144909,10428,0.027264045909047126,0.0021425073640421034,0.25121538162231444,0.7058571428571428,0.8319285714285715,16.420425141091723,0.25033400533854067,14000,14000,14000,1000,student_test,135,student
136,184.8148921430111,0.05290268154226824,0.0027288495625308875,0.29854229681899735,2.0,3.0,0.0,9.83618368258235e-09,0.0,0.0,0.6035740510715977,0.7660689655172414,25.935881724685167,0.3521827322818529,145753,145717,145000,10428,0.027236273631453513,0.0021090560350567104,0.251272171497345,0.7125,0.838,16.22566317031759,0.24717510799183984,14000,14000,14000,1000,student_test,136,student
137,170.43104650825262,0.052932561216943785,0.0027255871333003237,0.2988739148336761,2.0,3.0,0.0,9.750179652192189e-09,0.0,0.0,0.605692563163023,0.7676126762991827,25.740425052110538,0.34774534578099825,145746,145734,144995,10428,0.027234162122011185,0.002098804343491793,0.25135357296466826,0.7157142857142857,0.8384285714285714,16.15648936948912,0.2460933531829479,14000,14000,14000,1000,student_test,137,student
138,167.29173931479454,0.052912765484421836,0.0027255741644905767,0.2986757868281442,2.0,3.0,0.0,9.80992441573342e-09,0.0,0.0,0.6036334685417396,0.7655356514661351,25.939843618268135,0.3510177839202742,145725,145701,144973,10428,0.027226243689656256,0.0020987636614590885,0.25127479910850525,0.717,0.8406428571428571,16.04637481718923,0.24437294350086142,14000,14000,14000,1000,student_test,138,student
139,167.6681196242571,0.05290312042776359,0.0027231510728061782,0.2986037003488709,2.0,3.0,0.0,9.863059740114077e-09,0.0,0.0,0.6069529540106071,0.7678772047116558,25.79752047205871,0.348895947829717,145762,145751,145087,10428,0.02723667412996292,0.0021181340999901293,0.251185396194458,0.716,0.8369285714285715,16.090365621731884,0.24477279506398508,14000,14000,14000,1000,student_test,139,student
140,166.34971852600574,0.05293974819645646,0.0027201219398359008,0.2990003713861388,2.0,3.0,0.0,9.900890889059379e-09,0.0,0.0,0.606782824712979,0.7674344871317701,25.782498464881225,0.348407990821024,145733,145721,145086,10428,0.02722604091465473,0.0021104510799050333,0.2511558941602707,0.7178571428571429,0.8414285714285714,15.899371679352996,0.2418608984023968,14000,14000,14000,1000,student_test,140,student
141,169.13470331579447,0.0529170298800987,0.002720725452672086,0.2987671500599883,2.0,3.0,0.0,9.81710349205844e-09,0.0,0.0,0.6067570626118804,0.7674266427882629,25.721691315869077,0.34835828291274173,145803,145803,145180,10428,0.027230961740016938,0.0021071731094270945,0.2512378816604614,0.7143571428571428,0.8403571428571428,15.974961643622523,0.24358971781271335,14000,14000,14000,1000,student_test,141,student
142,167.85645896196365,0.0529741898484851,0.002721630224872682,0.2993294763174101,2.0,3.0,0.0,9.875392244308935e-09,0.0,0.0,0.6063194730341704,0.7671023349708215,25.87197907210922,0.34899678151005914,145764,145740,145141,10428,0.02722413332760334,0.0020999009972438214,0.25124231934547425,0.7131428571428572,0.8366428571428571,16.17623149210627,0.2460985496230266,14000,14000,14000,1000,student_test,142,student
143,168.00382098555565,0.0529244469573752,0.002715911628207957,0.29888957741162675,2.0,3.0,0.0,9.869187896273306e-09,0.0,0.0,0.6086735779023417,0.7693707479476416,25.61754582355295,0.34670839710494156,145753,145753,145077,10428,0.02722685296833515,0.00210313240904361,0.25123720157146456,0.7155714285714285,0.8377857142857142,16.06381041287511,0.24469655311144545,14000,14000,14000,1000,student_test,143,student
144,167.84151143580675,0.052966987874929046,0.0027142979990491607,0.2993308078021806,2.0,3.0,0.0,9.934892756740613e-09,0.0,0.0,0.608761578044597,0.7681219337412492,25.76613577123769,0.3480985172409748,145762,145750,145128,10428,0.027243521556258202,0.002126243303529918,0.25117277801036836,0.7085714285714285,0.8322142857142857,16.282374005874487,0.24840050390242208,14000,14000,14000,1000,student_test,144,student
145,170.10910972952843,0.0528909521792577,0.0027151091540400917,0.29856247842700534,2.0,3.0,0.0,9.998041690804436e-09,0.0,0.0,0.6066948477944608,0.7656276919048177,25.790512116246273,0.3492633525489425,145760,145724,145111,10428,0.027236732140183448,0.0021069881115108728,0.25129743611812594,0.7156428571428571,0.8364285714285714,16.19149562379159,0.24672426964571612,14000,14000,14000,1000,student_test,145,student
146,170.42179726064205,0.05291232634743009,0.002710440136884501,0.29882295892688565,2.0,3.0,0.0,9.98751755602935e-09,0.0,0.0,0.6102308985487357,0.7704748724516143,25.624285930801793,0.34627366362062206,145758,145735,145239,10428,0.02723441945016384,0.0021081874268129466,0.2512623167037964,0.7170714285714286,0.8392857142857143,15.986913168388686,0.2438717341626862,14000,14000,14000,1000,student_test,146,student
147,169.02098558843136,0.05291544884517589,0.0027080357315338146,0.2988783574145463,2.0,3.0,0.0,1.002854374508149e-08,0.0,0.0,0.6110756693350894,0.7707545805705315,25.484574961907917,0.3445671749676306,145779,145779,145233,10428,0.027217294096946718,0.002091931724920869,0.2512536191940308,0.7184285714285714,0.8404285714285714,15.928064139043514,0.24332429606682435,14000,14000,14000,1000,student_test,147,student
148,167.6567479223013,0.05288779117255591,0.002708404009551236,0.2985980416743473,2.0,3.0,0.0,1.007866466924228e-08,0.0,0.0,0.6107924528301887,0.7700225994928894,25.532361347081682,0.34567561004131503,145772,145750,145136,10428,0.02722771245241165,0.0021093914648517968,0.2511832060813904,0.713,0.8375,15.950625112150263,0.24338857284094517,14000,14000,14000,1000,student_test,148,student
149,166.94782327860594,0.05290013326365554,0.002702486258065153,0.29878043207026644,2.0,3.0,0.0,1.0105518195251267e-08,0.0,0.0,0.6134181139737153,0.7735824387558492,25.3091856236763,0.3431067372650847,145800,145788,145320,10428,0.027215191617608072,0.0020965933557599782,0.25118597877025606,0.7185,0.8421428571428572,15.829135875502734,0.2406431362089856,14000,14000,14000,1000,student_test,149,student
150,167.44825388491154,0.05297290800281489,0.002707030317506038,0.2994628062262405,2.0,3.0,0.0,1.0120511439761068e-08,0.0,0.0,0.6134483184456427,0.7713132092632276,25.428683731005126,0.3437397609351545,145770,145758,145133,10428,0.027216822624206542,0.0020958776706829665,0.2512094452381134,0.7177142857142857,0.8399285714285715,15.824666519558988,0.24134980847762016,14000,14000,14000,1000,student_test,150,student
