sample_index,sample_id,product_id,label,cuda_ms,host_ms,first_block_calls,first_block_input_shape
0,10ba8b76e96a8a74,B017YEAR0C,0,25.079776763916016,25.099223013967276,1,"[160, 1024]"
1,28ef49170e97e706,B00NO73Q84,1,25.15996742248535,25.16642864793539,1,"[156, 1024]"
2,05c7479a364ea418,B07N6RT9SM,2,25.08527946472168,25.09099431335926,1,"[160, 1024]"
3,035992253a101c7a,B073P17RRM,3,25.182912826538086,25.189281906932592,1,"[168, 1024]"
4,0e84425f04d34d6b,B07B8PXSGV,4,25.11849594116211,25.124668143689632,1,"[180, 1024]"
5,1765a2dd40eab0de,B07QWC7NYS,5,26.46031951904297,26.466607116162777,1,"[168, 1024]"
6,12a64f561454bd0e,B084HV7BDJ,6,25.018943786621094,25.024794973433018,1,"[180, 1024]"
7,04c5e4859765a2ed,B00TS18AEA,7,28.44598388671875,28.451967053115368,1,"[160, 1024]"
8,03a05ec618f390c7,B07TQ89MMN,8,25.021343231201172,25.02750512212515,1,"[168, 1024]"
9,127c9a6bd72f01fa,B0719SNKSY,9,25.139455795288086,25.145419873297215,1,"[180, 1024]"
10,1eb6e7c772707ad8,B073WQ8JLT,10,25.71059226989746,25.71633690968156,1,"[160, 1024]"
11,032b6678c195b11f,B073G7BVBP,11,25.08188819885254,25.087762624025345,1,"[180, 1024]"
12,00005a41ed3c40c0,B08G1TN3Y8,12,32.80918502807617,32.815658021718264,1,"[160, 1024]"
13,0aa93717b8ad15ca,B07HSGP5PS,13,26.310335159301758,26.316252071410418,1,"[144, 1024]"
14,0c9c4f9cb23e6dcb,B079V3YHVF,14,25.340639114379883,25.346835609525442,1,"[160, 1024]"
15,17630831702c2272,B07B8K1DL3,15,24.936511993408203,24.9426057562232,1,"[144, 1024]"
16,020cc784d6179a55,B07WFNW48N,16,36.961822509765625,36.96827590465546,1,"[168, 1024]"
17,0706b6bb2d5acc57,B074KKMQBG,17,25.12678337097168,25.132958311587572,1,"[168, 1024]"
18,05891b84536c9369,B075HXHKTZ,18,26.138816833496094,26.144728995859623,1,"[180, 1024]"
19,265df48319753c9d,B00F5CKWBA,19,25.1243839263916,25.129396934062243,1,"[160, 1024]"
20,06b89ab3228ffb3b,B082L6MDHT,20,24.95689582824707,24.963323026895523,1,"[160, 1024]"
21,059328452b56240f,B079L7YJBB,21,38.4854736328125,38.49112428724766,1,"[192, 1024]"
22,0bea7ebbd57257c4,B00EUL2B16,22,25.503711700439453,25.509739760309458,1,"[160, 1024]"
23,0be3927d05b3ca6b,B07B8NSY3Z,23,24.8121280670166,24.818106088787317,1,"[168, 1024]"
24,06575762d2568fb5,B07DBDSGD6,24,24.826847076416016,24.83308222144842,1,"[180, 1024]"
25,0609e426c3ae39f6,B00MIBN16O,25,24.8874568939209,24.893261957913637,1,"[160, 1024]"
26,04f478484ff20649,B014RWWURC,26,26.429088592529297,26.43541619181633,1,"[160, 1024]"
27,06d612cca0c9eae6,B073P1JNWZ,27,24.944543838500977,24.95059184730053,1,"[192, 1024]"
28,02e118fc9fcccaee,B07XKGLMR8,28,24.836223602294922,24.842306971549988,1,"[168, 1024]"
29,13f10df3e83f5d7d,B075X41RLD,29,24.885759353637695,24.891527369618416,1,"[180, 1024]"
30,031f66570132f635,B075HWDSDK,30,24.81929588317871,24.82539415359497,1,"[180, 1024]"
31,067e88b0a8c306dd,B07121RM99,31,25.5532169342041,25.559048634022474,1,"[160, 1024]"
32,1a87b5b92857b756,B075HXJY3Y,32,24.980607986450195,24.986775126308203,1,"[160, 1024]"
33,1673ea7ed4ce8b60,B07BG69MRW,33,25.02342414855957,25.029391050338745,1,"[176, 1024]"
34,005fc98679c71067,B07HK3PTPX,34,24.82099151611328,24.826702196151018,1,"[160, 1024]"
35,0ab5d06d9f256d9d,B014I8UQJY,35,26.03126335144043,26.03692188858986,1,"[160, 1024]"
36,0ae652508b9c4978,B01LP0V4JY,36,24.911903381347656,24.918100330978632,1,"[160, 1024]"
37,17e66563b3ec5916,B07B8PXMTK,37,24.96656036376953,24.972607847303152,1,"[160, 1024]"
38,129d866964f063aa,B01B254OVC,38,24.80191993713379,24.808118119835854,1,"[168, 1024]"
39,032e1e09ddd9265d,B072Z1WN4S,39,24.85411262512207,24.860224686563015,1,"[180, 1024]"
40,377ab4586b109189,B07KR4BT31,40,24.92300796508789,24.928902741521597,1,"[192, 1024]"
41,1102a33a750f5b98,B07YM19Q9K,41,24.88787269592285,24.894644040614367,1,"[168, 1024]"
42,001cf3e6807d7b21,B07DMGM9T6,42,24.810815811157227,24.816648103296757,1,"[168, 1024]"
43,23f7e2c94bb91e6c,B072C8Q4WV,43,24.858367919921875,24.864486884325743,1,"[196, 1024]"
44,0035b7b003966764,B00DUGZFA6,44,24.856319427490234,24.8621660284698,1,"[168, 1024]"
45,0a0de5c1cb78f6b7,B075QBL1TB,45,24.971200942993164,24.977042339742184,1,"[160, 1024]"
46,127f9eb9a8584c4f,B0713T6T4D,46,24.938976287841797,24.944879114627838,1,"[160, 1024]"
47,02efb420f45ce7f0,B074VKVP97,47,24.830976486206055,24.836658965796232,1,"[168, 1024]"
48,13a2276b30b52ffa,B0719SX5P1,48,25.561824798583984,25.568141601979733,1,"[160, 1024]"
49,013947d2180a1413,B07HK3W6ZP,49,41.32499313354492,41.330951265990734,1,"[180, 1024]"
50,08c970babbb14180,B00TOAN83I,50,24.89072036743164,24.896430782973766,1,"[168, 1024]"
51,072f75e430d69fd8,B07PWRJT5R,51,24.825376510620117,24.83165543526411,1,"[168, 1024]"
52,006d47f26b4c6fdf,B07YPRSX86,52,25.593408584594727,25.598977226763964,1,"[168, 1024]"
53,00ec3ee049a63f8d,B07MF1NJ7Q,53,24.967039108276367,24.973685387521982,1,"[160, 1024]"
54,046d7af22b0e1ffb,B07K8F58D7,54,24.839136123657227,24.844910949468613,1,"[160, 1024]"
55,0361803084e87e63,B07VB3TJF3,55,24.933439254760742,24.93937686085701,1,"[160, 1024]"
56,017a8e0aaabe1940,B07WDJS5R1,56,25.4748477935791,25.4807872697711,1,"[160, 1024]"
57,09099bb870f95f46,B07374C6R9,57,24.883840560913086,24.8895650729537,1,"[144, 1024]"
58,067eef5ceda0cea5,B07149T97D,58,24.905216217041016,24.91143671795726,1,"[160, 1024]"
59,006cc8885e15924e,B07K8XX4GJ,59,24.76019287109375,24.766032118350267,1,"[176, 1024]"
60,015cc6874267d3b0,B06X6H2WF7,60,24.91116714477539,24.917193222790956,1,"[160, 1024]"
61,09241bb4ab9dc3e7,B01E3R7GWA,61,24.928672790527344,24.934600573033094,1,"[168, 1024]"
62,20cfa93ea7a1d181,B07124WN22,62,24.87321662902832,24.878619704395533,1,"[168, 1024]"
63,0464a5d85a2ec80d,B0753P16BL,63,24.8951358795166,24.901170749217272,1,"[192, 1024]"
64,07e19d9c3599a37f,B01DN8TB5U,64,24.810367584228516,24.81629326939583,1,"[180, 1024]"
65,057ba8772b089f97,B075YLXVDS,65,25.35830307006836,25.364334229379892,1,"[168, 1024]"
66,000b8e367a4b478f,B074VLQ3GX,66,25.006784439086914,25.01295693218708,1,"[180, 1024]"
67,0631a192e39bc81f,B07VC8B7GP,67,24.98464012145996,24.99054418876767,1,"[160, 1024]"
68,066054c2f525c8ba,B075HWDSC6,68,24.650623321533203,24.656927678734064,1,"[176, 1024]"
69,0bc9efd94e0c2964,B00JM5TTWO,69,25.268543243408203,25.274477899074554,1,"[168, 1024]"
70,0e1e8ae405514aaf,B07MSYK43S,70,24.956512451171875,24.962641298770905,1,"[160, 1024]"
71,0c5415220cd80504,B006ZT4VA0,71,26.20672035217285,26.20193874463439,1,"[192, 1024]"
72,00087fb0d0810491,B0714MJLPX,72,24.787904739379883,24.79387493804097,1,"[160, 1024]"
73,02fa299ff133d3c4,B07BG71L7G,73,25.742656707763672,25.748672429472208,1,"[156, 1024]"
74,01dc8163d8032902,B078H1JC3C,74,25.066816329956055,25.072703137993813,1,"[156, 1024]"
75,0606afff8e164e05,B0735CJJDM,75,24.90959930419922,24.914960842579603,1,"[168, 1024]"
76,0044b188e827c416,B07124WMX5,76,24.85193634033203,24.857936892658472,1,"[180, 1024]"
77,1a034d0d8e312f5b,B07S74D9T7,77,24.909568786621094,24.915185291320086,1,"[168, 1024]"
78,24485e8ba4d73416,B00R3MZITG,78,25.285856246948242,25.29127523303032,1,"[180, 1024]"
79,0338adcc4c540636,B072Y2S76T,79,24.954463958740234,24.96064081788063,1,"[160, 1024]"
80,01a920c82b06e5a8,B0711RQMNF,80,24.98691177368164,24.992865975946188,1,"[168, 1024]"
81,026d9c06d65b5b28,B01MRT550V,81,24.851104736328125,24.85689613968134,1,"[168, 1024]"
82,0196c34671107aee,B00DIHVMEA,82,24.849151611328125,24.854911025613546,1,"[168, 1024]"
83,03eefa33a8d392d7,B018K6NSIG,83,24.90496063232422,24.911222979426384,1,"[160, 1024]"
84,0e35cfa268d61b2f,B07WRBJBGD,84,24.868383407592773,24.874288588762283,1,"[168, 1024]"
85,03063da24993d0f4,B07WMQ8P8Q,85,24.83216094970703,24.838251061737537,1,"[160, 1024]"
86,0c1b62213fc6318e,B075HWDT12,86,39.28239822387695,39.28850498050451,1,"[192, 1024]"
87,07d681c89b6205d4,B073NZGLK3,87,24.934335708618164,24.94033658877015,1,"[160, 1024]"
88,1c31f27bebe55131,B082D177MX,88,25.0993595123291,25.105351116508245,1,"[168, 1024]"
89,0e875786dbaeaacb,B07HPHGGBR,89,24.839263916015625,24.845032021403313,1,"[160, 1024]"
90,052b6258206a887e,B010S9M3L6,90,25.732223510742188,25.738065131008625,1,"[160, 1024]"
91,06b91f3d43a9fbef,B073P1YLMJ,91,42.22604751586914,42.23218699917197,1,"[160, 1024]"
92,11d20cc9fdced135,B07FJP6X9X,92,25.094463348388672,25.10055573657155,1,"[168, 1024]"
93,1a950f506f903f14,B072ZK8897,93,24.993120193481445,24.999321438372135,1,"[168, 1024]"
94,00f85afe07195d40,B071P9WJBT,94,26.04252815246582,26.048237923532724,1,"[160, 1024]"
95,0cb015578514ca66,B07B4W5RF7,95,25.074464797973633,25.08049225434661,1,"[168, 1024]"
96,06191a3743398203,B071ZHY8X9,96,29.828256607055664,29.834197834134102,1,"[168, 1024]"
97,080a2f1d9b63ff5e,B0718ZKQK8,97,25.077760696411133,25.08347202092409,1,"[160, 1024]"
98,063d680f5ea35765,B07124WMZZ,98,26.09244728088379,26.098337955772877,1,"[160, 1024]"
99,05ffcbd5856d75c3,B002CM3J2A,99,25.13884735107422,25.144498329609632,1,"[168, 1024]"
100,19424e6a0eafc021,B017YEAR0C,0,25.121536254882812,25.127589236944914,1,"[160, 1024]"
101,2efcdfbfd36f757c,B00NO73Q84,1,25.057344436645508,25.06332006305456,1,"[156, 1024]"
102,3751cd1a95614b76,B07N6RT9SM,2,25.10438346862793,25.1102140173316,1,"[160, 1024]"
103,1477b6089ccf48ad,B073P17RRM,3,25.0729923248291,25.078102946281433,1,"[168, 1024]"
104,1710783bec4e488f,B07B8PXSGV,4,25.057247161865234,25.063454173505306,1,"[180, 1024]"
105,1d54bf0d3803a62e,B07QWC7NYS,5,25.568639755249023,25.554681196808815,1,"[168, 1024]"
106,19d85f786715e46d,B084HV7BDJ,6,24.95964813232422,24.965413846075535,1,"[180, 1024]"
107,0f23792b72929e3c,B00TS18AEA,7,25.873119354248047,25.878993328660727,1,"[160, 1024]"
108,118b8be014a9b6ff,B07TQ89MMN,8,25.073951721191406,25.08007874712348,1,"[168, 1024]"
109,142329c20618a063,B0719SNKSY,9,24.968799591064453,24.974956177175045,1,"[180, 1024]"
110,1fd2fef608c4649e,B073WQ8JLT,10,25.046335220336914,25.0523267313838,1,"[160, 1024]"
111,07e084a712fa5078,B073G7BVBP,11,25.22969627380371,25.23559471592307,1,"[180, 1024]"
112,08d5e31296812b25,B08G1TN3Y8,12,25.127552032470703,25.133704766631126,1,"[160, 1024]"
113,197a86eb2a9b43e6,B07HSGP5PS,13,25.04265594482422,25.04836581647396,1,"[144, 1024]"
114,2071786bea2d8d21,B079V3YHVF,14,25.11884880065918,25.12468583881855,1,"[160, 1024]"
115,377bd111f508daac,B07B8K1DL3,15,25.035167694091797,25.040759705007076,1,"[144, 1024]"
116,04446239fa5119b3,B07WFNW48N,16,25.618911743164062,25.62443120405078,1,"[168, 1024]"
117,0e611ebe2fdafa29,B074KKMQBG,17,24.954816818237305,24.96068412438035,1,"[168, 1024]"
118,0db1e437d2fbb991,B075HXHKTZ,18,24.93712043762207,24.943212047219276,1,"[180, 1024]"
119,28c324484ebc22b2,B00F5CKWBA,19,25.147968292236328,25.153499096632004,1,"[160, 1024]"
120,23587b1c3ae9d952,B082L6MDHT,20,25.052448272705078,25.05862805992365,1,"[160, 1024]"
121,0d54790d86c59ed1,B079L7YJBB,21,25.14668846130371,25.152654852718115,1,"[192, 1024]"
122,1d35fea59abfa4c5,B00EUL2B16,22,25.16022491455078,25.166253093630075,1,"[160, 1024]"
123,0cb41710ca1f72b0,B07B8NSY3Z,23,24.969440460205078,24.975331034511328,1,"[168, 1024]"
124,0745579eced92032,B07DBDSGD6,24,25.15395164489746,25.159996934235096,1,"[180, 1024]"
125,0efe6a8e210fc428,B00MIBN16O,25,25.458784103393555,25.464685633778572,1,"[160, 1024]"
126,0a1a09820cefafc8,B014RWWURC,26,25.067359924316406,25.07324004545808,1,"[160, 1024]"
127,13c08828417301dc,B073P1JNWZ,27,25.029407501220703,25.035362225025892,1,"[192, 1024]"
128,1015e6d71d7ac790,B07XKGLMR8,28,25.147167205810547,25.153169874101877,1,"[168, 1024]"
129,144c147d6f11253a,B075X41RLD,29,25.513376235961914,25.519464164972305,1,"[180, 1024]"
130,0413ebf2ca46e7fc,B075HWDSDK,30,25.097536087036133,25.103380903601646,1,"[180, 1024]"
131,111210e0d1734476,B07121RM99,31,25.213279724121094,25.21943487226963,1,"[160, 1024]"
132,1fa4647a0c5edec6,B075HXJY3Y,32,25.02787208557129,25.033873040229082,1,"[160, 1024]"
133,2f92ca0835ff5cc4,B07BG69MRW,33,24.984479904174805,24.990492966026068,1,"[176, 1024]"
134,0223c66b0970ec22,B07HK3PTPX,34,25.444128036499023,25.450263172388077,1,"[160, 1024]"
135,15d70075d869d398,B014I8UQJY,35,25.048864364624023,25.05453396588564,1,"[160, 1024]"
136,1b458ed46c9f6783,B01LP0V4JY,36,25.050399780273438,25.075737852603197,1,"[160, 1024]"
137,1b5393639eee5883,B07B8PXMTK,37,25.113216400146484,25.11957800015807,1,"[160, 1024]"
138,16ceeea1fec8db1a,B01B254OVC,38,25.906400680541992,25.913639925420284,1,"[168, 1024]"
139,1bfaa248ac7219df,B072Z1WN4S,39,25.113887786865234,25.119622703641653,1,"[180, 1024]"
140,38cbb1e33470b8c9,B07KR4BT31,40,25.096256256103516,25.10230289772153,1,"[192, 1024]"
141,15617ee096083678,B07YM19Q9K,41,24.935935974121094,24.941804818809032,1,"[168, 1024]"
142,044623a383f1db30,B07DMGM9T6,42,25.21625518798828,25.225949939340353,1,"[168, 1024]"
143,28717939f5fe0dbf,B072C8Q4WV,43,25.05945587158203,25.065808091312647,1,"[196, 1024]"
144,0400a5c77e091439,B00DUGZFA6,44,25.087936401367188,25.09415289387107,1,"[168, 1024]"
145,1c3b37c8d27c0888,B075QBL1TB,45,25.067264556884766,25.073179975152016,1,"[160, 1024]"
146,1697a66c41cb9ee1,B0713T6T4D,46,25.40127944946289,25.40760673582554,1,"[160, 1024]"
147,0f0a6a37ed9ecf30,B074VKVP97,47,25.093791961669922,25.0994972884655,1,"[168, 1024]"
148,172828cd36592ce5,B0719SX5P1,48,25.0743350982666,25.080361403524876,1,"[160, 1024]"
149,03ee21ff9456d166,B07HK3W6ZP,49,25.025535583496094,25.030605029314756,1,"[180, 1024]"
150,15cf19b09296295a,B00TOAN83I,50,24.997087478637695,25.00290423631668,1,"[168, 1024]"
151,12732456061c9e20,B07PWRJT5R,51,25.095264434814453,25.101175997406244,1,"[168, 1024]"
152,1665f41089994e94,B07YPRSX86,52,25.029407501220703,25.03525000065565,1,"[168, 1024]"
153,0b93dbd0f57ce50e,B07MF1NJ7Q,53,25.084320068359375,25.090303737670183,1,"[160, 1024]"
154,04949726aef032f3,B07K8F58D7,54,25.060575485229492,25.066185276955366,1,"[160, 1024]"
155,07b8eacb393d66e3,B07VB3TJF3,55,25.649568557739258,25.65563889220357,1,"[160, 1024]"
156,05c5c0733a5ee357,B07WDJS5R1,56,25.01759910583496,25.02362709492445,1,"[160, 1024]"
157,103dca9a9be62580,B07374C6R9,57,25.0949764251709,25.10093804448843,1,"[144, 1024]"
158,0d14991cba763722,B07149T97D,58,25.154752731323242,25.16070893034339,1,"[160, 1024]"
159,0927ae39fdf3fa36,B07K8XX4GJ,59,24.900672912597656,24.906507693231106,1,"[176, 1024]"
160,0733df155ae62366,B06X6H2WF7,60,25.07526397705078,25.081609841436148,1,"[160, 1024]"
161,0e9b0b8408521ac9,B01E3R7GWA,61,25.081920623779297,25.087356101721525,1,"[168, 1024]"
162,4c50b6bf722b3542,B07124WN22,62,24.974111557006836,24.980234913527966,1,"[168, 1024]"
163,26f09528da5bd4f0,B0753P16BL,63,32.8004150390625,32.80619718134403,1,"[192, 1024]"
164,0eb5a252d5b313c2,B01DN8TB5U,64,27.615903854370117,27.621328830718994,1,"[180, 1024]"
165,0e551c17df277a2b,B075YLXVDS,65,25.194944381713867,25.201145093888044,1,"[168, 1024]"
166,08b3b2f5a4af7477,B074VLQ3GX,66,25.101823806762695,25.107473134994507,1,"[180, 1024]"
167,0bc36bc391bad663,B07VC8B7GP,67,25.004608154296875,25.010579265654087,1,"[160, 1024]"
168,12c7c85cf4d32f17,B075HWDSC6,68,25.411808013916016,25.41775070130825,1,"[176, 1024]"
169,12088ffc8c36c94e,B00JM5TTWO,69,25.066848754882812,25.072694290429354,1,"[168, 1024]"
170,1add48ed19e37d07,B07MSYK43S,70,26.75961685180664,26.76795097067952,1,"[160, 1024]"
171,12a72355e20be6c8,B006ZT4VA0,71,25.096256256103516,25.10203281417489,1,"[192, 1024]"
172,05c9dc0529cea73b,B0714MJLPX,72,26.21718406677246,26.223172899335623,1,"[160, 1024]"
173,0bb5da43005e78e2,B07BG71L7G,73,25.293312072753906,25.299198925495148,1,"[156, 1024]"
174,1f452d57462ecaab,B078H1JC3C,74,25.26348876953125,25.26922384276986,1,"[156, 1024]"
175,1365adc91cfeb00a,B0735CJJDM,75,25.011808395385742,25.017771404236555,1,"[168, 1024]"
176,053e0bcb542fe327,B07124WMX5,76,25.16592025756836,25.17169015482068,1,"[180, 1024]"
177,248eeb7f703fd442,B07S74D9T7,77,26.69820785522461,26.70335303992033,1,"[168, 1024]"
178,2ef1591fa55b1a1f,B00R3MZITG,78,34.22937774658203,34.23527488484979,1,"[180, 1024]"
179,0a6d61526adcb899,B072Y2S76T,79,25.071359634399414,25.077282916754484,1,"[160, 1024]"
180,0a4db49defadff74,B0711RQMNF,80,25.224096298217773,25.229998864233494,1,"[168, 1024]"
181,18d7a69662e62ade,B01MRT550V,81,25.024351119995117,25.029304437339306,1,"[168, 1024]"
182,1764635451455e38,B00DIHVMEA,82,25.089824676513672,25.07576532661915,1,"[168, 1024]"
183,07e4176f2a80d87e,B018K6NSIG,83,25.157407760620117,25.163316167891026,1,"[160, 1024]"
184,1ae7e8af62a700c6,B07WRBJBGD,84,25.052223205566406,25.05823504179716,1,"[168, 1024]"
185,0467688b08b79147,B07WMQ8P8Q,85,25.08518409729004,25.091259740293026,1,"[160, 1024]"
186,15baede27e76d676,B075HWDT12,86,25.251583099365234,25.257558096200228,1,"[192, 1024]"
187,16b213c140332295,B073NZGLK3,87,25.13759994506836,25.143596343696117,1,"[160, 1024]"
188,20d5bc3829a06306,B082D177MX,88,25.207807540893555,25.21383296698332,1,"[168, 1024]"
189,18ae7ae22482f703,B07HPHGGBR,89,25.109472274780273,25.11539775878191,1,"[160, 1024]"
190,0ae65c6f47769ae1,B010S9M3L6,90,25.001728057861328,25.007438845932484,1,"[160, 1024]"
191,130301eb3a3f9fb0,B073P1YLMJ,91,25.044384002685547,25.04995232447982,1,"[160, 1024]"
192,1843ef93526876a7,B07FJP6X9X,92,25.1342716217041,25.140182115137577,1,"[168, 1024]"
193,22d449023140712e,B072ZK8897,93,25.115135192871094,25.120955891907215,1,"[168, 1024]"
194,074be71699febb0a,B071P9WJBT,94,25.275039672851562,25.28079506009817,1,"[160, 1024]"
195,0f496c1892d0b08d,B07B4W5RF7,95,25.192800521850586,25.198267307132483,1,"[168, 1024]"
196,11d758e340b7c858,B071ZHY8X9,96,25.07107162475586,25.076891761273146,1,"[168, 1024]"
197,1810bfca5d41774b,B0718ZKQK8,97,25.04902458190918,25.054898113012314,1,"[160, 1024]"
198,0737274b51290a30,B07124WMZZ,98,25.105024337768555,25.111018680036068,1,"[160, 1024]"
199,071b174855b8ebd4,B002CM3J2A,99,24.95078468322754,24.95685126632452,1,"[168, 1024]"
