phase,host_time_unix,watts,utilization_percent,memory_used_mib
idle,1788874834.444624,61.31,0.0,4501.0
idle,1788874834.4949088,61.31,0.0,4501.0
idle,1788874834.5451415,61.31,0.0,4501.0
idle,1788874834.5953877,61.7,0.0,4501.0
idle,1788874834.6456776,61.7,0.0,4501.0
idle,1788874834.695917,61.21,0.0,4501.0
idle,1788874834.7463076,61.21,0.0,4501.0
idle,1788874834.7966278,61.21,0.0,4501.0
idle,1788874834.8469667,61.21,0.0,4501.0
idle,1788874834.8972921,61.21,0.0,4501.0
idle,1788874834.947585,61.21,0.0,4501.0
idle,1788874834.997904,61.1,0.0,4501.0
idle,1788874835.0482378,61.1,0.0,4501.0
idle,1788874835.0985038,61.1,0.0,4501.0
idle,1788874835.1488564,61.1,0.0,4501.0
idle,1788874835.199177,40.54,0.0,4501.0
idle,1788874835.249515,40.54,0.0,4501.0
idle,1788874835.2998087,40.54,0.0,4501.0
idle,1788874835.350167,38.58,0.0,4501.0
idle,1788874835.4004967,38.67,0.0,4501.0
idle,1788874835.4507847,38.67,0.0,4501.0
idle,1788874835.5236473,39.1,0.0,4501.0
idle,1788874835.5784442,39.1,0.0,4501.0
idle,1788874835.6642585,38.69,0.0,4501.0
idle,1788874836.0116873,38.69,0.0,4501.0
idle,1788874836.0620048,52.13,0.0,4501.0
idle,1788874836.1123319,52.13,0.0,4501.0
idle,1788874836.162779,59.92,0.0,4501.0
idle,1788874836.2131133,59.92,0.0,4501.0
idle,1788874836.2634695,60.85,0.0,4501.0
idle,1788874836.3137326,60.85,0.0,4501.0
idle,1788874836.3640468,60.81,0.0,4501.0
active:batch0:size1,1788874836.464736,60.94,0.0,4521.0
active:batch0:size1,1788874836.5150676,60.94,0.0,4523.0
active:batch0:size1,1788874836.5655994,60.35,0.0,4601.0
active:batch0:size1,1788874836.6157665,60.35,0.0,4601.0
active:batch0:size1,1788874836.6662917,60.64,0.0,4623.0
active:batch0:size1,1788874836.7163727,60.64,6.0,4623.0
active:batch0:size1,1788874836.766777,60.64,6.0,4623.0
active:batch0:size1,1788874836.8171313,63.77,6.0,4625.0
active:batch0:size1,1788874836.8673894,63.77,6.0,4653.0
active:batch0:size1,1788874836.9176583,60.71,1.0,4653.0
active:batch0:size1,1788874836.9678516,60.5,1.0,4655.0
active:batch0:size1,1788874837.0181148,60.5,1.0,4701.0
active:batch0:size1,1788874837.0684245,62.58,1.0,4701.0
active:batch0:size1,1788874837.1186478,62.58,9.0,4701.0
active:batch0:size1,1788874837.2521284,61.81,9.0,4701.0
active:batch0:size1,1788874837.3072429,61.7,9.0,4705.0
active:batch5:size1,1788874837.6875367,61.7,1.0,4705.0
active:batch6:size1,1788874837.7377584,178.96,55.0,4705.0
active:batch7:size1,1788874837.7880805,178.96,55.0,4705.0
active:batch8:size1,1788874837.8885975,174.16,55.0,4705.0
active:batch9:size1,1788874837.9388626,131.02,54.0,4705.0
active:batch10:size1,1788874837.9889567,131.02,54.0,4705.0
active:batch11:size1,1788874838.0392506,166.58,54.0,4705.0
active:batch12:size1,1788874838.0895019,166.58,54.0,4705.0
active:batch13:size1,1788874838.521715,167.99,56.0,4705.0
active:batch13:size1,1788874838.5217612,63.46,56.0,4705.0
active:batch13:size1,1788874838.5217657,63.46,56.0,4705.0
active:batch13:size1,1788874838.5217679,61.6,56.0,4705.0
active:batch13:size1,1788874838.52177,61.6,22.0,4705.0
active:batch13:size1,1788874838.5217729,61.4,22.0,4705.0
active:batch13:size1,1788874838.5217748,61.4,22.0,4705.0
active:batch13:size1,1788874838.5418596,61.21,22.0,4705.0
active:batch14:size1,1788874838.592164,61.21,0.0,4705.0
active:batch15:size1,1788874838.6927638,176.36,0.0,4705.0
active:batch16:size1,1788874838.7430975,154.19,0.0,4705.0
active:batch17:size1,1788874838.7934144,154.19,41.0,4705.0
active:batch18:size1,1788874838.8874834,166.9,41.0,4705.0
active:batch19:size1,1788874838.9387152,166.9,41.0,4705.0
active:batch21:size1,1788874839.0298672,122.38,53.0,4705.0
active:batch26:size1,1788874839.380955,165.57,53.0,4705.0
active:batch27:size1,1788874839.4312522,165.57,52.0,4705.0
active:batch27:size1,1788874839.4815454,156.88,52.0,4705.0
active:batch28:size1,1788874839.531931,156.88,49.0,4705.0
active:batch29:size1,1788874839.5821598,156.88,49.0,4705.0
active:batch30:size1,1788874839.632544,161.74,49.0,4705.0
active:batch31:size1,1788874839.6830227,181.5,49.0,4705.0
active:batch32:size1,1788874839.7834153,181.5,56.0,4705.0
active:batch33:size1,1788874839.8337605,164.23,56.0,4705.0
active:batch34:size1,1788874839.884029,159.42,56.0,4705.0
active:batch35:size1,1788874839.9342568,159.42,56.0,4705.0
active:batch36:size1,1788874839.9846828,159.42,56.0,4705.0
active:batch36:size1,1788874840.034934,174.52,56.0,4705.0
active:batch37:size1,1788874840.085295,174.52,56.0,4705.0
active:batch38:size1,1788874840.1356103,173.37,55.0,4705.0
active:batch39:size1,1788874840.185882,173.37,55.0,4705.0
active:batch40:size1,1788874840.2362292,122.72,55.0,4705.0
active:batch41:size1,1788874840.336909,166.9,55.0,4705.0
active:batch42:size1,1788874840.3871636,166.9,55.0,4705.0
active:batch43:size1,1788874840.4375248,168.05,55.0,4705.0
active:batch43:size1,1788874840.487792,168.05,55.0,4705.0
active:batch45:size1,1788874840.5779636,168.05,50.0,4705.0
active:batch46:size1,1788874840.6308846,154.28,50.0,4705.0
active:batch53:size1,1788874841.0773284,183.52,55.0,4705.0
active:batch54:size1,1788874841.1276524,183.52,55.0,4705.0
active:batch55:size1,1788874841.1780393,122.28,58.0,4705.0
active:batch56:size1,1788874841.2785137,176.45,58.0,4705.0
active:batch57:size1,1788874841.3289247,176.45,56.0,4705.0
active:batch58:size1,1788874841.379144,190.28,56.0,4705.0
active:batch59:size1,1788874841.4295657,190.28,56.0,4705.0
active:batch59:size1,1788874841.4798481,176.98,56.0,4705.0
active:batch60:size1,1788874841.5301063,176.98,49.0,4705.0
active:batch61:size1,1788874841.5804565,153.55,49.0,4705.0
active:batch62:size1,1788874841.6307771,153.55,49.0,4705.0
active:batch63:size1,1788874841.7315013,180.98,55.0,4705.0
active:batch64:size1,1788874841.7815924,180.98,55.0,4705.0
active:batch65:size1,1788874841.8319142,173.79,55.0,4705.0
active:batch66:size1,1788874841.8822463,121.35,55.0,4705.0
active:batch67:size1,1788874841.9828002,121.35,54.0,4705.0
active:batch68:size1,1788874842.033094,175.38,54.0,4705.0
active:batch69:size1,1788874842.0833967,174.85,54.0,4705.0
active:batch70:size1,1788874842.1337047,174.85,57.0,4705.0
active:batch71:size1,1788874842.1839764,135.87,57.0,4705.0
active:batch72:size1,1788874842.2714427,135.87,57.0,4705.0
active:batch73:size1,1788874842.3277209,176.35,56.0,4705.0
active:batch74:size1,1788874842.3810961,176.35,56.0,4705.0
active:batch80:size1,1788874842.795771,192.69,56.0,4705.0
active:batch81:size1,1788874842.846549,172.59,56.0,4705.0
active:batch82:size1,1788874842.896686,172.59,54.0,4705.0
active:batch83:size1,1788874842.947126,157.4,54.0,4705.0
active:batch84:size1,1788874842.9973905,157.4,54.0,4705.0
active:batch85:size1,1788874843.0980268,168.45,54.0,4705.0
active:batch86:size1,1788874843.1483085,168.45,54.0,4705.0
active:batch87:size1,1788874843.1987627,157.35,55.0,4705.0
active:batch88:size1,1788874843.248984,157.35,55.0,4705.0
active:batch89:size1,1788874843.3496,176.9,55.0,4705.0
active:batch90:size1,1788874843.3999395,163.08,55.0,4705.0
active:batch91:size1,1788874843.450252,163.08,55.0,4705.0
active:batch92:size1,1788874843.500588,128.17,53.0,4705.0
active:batch93:size1,1788874843.6011791,174.24,53.0,4705.0
active:batch94:size1,1788874843.651547,174.24,53.0,4705.0
active:batch95:size1,1788874843.7017994,165.41,53.0,4705.0
active:batch96:size1,1788874843.7521925,165.41,56.0,4705.0
active:batch97:size1,1788874843.8025813,181.33,56.0,4705.0
active:batch97:size1,1788874843.8528628,181.33,56.0,4705.0
active:batch98:size1,1788874843.9031153,161.0,56.0,4705.0
active:batch99:size1,1788874843.9535942,161.0,56.0,4705.0
active:batch100:size1,1788874844.0039685,116.76,56.0,4705.0
active:batch101:size1,1788874844.0544038,116.76,55.0,4705.0
active:batch102:size1,1788874844.154936,171.96,55.0,4705.0
active:batch103:size1,1788874844.205227,183.88,55.0,4705.0
active:batch104:size1,1788874844.255493,183.88,55.0,4705.0
active:batch105:size1,1788874844.305681,147.01,55.0,4705.0
active:batch106:size1,1788874844.4061604,147.01,53.0,4705.0
active:batch107:size1,1788874844.4564707,171.16,53.0,4705.0
active:batch108:size1,1788874844.5068257,125.27,53.0,4705.0
active:batch109:size1,1788874844.5571845,125.27,52.0,4705.0
active:batch110:size1,1788874844.6578567,166.12,52.0,4705.0
active:batch111:size1,1788874844.7080302,176.51,52.0,4705.0
active:batch112:size1,1788874844.75827,176.51,57.0,4705.0
active:batch113:size1,1788874844.8084462,176.51,57.0,4705.0
active:batch114:size1,1788874844.9089696,171.58,57.0,4705.0
active:batch115:size1,1788874844.9592702,171.58,55.0,4705.0
active:batch116:size1,1788874845.009631,171.58,55.0,4705.0
active:batch117:size1,1788874845.0598028,158.24,55.0,4705.0
active:batch118:size1,1788874845.1156478,170.36,55.0,4705.0
active:batch120:size1,1788874845.2590382,173.35,55.0,4705.0
active:batch126:size1,1788874845.6137745,173.35,55.0,4705.0
active:batch127:size1,1788874845.6642847,170.1,55.0,4705.0
active:batch128:size1,1788874845.7648873,170.1,57.0,4705.0
active:batch129:size1,1788874845.8152363,176.99,55.0,4705.0
active:batch130:size1,1788874845.8654723,138.56,55.0,4705.0
active:batch131:size1,1788874845.9157228,138.56,55.0,4705.0
active:batch132:size1,1788874845.9659512,138.56,55.0,4705.0
active:batch132:size1,1788874846.0162501,167.39,54.0,4705.0
active:batch133:size1,1788874846.0665877,167.39,54.0,4705.0
active:batch134:size1,1788874846.1168442,184.83,54.0,4705.0
active:batch135:size1,1788874846.1671913,184.83,54.0,4705.0
active:batch136:size1,1788874846.2174625,134.05,58.0,4705.0
active:batch137:size1,1788874846.2678387,134.05,58.0,4705.0
active:batch137:size1,1788874846.317962,171.39,58.0,4705.0
active:batch138:size1,1788874846.3682408,171.39,58.0,4705.0
active:batch139:size1,1788874846.4185767,159.32,58.0,4705.0
active:batch140:size1,1788874846.4689689,159.32,56.0,4705.0
active:batch141:size1,1788874846.5191953,159.9,56.0,4705.0
active:batch142:size1,1788874846.619707,171.62,56.0,4705.0
active:batch143:size1,1788874846.6700985,171.62,54.0,4705.0
active:batch144:size1,1788874846.7203972,139.88,53.0,4705.0
active:batch145:size1,1788874846.7981153,139.88,53.0,4705.0
active:batch146:size1,1788874846.8523998,168.63,53.0,4705.0
active:batch148:size1,1788874846.9518042,192.27,58.0,4705.0
active:batch153:size1,1788874847.3048725,192.27,58.0,4705.0
active:batch154:size1,1788874847.3549745,177.88,58.0,4705.0
active:batch155:size1,1788874847.4052753,177.88,54.0,4705.0
active:batch156:size1,1788874847.4555762,177.88,54.0,4705.0
active:batch157:size1,1788874847.5561013,129.66,54.0,4705.0
active:batch158:size1,1788874847.6063275,165.99,52.0,4705.0
active:batch159:size1,1788874847.6566691,165.99,52.0,4705.0
active:batch160:size1,1788874847.7069545,175.92,52.0,4705.0
active:batch161:size1,1788874847.807602,173.04,56.0,4705.0
active:batch162:size1,1788874847.8580058,173.04,56.0,4705.0
active:batch163:size1,1788874847.9082205,158.24,56.0,4705.0
active:batch164:size1,1788874847.9585676,158.24,56.0,4705.0
active:batch165:size1,1788874848.0088842,127.83,55.0,4705.0
active:batch166:size1,1788874848.1095684,177.37,55.0,4705.0
active:batch167:size1,1788874848.1598055,177.37,55.0,4705.0
active:batch168:size1,1788874848.2100732,180.56,56.0,4705.0
active:batch169:size1,1788874848.2602499,180.56,56.0,4705.0
active:batch170:size1,1788874848.310564,136.62,56.0,4705.0
active:batch171:size1,1788874848.4110632,168.83,57.0,4705.0
active:batch172:size1,1788874848.461334,168.83,57.0,4705.0
active:batch173:size1,1788874848.5114944,186.78,57.0,4705.0
active:batch174:size1,1788874848.5616724,186.78,57.0,4705.0
active:batch174:size1,1788874848.612001,133.82,57.0,4705.0
active:batch175:size1,1788874848.6622972,133.82,55.0,4705.0
active:batch176:size1,1788874848.7125711,172.83,55.0,4705.0
active:batch177:size1,1788874848.7629526,172.83,55.0,4705.0
active:batch178:size1,1788874848.8133438,182.65,55.0,4705.0
active:batch179:size1,1788874848.8636625,182.65,56.0,4705.0
active:batch179:size1,1788874848.9139683,182.65,56.0,4705.0
active:batch180:size1,1788874848.964184,175.6,56.0,4705.0
active:batch181:size1,1788874849.0144203,167.12,56.0,4705.0
active:batch182:size1,1788874849.064663,167.12,55.0,4705.0
active:batch183:size1,1788874849.114935,167.12,55.0,4705.0
active:batch184:size1,1788874849.2156067,174.03,56.0,4705.0
active:batch185:size1,1788874849.2658212,174.03,56.0,4705.0
active:batch186:size1,1788874849.3161273,174.03,56.0,4705.0
active:batch187:size1,1788874849.3663898,170.16,57.0,4705.0
active:batch188:size1,1788874849.4166439,170.16,57.0,4705.0
active:batch189:size1,1788874849.5171568,170.39,57.0,4705.0
active:batch191:size1,1788874849.6175175,163.32,56.0,4705.0
active:batch192:size1,1788874849.6724606,161.5,56.0,4705.0
active:batch193:size1,1788874849.7631462,139.87,56.0,4705.0
active:batch199:size1,1788874850.1436899,139.87,51.0,4705.0
active:batch200:size1,1788874850.1938887,143.55,51.0,4705.0
active:batch201:size1,1788874850.244193,143.55,55.0,4705.0
active:batch202:size1,1788874850.294438,143.55,55.0,4705.0
active:batch203:size1,1788874850.3951173,192.61,55.0,4705.0
active:batch204:size1,1788874850.4454072,192.61,56.0,4705.0
active:batch205:size1,1788874850.495583,192.61,56.0,4705.0
active:batch206:size1,1788874850.5458436,135.0,56.0,4705.0
active:batch207:size1,1788874850.5961332,135.0,56.0,4705.0
active:batch207:size1,1788874850.646415,161.8,55.0,4705.0
active:batch208:size1,1788874850.6967955,161.8,55.0,4705.0
active:batch209:size1,1788874850.7470925,168.44,55.0,4705.0
active:batch210:size1,1788874850.79743,168.44,55.0,4705.0
active:batch211:size1,1788874850.8477693,179.52,56.0,4705.0
active:batch212:size1,1788874850.9482734,162.25,56.0,4705.0
active:batch213:size1,1788874850.9985695,162.25,56.0,4705.0
active:batch214:size1,1788874851.0489402,141.96,56.0,4705.0
active:batch215:size1,1788874851.0991476,141.96,55.0,4705.0
active:batch216:size1,1788874851.149486,173.9,57.0,4705.0
active:batch217:size1,1788874851.2506201,166.4,57.0,4705.0
active:batch219:size1,1788874851.3348606,166.4,57.0,4705.0
active:batch220:size1,1788874851.4392812,169.82,53.0,4705.0
active:batch227:size1,1788874851.8337681,169.82,53.0,4705.0
active:batch228:size1,1788874851.8840497,147.78,53.0,4705.0
active:batch229:size1,1788874851.984589,147.78,55.0,4705.0
active:batch230:size1,1788874852.034861,179.43,56.0,4705.0
active:batch231:size1,1788874852.0850904,179.43,56.0,4705.0
active:batch232:size1,1788874852.1353014,192.14,56.0,4705.0
active:batch233:size1,1788874852.1856022,192.14,56.0,4705.0
active:batch234:size1,1788874852.235884,130.87,58.0,4705.0
active:batch234:size1,1788874852.286249,130.87,58.0,4705.0
active:batch235:size1,1788874852.3365328,167.48,58.0,4705.0
active:batch236:size1,1788874852.386906,167.48,58.0,4705.0
active:batch237:size1,1788874852.4371777,177.59,57.0,4705.0
active:batch238:size1,1788874852.4875224,177.59,57.0,4705.0
active:batch239:size1,1788874852.5881495,143.53,57.0,4705.0
active:batch240:size1,1788874852.6384766,172.59,57.0,4705.0
active:batch241:size1,1788874852.6887834,172.59,53.0,4705.0
active:batch242:size1,1788874852.792036,166.4,53.0,4705.0
active:batch243:size1,1788874852.8400319,146.29,53.0,4705.0
active:batch243:size1,1788874852.8899963,146.29,51.0,4705.0
active:batch244:size1,1788874852.940182,129.85,51.0,4705.0
active:batch245:size1,1788874853.0306823,173.14,51.0,4705.0
active:batch246:size1,1788874853.0812335,173.14,39.0,4705.0
active:batch247:size1,1788874853.1375265,170.09,39.0,4705.0
active:batch254:size1,1788874853.584037,154.27,52.0,4705.0
active:batch255:size1,1788874853.6845374,143.8,52.0,4705.0
active:batch256:size1,1788874853.7348506,143.8,52.0,4705.0
active:batch256:size1,1788874853.785195,136.28,52.0,4705.0
active:batch257:size1,1788874853.83549,136.28,37.0,4705.0
active:batch258:size1,1788874853.885786,136.28,37.0,4705.0
active:batch259:size1,1788874853.9360898,167.54,37.0,4705.0
active:batch260:size1,1788874854.036636,182.88,55.0,4705.0
active:batch261:size1,1788874854.086852,182.88,55.0,4705.0
active:batch262:size1,1788874854.1371465,177.1,55.0,4705.0
active:batch263:size1,1788874854.1874886,177.1,55.0,4705.0
active:batch264:size1,1788874854.2377863,177.1,56.0,4705.0
active:batch265:size1,1788874854.2880862,177.1,56.0,4705.0
active:batch265:size1,1788874854.3383563,133.83,56.0,4705.0
active:batch266:size1,1788874854.388538,133.83,56.0,4705.0
active:batch267:size1,1788874854.4387686,133.83,55.0,4705.0
active:batch268:size1,1788874854.4891174,133.83,55.0,4705.0
active:batch269:size1,1788874854.539483,192.51,55.0,4705.0
active:batch270:size1,1788874854.5897944,192.51,55.0,4705.0
active:batch270:size1,1788874854.6401014,126.3,59.0,4705.0
active:batch272:size1,1788874854.7241752,178.25,59.0,4705.0
active:batch273:size1,1788874854.7758012,178.25,59.0,4705.0
active:batch273:size1,1788874854.8276262,171.2,59.0,4705.0
active:batch274:size1,1788874854.8809903,171.2,55.0,4705.0
active:batch280:size1,1788874855.2310932,171.2,55.0,4705.0
active:batch281:size1,1788874855.28143,174.53,52.0,4705.0
active:batch282:size1,1788874855.3820567,172.9,52.0,4705.0
active:batch283:size1,1788874855.43235,172.9,52.0,4705.0
active:batch284:size1,1788874855.4827065,149.1,57.0,4705.0
active:batch285:size1,1788874855.5330367,149.1,57.0,4705.0
active:batch286:size1,1788874855.5833962,160.03,57.0,4705.0
active:batch287:size1,1788874855.6840596,173.8,57.0,4705.0
active:batch288:size1,1788874855.7342234,173.8,57.0,4705.0
active:batch289:size1,1788874855.7845368,172.24,57.0,4705.0
active:batch290:size1,1788874855.8347328,172.24,55.0,4705.0
active:batch290:size1,1788874855.8851233,170.44,55.0,4705.0
active:batch291:size1,1788874855.9355192,170.44,55.0,4705.0
active:batch292:size1,1788874855.98574,128.07,55.0,4705.0
active:batch293:size1,1788874856.0361042,128.07,52.0,4705.0
active:batch294:size1,1788874856.08642,176.21,52.0,4705.0
active:batch295:size1,1788874856.1870968,185.56,52.0,4705.0
active:batch296:size1,1788874856.2375236,185.56,58.0,4705.0
active:batch297:size1,1788874856.2877107,185.56,58.0,4705.0
active:batch298:size1,1788874856.3379493,138.6,58.0,4705.0
active:batch299:size1,1788874856.4254134,166.57,55.0,4705.0
active:batch300:size1,1788874856.477393,166.57,55.0,4705.0
active:batch301:size1,1788874856.5327172,169.35,55.0,4705.0
active:batch307:size1,1788874856.9322035,171.7,55.0,4705.0
active:batch308:size1,1788874856.9823866,171.7,54.0,4705.0
active:batch309:size1,1788874857.0326371,153.51,54.0,4705.0
active:batch310:size1,1788874857.0829906,153.51,54.0,4705.0
active:batch311:size1,1788874857.133381,153.51,54.0,4705.0
active:batch312:size1,1788874857.1836376,173.29,54.0,4705.0
active:batch312:size1,1788874857.233948,195.8,54.0,4705.0
active:batch313:size1,1788874857.2842414,195.8,58.0,4705.0
active:batch314:size1,1788874857.3345068,195.8,58.0,4705.0
active:batch315:size1,1788874857.3847868,124.07,58.0,4705.0
active:batch316:size1,1788874857.4351244,169.62,58.0,4705.0
active:batch317:size1,1788874857.5357711,169.62,54.0,4705.0
active:batch318:size1,1788874857.5861158,163.93,57.0,4705.0
active:batch319:size1,1788874857.6364198,163.93,57.0,4705.0
active:batch320:size1,1788874857.6867216,171.12,57.0,4705.0
active:batch321:size1,1788874857.787262,158.16,55.0,4705.0
active:batch322:size1,1788874857.837662,158.16,55.0,4705.0
active:batch323:size1,1788874857.8880146,136.12,55.0,4705.0
active:batch324:size1,1788874857.9383204,136.12,55.0,4705.0
active:batch325:size1,1788874857.9886093,171.25,56.0,4705.0
active:batch325:size1,1788874858.0387845,171.25,56.0,4705.0
active:batch327:size1,1788874858.130842,186.22,56.0,4705.0
active:batch328:size1,1788874858.1827493,142.68,56.0,4705.0
active:batch329:size1,1788874858.237739,142.68,53.0,4705.0
active:batch335:size1,1788874858.63135,174.92,53.0,4705.0
active:batch336:size1,1788874858.681534,174.92,53.0,4705.0
active:batch337:size1,1788874858.7318242,166.24,53.0,4705.0
active:batch337:size1,1788874858.7820919,166.24,54.0,4705.0
active:batch338:size1,1788874858.8324375,176.96,53.0,4705.0
active:batch339:size1,1788874858.8825867,176.96,53.0,4705.0
active:batch340:size1,1788874858.932979,176.96,53.0,4705.0
active:batch341:size1,1788874858.9833002,176.96,53.0,4705.0
active:batch341:size1,1788874859.0334444,162.85,55.0,4705.0
active:batch342:size1,1788874859.0836751,162.85,55.0,4705.0
active:batch343:size1,1788874859.133831,162.85,55.0,4705.0
active:batch344:size1,1788874859.1840723,162.85,55.0,4705.0
active:batch345:size1,1788874859.2343135,181.96,56.0,4705.0
active:batch346:size1,1788874859.2845278,181.96,56.0,4705.0
active:batch347:size1,1788874859.3848703,181.96,56.0,4705.0
active:batch348:size1,1788874859.435256,181.96,56.0,4705.0
active:batch349:size1,1788874859.4855285,179.66,58.0,4705.0
active:batch350:size1,1788874859.5359106,151.21,58.0,4705.0
active:batch351:size1,1788874859.5861404,151.21,58.0,4705.0
active:batch352:size1,1788874859.636465,175.56,58.0,4705.0
active:batch352:size1,1788874859.6867557,175.56,56.0,4705.0
active:batch353:size1,1788874859.7393668,187.26,56.0,4705.0
active:batch355:size1,1788874859.8290908,187.26,56.0,4705.0
active:batch363:size1,1788874860.328543,170.16,57.0,4705.0
active:batch363:size1,1788874860.3788455,170.97,57.0,4705.0
active:batch364:size1,1788874860.4292083,170.97,54.0,4705.0
active:batch365:size1,1788874860.4793546,170.97,54.0,4705.0
active:batch366:size1,1788874860.5296204,162.91,54.0,4705.0
active:batch367:size1,1788874860.579989,158.49,54.0,4705.0
active:batch368:size1,1788874860.6805563,158.49,56.0,4705.0
active:batch369:size1,1788874860.73091,172.2,56.0,4705.0
active:batch370:size1,1788874860.781127,172.2,56.0,4705.0
active:batch371:size1,1788874860.831373,161.77,56.0,4705.0
active:batch372:size1,1788874860.88158,161.77,56.0,4705.0
active:batch373:size1,1788874860.9822369,169.38,56.0,4705.0
active:batch374:size1,1788874861.0325296,164.01,58.0,4705.0
active:batch375:size1,1788874861.0828638,164.01,58.0,4705.0
active:batch376:size1,1788874861.133167,159.01,58.0,4705.0
active:batch377:size1,1788874861.1833165,159.01,58.0,4705.0
active:batch377:size1,1788874861.2335443,141.95,53.0,4705.0
active:batch378:size1,1788874861.283758,141.95,53.0,4705.0
active:batch379:size1,1788874861.3339329,176.25,53.0,4705.0
active:batch380:size1,1788874861.3840804,176.25,53.0,4705.0
active:batch381:size1,1788874861.4347756,193.92,56.0,4705.0
active:batch382:size1,1788874861.5128438,193.92,56.0,4705.0
active:batch383:size1,1788874861.568807,173.84,56.0,4705.0
active:batch385:size1,1788874861.668008,173.84,57.0,4705.0
active:batch390:size1,1788874862.0228233,173.84,57.0,4705.0
active:batch391:size1,1788874862.0729516,178.26,55.0,4705.0
active:batch392:size1,1788874862.1232383,178.26,55.0,4705.0
active:batch393:size1,1788874862.1734185,167.14,55.0,4705.0
active:batch393:size1,1788874862.2235103,167.14,55.0,4705.0
active:batch394:size1,1788874862.2737336,132.74,54.0,4705.0
active:batch395:size1,1788874862.3239365,132.74,54.0,4705.0
active:batch396:size1,1788874862.3740923,172.6,54.0,4705.0
active:batch397:size1,1788874862.4242494,172.6,57.0,4705.0
active:batch398:size1,1788874862.4744534,172.6,57.0,4705.0
active:batch398:size1,1788874862.52463,193.63,57.0,4705.0
active:batch399:size1,1788874862.5748014,171.31,57.0,4705.0
active:batch400:size1,1788874862.624979,171.31,54.0,4705.0
active:batch401:size1,1788874862.6751838,168.75,54.0,4705.0
active:batch402:size1,1788874862.7253735,168.75,54.0,4705.0
active:batch402:size1,1788874862.7755601,168.75,54.0,4705.0
active:batch403:size1,1788874862.8257039,157.14,54.0,4705.0
active:batch404:size1,1788874862.8759165,174.97,54.0,4705.0
active:batch405:size1,1788874862.9260855,174.97,53.0,4705.0
active:batch406:size1,1788874862.9763515,174.97,53.0,4705.0
active:batch406:size1,1788874863.0264475,174.76,53.0,4705.0
active:batch407:size1,1788874863.0765262,174.76,53.0,4705.0
active:batch408:size1,1788874863.1267428,136.71,57.0,4705.0
active:batch410:size1,1788874863.2690356,168.72,56.0,4705.0
active:batch411:size1,1788874863.319311,189.12,56.0,4705.0
active:batch418:size1,1788874863.766555,180.03,54.0,4705.0
active:batch419:size1,1788874863.8168733,180.03,54.0,4705.0
active:batch420:size1,1788874863.8670268,173.13,54.0,4705.0
active:batch421:size1,1788874863.9173489,173.13,54.0,4705.0
active:batch422:size1,1788874863.9675972,172.07,54.0,4705.0
active:batch423:size1,1788874864.0682085,172.07,57.0,4705.0
active:batch424:size1,1788874864.1183662,172.07,57.0,4705.0
active:batch425:size1,1788874864.1686685,170.85,57.0,4705.0
active:batch426:size1,1788874864.2190454,170.85,57.0,4705.0
active:batch427:size1,1788874864.3197258,170.85,55.0,4705.0
active:batch428:size1,1788874864.3700721,157.18,55.0,4705.0
active:batch429:size1,1788874864.4202955,157.18,55.0,4705.0
active:batch430:size1,1788874864.4705687,157.18,55.0,4705.0
active:batch431:size1,1788874864.520826,157.18,55.0,4705.0
active:batch432:size1,1788874864.62116,177.25,55.0,4705.0
active:batch433:size1,1788874864.6713123,160.87,55.0,4705.0
active:batch434:size1,1788874864.7214246,160.87,57.0,4705.0
active:batch435:size1,1788874864.7716532,177.66,57.0,4705.0
active:batch436:size1,1788874864.8219872,177.66,57.0,4705.0
active:batch437:size1,1788874864.9148383,162.48,58.0,4705.0
active:batch438:size1,1788874864.968331,162.48,58.0,4705.0
active:batch445:size1,1788874865.4190612,165.14,58.0,4705.0
active:batch446:size1,1788874865.4694314,165.14,55.0,4705.0
active:batch447:size1,1788874865.519802,185.73,55.0,4705.0
active:batch448:size1,1788874865.5700452,185.73,55.0,4705.0
active:batch449:size1,1788874865.620392,185.73,55.0,4705.0
active:batch450:size1,1788874865.7209525,161.41,56.0,4705.0
active:batch451:size1,1788874865.7713068,161.41,56.0,4705.0
active:batch452:size1,1788874865.8216274,162.9,56.0,4705.0
active:batch453:size1,1788874865.8719761,162.9,54.0,4705.0
active:batch454:size1,1788874865.9223077,162.9,54.0,4705.0
active:batch455:size1,1788874866.022813,174.11,54.0,4705.0
active:batch456:size1,1788874866.0731578,169.7,58.0,4705.0
active:batch457:size1,1788874866.1234777,169.7,58.0,4705.0
active:batch458:size1,1788874866.1738377,147.94,58.0,4705.0
active:batch459:size1,1788874866.2743943,175.17,56.0,4705.0
active:batch460:size1,1788874866.3248186,175.17,56.0,4705.0
active:batch461:size1,1788874866.375182,188.13,56.0,4705.0
active:batch462:size1,1788874866.4255664,188.13,56.0,4705.0
active:batch463:size1,1788874866.475985,168.28,53.0,4705.0
active:batch463:size1,1788874866.5261018,168.28,53.0,4705.0
active:batch465:size1,1788874866.596503,168.28,53.0,4705.0
active:batch467:size1,1788874866.7379498,145.4,57.0,4705.0
active:batch473:size1,1788874867.0923693,145.4,57.0,4705.0
active:batch474:size1,1788874867.1426506,179.5,56.0,4705.0
active:batch475:size1,1788874867.2432642,168.79,56.0,4705.0
active:batch476:size1,1788874867.2935257,168.79,56.0,4705.0
active:batch477:size1,1788874867.343908,147.39,57.0,4705.0
active:batch478:size1,1788874867.394129,147.39,57.0,4705.0
active:batch479:size1,1788874867.444668,174.38,57.0,4705.0
active:batch479:size1,1788874867.4947515,174.38,57.0,4705.0
active:batch480:size1,1788874867.5449896,159.39,57.0,4705.0
active:batch481:size1,1788874867.5952113,159.39,57.0,4705.0
active:batch482:size1,1788874867.6455262,179.93,55.0,4705.0
active:batch483:size1,1788874867.6958525,179.93,55.0,4705.0
active:batch484:size1,1788874867.7461479,170.0,55.0,4705.0
active:batch484:size1,1788874867.7964933,170.0,55.0,4705.0
active:batch485:size1,1788874867.846691,188.69,55.0,4705.0
active:batch486:size1,1788874867.8970528,188.69,56.0,4705.0
active:batch487:size1,1788874867.9473708,168.93,56.0,4705.0
active:batch488:size1,1788874867.997643,168.93,56.0,4705.0
active:batch489:size1,1788874868.0482626,169.42,56.0,4705.0
active:batch489:size1,1788874868.0982356,169.42,57.0,4705.0
active:batch490:size1,1788874868.1485536,169.42,57.0,4705.0
active:batch491:size1,1788874868.1988962,179.63,57.0,4705.0
active:batch492:size1,1788874868.2802317,166.18,57.0,4705.0
active:batch493:size1,1788874868.3321633,166.18,57.0,4705.0
active:batch494:size1,1788874868.3829448,171.47,57.0,4705.0
active:batch495:size1,1788874868.4362946,171.47,57.0,4705.0
active:batch501:size1,1788874868.8351004,168.28,55.0,4705.0
active:batch502:size1,1788874868.8854148,168.28,55.0,4705.0
active:batch503:size1,1788874868.9357858,171.61,54.0,4705.0
active:batch504:size1,1788874868.985993,171.61,54.0,4705.0
active:batch505:size1,1788874869.0364053,174.46,54.0,4705.0
active:batch506:size1,1788874869.1369445,176.45,54.0,4705.0
active:batch507:size1,1788874869.1871676,176.45,56.0,4705.0
active:batch508:size1,1788874869.2373862,159.93,56.0,4705.0
active:batch509:size1,1788874869.2875428,159.93,56.0,4705.0
active:batch510:size1,1788874869.3881457,175.1,56.0,4705.0
active:batch511:size1,1788874869.4383776,169.3,56.0,4705.0
active:batch512:size1,1788874869.4886444,169.3,56.0,4705.0
active:batch513:size1,1788874869.539007,123.96,56.0,4705.0
active:batch514:size1,1788874869.5893328,123.96,54.0,4705.0
active:batch515:size1,1788874869.6898925,179.59,56.0,4705.0
active:batch516:size1,1788874869.7402658,200.01,56.0,4705.0
active:batch517:size1,1788874869.7906015,200.01,56.0,4705.0
active:batch518:size1,1788874869.8408115,145.78,56.0,4705.0
active:batch519:size1,1788874869.9014516,145.78,54.0,4705.0
active:batch520:size1,1788874869.9765966,172.04,54.0,4705.0
active:batch521:size1,1788874870.0287688,172.04,54.0,4705.0
active:batch522:size1,1788874870.1188314,169.44,56.0,4705.0
active:batch528:size1,1788874870.469601,169.44,56.0,4705.0
active:batch529:size1,1788874870.5203989,172.35,53.0,4705.0
active:batch529:size1,1788874870.570317,172.35,53.0,4705.0
active:batch530:size1,1788874870.6207232,172.71,53.0,4705.0
active:batch531:size1,1788874870.6710198,172.71,53.0,4705.0
active:batch532:size1,1788874870.7213507,167.3,55.0,4705.0
active:batch533:size1,1788874870.771742,167.3,55.0,4705.0
active:batch534:size1,1788874870.8722942,154.58,55.0,4705.0
active:batch535:size1,1788874870.92249,183.16,54.0,4705.0
active:batch536:size1,1788874870.9728556,183.16,54.0,4705.0
active:batch537:size1,1788874871.023139,173.1,54.0,4705.0
active:batch538:size1,1788874871.1238585,126.02,56.0,4705.0
active:batch539:size1,1788874871.17411,126.02,56.0,4705.0
active:batch540:size1,1788874871.2249262,170.83,56.0,4705.0
active:batch541:size1,1788874871.2752028,170.83,56.0,4705.0
active:batch542:size1,1788874871.3757753,161.88,54.0,4705.0
active:batch543:size1,1788874871.4260252,179.74,54.0,4705.0
active:batch544:size1,1788874871.4762788,179.74,56.0,4705.0
active:batch545:size1,1788874871.5267031,171.64,56.0,4705.0
active:batch546:size1,1788874871.5770042,171.64,56.0,4705.0
active:batch547:size1,1788874871.6675856,149.81,53.0,4705.0
active:batch548:size1,1788874871.7236097,149.81,53.0,4705.0
active:batch549:size1,1788874871.7776315,178.94,53.0,4705.0
active:batch555:size1,1788874872.173566,170.59,53.0,4705.0
active:batch556:size1,1788874872.2239308,170.59,54.0,4705.0
active:batch557:size1,1788874872.2742343,173.05,54.0,4705.0
