dataset,method,run_id,epoch,stage,record_elapsed_seconds,record_interval_seconds,measured_steps_2_to_120_seconds,estimated_120_step_seconds,after_last_step_to_record_seconds
caltech,direct,20260908_v3_formal_caltech_direct_s42,1,experts,53.574201084673405,,47.30523135513067,47.702754307694796,1.9618870466947556
caltech,direct,20260908_v3_formal_caltech_direct_s42,2,experts,103.50176601111889,49.927564926445484,46.86930998414755,47.26316973191349,2.1744734719395638
caltech,direct,20260908_v3_formal_caltech_direct_s42,3,experts,153.41613641381264,49.91437040269375,47.12726591527462,47.523293359940794,1.9319431707262993
caltech,direct,20260908_v3_formal_caltech_direct_s42,4,experts,206.0525150373578,52.63637862354517,47.47984120994806,47.87883147221653,4.22827386111021
caltech,direct,20260908_v3_formal_caltech_direct_s42,5,optics,274.495098747313,68.44258370995522,65.45031022280455,66.00031282971887,2.0092336386442184
caltech,direct,20260908_v3_formal_caltech_direct_s42,6,optics,343.7509479895234,69.25584924221039,65.99372712522745,66.54829626073357,2.1040659099817276
caltech,direct,20260908_v3_formal_caltech_direct_s42,7,optics,412.63325467705727,68.88230668753386,66.05951613932848,66.61463812369259,1.9705746993422508
caltech,direct,20260908_v3_formal_caltech_direct_s42,8,optics,481.8200921192765,69.18683744221926,66.1348717585206,66.69062698338212,2.1184049025177956
caltech,direct,20260908_v3_formal_caltech_direct_s42,9,optics,553.0171148180962,71.19702269881964,67.89162622392178,68.4621440913497,2.203468605875969
caltech,direct,20260908_v3_formal_caltech_direct_s42,10,optics,621.0294842422009,68.01236942410469,65.34151857346296,65.89060696483659,1.8832502961158752
caltech,direct,20260908_v3_formal_caltech_direct_s42,11,optics,690.1495965272188,69.12011228501797,66.17340202629566,66.72948103492,2.1076211407780647
caltech,direct,20260908_v3_formal_caltech_direct_s42,12,optics,760.0260651856661,69.87646865844727,65.04790824651718,65.59452932421901,3.9886349588632584
caltech,direct,20260908_v3_formal_caltech_direct_s42,13,joint,832.5764358788729,72.55037069320679,69.22132469713688,69.80301650131449,1.9843869432806969
caltech,direct,20260908_v3_formal_caltech_direct_s42,14,joint,904.7290130108595,72.15257713198662,68.4132981672883,68.98819983255963,2.282332919538021
caltech,direct,20260908_v3_formal_caltech_direct_s42,15,joint,976.7417996227741,72.01278661191463,69.01232129335403,69.59225676640743,1.9087630808353424
caltech,direct,20260908_v3_formal_caltech_direct_s42,16,joint,1048.7353671491146,71.99356752634048,68.8621562346816,69.44082981648566,1.9015761315822601
caltech,direct,20260908_v3_formal_caltech_direct_s42,17,joint,1120.4524639248848,71.71709677577019,68.5254340916872,69.10127807565097,2.0752647891640663
caltech,direct,20260908_v3_formal_caltech_direct_s42,18,joint,1191.203288525343,70.75082460045815,67.78600953519344,68.35563986742196,1.9526111483573914
caltech,direct,20260908_v3_formal_caltech_direct_s42,19,joint,1261.3473289608955,70.1440404355526,66.81809980422258,67.37959644123286,2.165355570614338
caltech,direct,20260908_v3_formal_caltech_direct_s42,20,joint,1332.1034252494574,70.75609628856182,67.74163366109133,68.31089108681478,1.9823829755187035
caltech,direct,20260908_v3_formal_caltech_direct_s42,21,joint,1402.8755333572626,70.77210810780525,67.75085264444351,68.32018754061531,1.9212899506092072
caltech,direct,20260908_v3_formal_caltech_direct_s42,22,joint,1474.1249685660005,71.24943520873785,68.14214147627354,68.71476451388928,2.0983974039554596
caltech,direct,20260908_v3_formal_caltech_direct_s42,23,joint,1546.724028520286,72.59905995428562,68.79945427179337,69.37760094634625,2.5484280735254288
caltech,direct,20260908_v3_formal_caltech_direct_s42,24,joint,1619.949610516429,73.22558199614286,69.46508587896824,70.04882609643856,2.2112643495202065
caltech,direct,20260908_v3_formal_caltech_direct_s42,25,joint,1693.543864786625,73.59425427019596,70.40548472851515,70.9971274573262,2.0144232735037804
caltech,direct,20260908_v3_formal_caltech_direct_s42,26,joint,1765.2783571332693,71.7344923466444,68.68107629567385,69.25822819731818,1.9528660103678703
caltech,direct,20260908_v3_formal_caltech_direct_s42,27,joint,1834.9258374124765,69.64748027920723,66.62875620275736,67.18866171706624,1.941890798509121
caltech,direct,20260908_v3_formal_caltech_direct_s42,28,joint,1905.7307548448443,70.8049174323678,67.75137757509947,68.32071688245324,1.897442676126957
caltech,direct,20260908_v3_formal_caltech_direct_s42,29,joint,1977.5944564417005,71.86370159685612,68.6096526235342,69.18620432625298,2.08152224868536
caltech,direct,20260908_v3_formal_caltech_direct_s42,30,joint,2052.4636285081506,74.86917206645012,69.21707624197006,69.79873234484376,4.520660303533077
caltech,qwen_lora,20260908_v3_formal_caltech_qwen_lora_s42,1,experts,81.83940523862839,,75.45506220310926,76.08913835607657,2.48661782592535
caltech,qwen_lora,20260908_v3_formal_caltech_qwen_lora_s42,2,experts,162.13108768314123,80.29168244451284,76.20339143276215,76.8437560666509,2.3091829493641853
caltech,qwen_lora,20260908_v3_formal_caltech_qwen_lora_s42,3,experts,240.62402275949717,78.49293507635593,73.77891217917204,74.39890303782055,2.4229637905955315
caltech,qwen_lora,20260908_v3_formal_caltech_qwen_lora_s42,4,experts,322.3920234143734,81.76800065487623,75.71818206459284,76.35446930883312,4.494876071810722
caltech,qwen_lora,20260908_v3_formal_caltech_qwen_lora_s42,5,optics,418.57055795937777,96.17853454500437,91.46284180879593,92.23143711811355,2.045626901090145
caltech,qwen_lora,20260908_v3_formal_caltech_qwen_lora_s42,6,optics,513.192904368043,94.62234640866518,90.20741628855467,90.96546180358455,2.0739758759737015
caltech,qwen_lora,20260908_v3_formal_caltech_qwen_lora_s42,7,optics,608.7207906618714,95.52788629382849,91.39704568684101,92.16508808757077,2.3305865824222565
caltech,qwen_lora,20260908_v3_formal_caltech_qwen_lora_s42,8,optics,704.3692765831947,95.6484859213233,90.78066916763783,91.54353193375243,2.374513179063797
caltech,qwen_lora,20260908_v3_formal_caltech_qwen_lora_s42,9,optics,799.6176292896271,95.24835270643234,91.49942588806152,92.26832862661665,2.150813229382038
caltech,qwen_lora,20260908_v3_formal_caltech_qwen_lora_s42,10,optics,895.5135193765163,95.89589008688927,91.46522191911936,92.23383722936407,2.3721386194229126
caltech,qwen_lora,20260908_v3_formal_caltech_qwen_lora_s42,11,optics,991.3832535967231,95.86973422020674,91.22436325997114,91.99095454787006,2.111091561615467
caltech,qwen_lora,20260908_v3_formal_caltech_qwen_lora_s42,12,optics,1090.2906606793404,98.90740708261728,92.76302436739206,93.54254558056343,4.321678310632706
caltech,qwen_lora,20260908_v3_formal_caltech_qwen_lora_s42,13,joint,1191.1609892249107,100.87032854557037,96.58268386125565,97.39430305336704,2.4817597940564156
caltech,qwen_lora,20260908_v3_formal_caltech_qwen_lora_s42,14,joint,1293.9507217034698,102.78973247855902,98.40240885317326,99.22931985193942,2.2710432708263397
caltech,qwen_lora,20260908_v3_formal_caltech_qwen_lora_s42,15,joint,1392.6563647687435,98.70564306527376,94.65952895581722,95.45498718233671,2.0819722414016724
caltech,qwen_lora,20260908_v3_formal_caltech_qwen_lora_s42,16,joint,1491.7534313723445,99.09706660360098,94.96537761390209,95.76340599721219,2.2538646161556244
caltech,qwen_lora,20260908_v3_formal_caltech_qwen_lora_s42,17,joint,1591.5963103696704,99.8428789973259,95.6455437541008,96.4492878192613,2.149981200695038
caltech,qwen_lora,20260908_v3_formal_caltech_qwen_lora_s42,18,joint,1690.1411389037967,98.54482853412628,94.44707607477903,95.24074898297046,2.0338854119181633
caltech,qwen_lora,20260908_v3_formal_caltech_qwen_lora_s42,19,joint,1788.0893810391426,97.94824213534594,93.86477085202932,94.65355043902116,2.0634810253977776
caltech,qwen_lora,20260908_v3_formal_caltech_qwen_lora_s42,20,joint,1887.2475766390562,99.1581955999136,94.91099302470684,95.70856439466236,2.2418136671185493
caltech,qwen_lora,20260908_v3_formal_caltech_qwen_lora_s42,21,joint,1985.9466010555625,98.69902441650629,93.9017312079668,94.69082138618502,2.124202400445938
caltech,qwen_lora,20260908_v3_formal_caltech_qwen_lora_s42,22,joint,2086.314147159457,100.36754610389471,96.30790822207928,97.117218375206,2.129014290869236
caltech,qwen_lora,20260908_v3_formal_caltech_qwen_lora_s42,23,joint,2189.3136837929487,102.99953663349152,98.33727124333382,99.16363486722737,2.6434832215309143
caltech,qwen_lora,20260908_v3_formal_caltech_qwen_lora_s42,24,joint,2290.0833584591746,100.76967466622591,96.48189230263233,97.29266450685614,2.196392595767975
caltech,qwen_lora,20260908_v3_formal_caltech_qwen_lora_s42,25,joint,2390.0657033398747,99.98234488070011,95.49922724813223,96.30174176282242,2.239828735589981
caltech,qwen_lora,20260908_v3_formal_caltech_qwen_lora_s42,26,joint,2503.1154150366783,113.04971169680357,108.58623266965151,109.49872201981665,2.331930249929428
caltech,qwen_lora,20260908_v3_formal_caltech_qwen_lora_s42,27,joint,2606.047172933817,102.9317578971386,98.31088975816965,99.13703168891058,2.342250131070614
caltech,qwen_lora,20260908_v3_formal_caltech_qwen_lora_s42,28,joint,2708.8015119582415,102.75433902442455,98.38435876369476,99.21111808103674,2.3743715435266495
caltech,qwen_lora,20260908_v3_formal_caltech_qwen_lora_s42,29,joint,2814.823540762067,106.02202880382538,101.43387324362993,102.2862587330722,2.4064761474728584
caltech,qwen_lora,20260908_v3_formal_caltech_qwen_lora_s42,30,joint,2925.274761259556,110.45122049748898,102.69476787745953,103.55774912012726,5.021898716688156
caltech,clip_lora,20260908_v3_formal_caltech_clip_lora_s42,1,experts,66.72900421917439,,59.36748156696558,59.86636796668798,3.19133148342371
caltech,clip_lora,20260908_v3_formal_caltech_clip_lora_s42,2,experts,123.96432895958424,57.23532474040985,53.59285734593868,54.04321749170287,2.202703543007374
caltech,clip_lora,20260908_v3_formal_caltech_clip_lora_s42,3,experts,180.21102789789438,56.246698938310146,52.89580152183771,53.34030405563466,2.147429384291172
caltech,clip_lora,20260908_v3_formal_caltech_clip_lora_s42,4,experts,238.00987780839205,57.798849910497665,52.46358057111502,52.90445099608237,4.186840496957302
caltech,clip_lora,20260908_v3_formal_caltech_clip_lora_s42,5,optics,311.58845887333155,73.5785810649395,69.57031012326479,70.15493457808213,2.1169001311063766
caltech,clip_lora,20260908_v3_formal_caltech_clip_lora_s42,6,optics,389.47621190547943,77.88775303214788,74.32370103895664,74.9482699552504,2.1420414224267006
caltech,clip_lora,20260908_v3_formal_caltech_clip_lora_s42,7,optics,467.20796101540327,77.73174910992384,74.08293660730124,74.70548229307687,2.1880731135606766
caltech,clip_lora,20260908_v3_formal_caltech_clip_lora_s42,8,optics,545.009283028543,77.80132201313972,74.16481048613787,74.78804418770206,2.116427071392536
caltech,clip_lora,20260908_v3_formal_caltech_clip_lora_s42,9,optics,623.5175118297338,78.50822880119085,74.63667876273394,75.26387774393338,2.179860755801201
caltech,clip_lora,20260908_v3_formal_caltech_clip_lora_s42,10,optics,703.0505887269974,79.53307689726353,75.44739563763142,76.08140736567874,2.362412601709366
caltech,clip_lora,20260908_v3_formal_caltech_clip_lora_s42,11,optics,783.1898893043399,80.13930057734251,76.47309251129627,77.11572354080296,2.3321924954652786
caltech,clip_lora,20260908_v3_formal_caltech_clip_lora_s42,12,optics,863.3637310490012,80.17384174466133,74.19417612999678,74.81765660167741,4.605165272951126
caltech,clip_lora,20260908_v3_formal_caltech_clip_lora_s42,13,joint,947.2425836324692,83.87885258346796,80.46787459403276,81.14407522087338,2.1815085411071777
caltech,clip_lora,20260908_v3_formal_caltech_clip_lora_s42,14,joint,1031.9785761237144,84.73599249124527,80.44289859384298,81.11888933832905,2.435762770473957
caltech,clip_lora,20260908_v3_formal_caltech_clip_lora_s42,15,joint,1119.3391324952245,87.36055637151003,83.21273994445801,83.91200666668034,2.7320307195186615
caltech,clip_lora,20260908_v3_formal_caltech_clip_lora_s42,16,joint,1216.4396845549345,97.10055205971003,92.71333202719688,93.49243565767753,2.747500516474247
caltech,clip_lora,20260908_v3_formal_caltech_clip_lora_s42,17,joint,1307.8337008804083,91.39401632547379,87.33268251270056,88.06657060104257,2.4315683469176292
caltech,clip_lora,20260908_v3_formal_caltech_clip_lora_s42,18,joint,1392.3378828018904,84.50418192148209,80.31870936602354,80.99365650355314,2.1879966109991074
caltech,clip_lora,20260908_v3_formal_caltech_clip_lora_s42,19,joint,1476.2514257133007,83.91354291141033,79.78633316606283,80.45680655401294,2.2713989317417145
caltech,clip_lora,20260908_v3_formal_caltech_clip_lora_s42,20,joint,1559.9959253147244,83.74449960142374,80.07562299072742,80.74852738560749,2.260058641433716
caltech,clip_lora,20260908_v3_formal_caltech_clip_lora_s42,21,joint,1643.9107439666986,83.9148186519742,80.32251188158989,80.99749097303182,2.1225809901952744
caltech,clip_lora,20260908_v3_formal_caltech_clip_lora_s42,22,joint,1731.156901575625,87.2461576089263,82.68440061062574,83.37922750651335,2.477671407163143
caltech,clip_lora,20260908_v3_formal_caltech_clip_lora_s42,23,joint,1818.4044608324766,87.24755925685167,83.31386326998472,84.01397976805183,2.577018879354
caltech,clip_lora,20260908_v3_formal_caltech_clip_lora_s42,24,joint,1900.9553821533918,82.55092132091522,78.45685967803001,79.1161610198622,2.535057470202446
caltech,clip_lora,20260908_v3_formal_caltech_clip_lora_s42,25,joint,1984.8579714670777,83.9025893136859,78.28099423646927,78.938817717448,2.7128022015094757
caltech,clip_lora,20260908_v3_formal_caltech_clip_lora_s42,26,joint,2064.1211316287518,79.26316016167402,75.60864301770926,76.24400976575723,2.2633458226919174
caltech,clip_lora,20260908_v3_formal_caltech_clip_lora_s42,27,joint,2149.747418053448,85.62628642469645,81.96805431693792,82.65686149607185,2.239321283996105
caltech,clip_lora,20260908_v3_formal_caltech_clip_lora_s42,28,joint,2237.2532305046916,87.5058124512434,82.8343054279685,83.53039202820354,2.6239077299833298
caltech,clip_lora,20260908_v3_formal_caltech_clip_lora_s42,29,joint,2325.566248320043,88.31301781535149,84.43771382421255,85.14727444458408,2.3712663426995277
caltech,clip_lora,20260908_v3_formal_caltech_clip_lora_s42,30,joint,2413.587269216776,88.02102089673281,82.18577265739441,82.87640940241452,4.258615151047707
cifar,direct,20260908_v3_formal_cifar_direct_s42,1,experts,53.82191160321236,,44.10906210541725,44.47972649285773,3.9935229495167732
cifar,direct,20260908_v3_formal_cifar_direct_s42,2,experts,102.5297993272543,48.70788772404194,44.498924277722836,44.87286481787177,3.6172356083989143
cifar,direct,20260908_v3_formal_cifar_direct_s42,3,experts,150.6281815469265,48.0983822196722,43.699692256748676,44.06691656142724,3.6278361678123474
cifar,direct,20260908_v3_formal_cifar_direct_s42,4,experts,202.3496738821268,51.72149233520031,43.303758196532726,43.66765532423469,7.512119814753532
cifar,direct,20260908_v3_formal_cifar_direct_s42,5,optics,269.29809419065714,66.94842030853033,61.83599054813385,62.355620720807245,3.6777324452996254
cifar,direct,20260908_v3_formal_cifar_direct_s42,6,optics,336.7888101041317,67.49071591347456,62.94384445250034,63.47278432184908,3.625970810651779
cifar,direct,20260908_v3_formal_cifar_direct_s42,7,optics,403.12384643405676,66.33503632992506,61.72160168737173,62.24027060911435,3.712404489517212
cifar,direct,20260908_v3_formal_cifar_direct_s42,8,optics,468.7053050249815,65.58145859092474,60.97344050556421,61.48582235855215,3.7981590554118156
cifar,direct,20260908_v3_formal_cifar_direct_s42,9,optics,535.6910482198,66.9857431948185,62.37421806901693,62.89837116203388,3.6412944346666336
cifar,direct,20260908_v3_formal_cifar_direct_s42,10,optics,601.8519635051489,66.16091528534889,61.34151440113783,61.85698931207177,3.6361024901270866
cifar,direct,20260908_v3_formal_cifar_direct_s42,11,optics,667.8519039228559,65.99994041770697,61.362992361187935,61.87864775918111,3.774476297199726
cifar,direct,20260908_v3_formal_cifar_direct_s42,12,optics,735.9151354879141,68.06323156505823,59.72387997061014,60.225761314900986,7.279874421656132
cifar,direct,20260908_v3_formal_cifar_direct_s42,13,joint,805.6208687052131,69.70573321729898,64.48730681836605,65.02921695969687,3.5828065797686577
cifar,direct,20260908_v3_formal_cifar_direct_s42,14,joint,875.9894452691078,70.36857656389475,65.48613195121288,66.03643558105502,3.7514548897743225
cifar,direct,20260908_v3_formal_cifar_direct_s42,15,joint,944.3824333176017,68.39298804849386,63.283233381807804,63.81502525896585,3.9350849762558937
cifar,direct,20260908_v3_formal_cifar_direct_s42,16,joint,1013.9695440083742,69.58711069077253,64.63032101839781,65.17343295972888,3.8921239152550697
cifar,direct,20260908_v3_formal_cifar_direct_s42,17,joint,1083.4362176284194,69.46667362004519,64.78007761389017,65.32444801400689,3.6570124477148056
cifar,direct,20260908_v3_formal_cifar_direct_s42,18,joint,1152.1001858338714,68.66396820545197,64.02522660791874,64.563253722271,3.417619675397873
cifar,direct,20260908_v3_formal_cifar_direct_s42,19,joint,1222.0868885293603,69.98670269548893,64.73178312927485,65.2757476933864,3.7205798104405403
cifar,direct,20260908_v3_formal_cifar_direct_s42,20,joint,1291.3858974799514,69.29900895059109,64.40280117094517,64.94400118078505,3.784963048994541
cifar,direct,20260908_v3_formal_cifar_direct_s42,21,joint,1361.5904115587473,70.20451407879591,65.33829772472382,65.88735905014167,3.4741120263934135
cifar,direct,20260908_v3_formal_cifar_direct_s42,22,joint,1431.128439836204,69.53802827745676,64.35540810972452,64.89620985854573,3.736068308353424
cifar,direct,20260908_v3_formal_cifar_direct_s42,23,joint,1500.2878970354795,69.1594571992755,64.06735584139824,64.6057369829226,3.5972867757081985
cifar,direct,20260908_v3_formal_cifar_direct_s42,24,joint,1569.3996730670333,69.11177603155375,63.989415772259235,64.52714195521939,3.854422263801098
cifar,direct,20260908_v3_formal_cifar_direct_s42,25,joint,1638.7352009043097,69.33552783727646,64.63337603211403,65.17651364582927,3.4910742044448853
cifar,direct,20260908_v3_formal_cifar_direct_s42,26,joint,1711.0574374645948,72.32223656028509,66.759561188519,67.3205659043889,3.9164297357201576
cifar,direct,20260908_v3_formal_cifar_direct_s42,27,joint,1780.174925044179,69.11748757958412,63.862175457179546,64.3988323937945,3.7239989638328552
cifar,direct,20260908_v3_formal_cifar_direct_s42,28,joint,1849.8922734633088,69.71734841912985,64.17397854477167,64.7132556754,3.9563621506094933
cifar,direct,20260908_v3_formal_cifar_direct_s42,29,joint,1919.8125432506204,69.92026978731155,65.01160300523043,65.55791899687102,3.7681871503591537
cifar,direct,20260908_v3_formal_cifar_direct_s42,30,joint,1993.2492103278637,73.43666707724333,64.25642334669828,64.79639329078819,7.667748749256134
cifar,qwen_lora,20260908_v3_formal_cifar_qwen_lora_s42,1,experts,79.98328235000372,,69.95157670229673,70.53940507794628,3.7568378299474716
cifar,qwen_lora,20260908_v3_formal_cifar_qwen_lora_s42,2,experts,155.9972374290228,76.01395507901907,70.87117877602577,71.46673490019407,3.683805800974369
cifar,qwen_lora,20260908_v3_formal_cifar_qwen_lora_s42,3,experts,231.45911325514317,75.46187582612038,69.84560020267963,70.43253801950887,3.6087658405303955
cifar,qwen_lora,20260908_v3_formal_cifar_qwen_lora_s42,4,experts,310.8406940251589,79.38158077001572,70.28614573925734,70.87678561941917,7.2440765500068665
cifar,qwen_lora,20260908_v3_formal_cifar_qwen_lora_s42,5,optics,402.7789316549897,91.93823762983084,86.73018568009138,87.45901076984005,3.614465832710266
cifar,qwen_lora,20260908_v3_formal_cifar_qwen_lora_s42,6,optics,495.01207734644413,92.23314569145441,86.89648948609829,87.62671208682181,3.8021470829844475
cifar,qwen_lora,20260908_v3_formal_cifar_qwen_lora_s42,7,optics,588.8316595181823,93.81958217173815,87.6301448494196,88.36653262126346,3.8444483280181885
cifar,qwen_lora,20260908_v3_formal_cifar_qwen_lora_s42,8,optics,681.6929319724441,92.86127245426178,87.73904077708721,88.47634364076022,3.524240605533123
cifar,qwen_lora,20260908_v3_formal_cifar_qwen_lora_s42,9,optics,784.4243124499917,102.73138047754765,95.20833641290665,96.00840646679661,5.735189512372017
cifar,qwen_lora,20260908_v3_formal_cifar_qwen_lora_s42,10,optics,917.7410124018788,133.31669995188713,123.5122200474143,124.55013786293878,7.441359736025333
cifar,qwen_lora,20260908_v3_formal_cifar_qwen_lora_s42,11,optics,1056.5911524146795,138.8501400128007,127.01950166374445,128.08689243402802,8.886896125972271
cifar,qwen_lora,20260908_v3_formal_cifar_qwen_lora_s42,12,optics,1204.6345971822739,148.04344476759434,128.23607897758484,129.31369308664017,16.94748155772686
cifar,qwen_lora,20260908_v3_formal_cifar_qwen_lora_s42,13,joint,1354.5771613046527,149.94256412237883,138.7250938564539,139.89085094768458,8.66623792797327
cifar,qwen_lora,20260908_v3_formal_cifar_qwen_lora_s42,14,joint,1505.2808039039373,150.70364259928465,138.83411291241646,140.00078613016785,9.583389230072498
cifar,qwen_lora,20260908_v3_formal_cifar_qwen_lora_s42,15,joint,1655.2766862884164,149.99588238447905,139.20079497992992,140.3705495595932,8.76847655326128
cifar,qwen_lora,20260908_v3_formal_cifar_qwen_lora_s42,16,joint,1806.296110868454,151.0194245800376,141.4907127469778,142.67971033308686,6.701652705669403
cifar,qwen_lora,20260908_v3_formal_cifar_qwen_lora_s42,17,joint,1955.5284656658769,149.2323547974229,141.65807477384806,142.84847876354428,5.001182459294796
cifar,qwen_lora,20260908_v3_formal_cifar_qwen_lora_s42,18,joint,2064.0109331533313,108.48246748745441,101.91331478208303,102.7697291920165,4.353358641266823
cifar,qwen_lora,20260908_v3_formal_cifar_qwen_lora_s42,19,joint,2169.1113355755806,105.10040242224932,99.00054143369198,99.83247875666417,4.302068807184696
cifar,qwen_lora,20260908_v3_formal_cifar_qwen_lora_s42,20,joint,2273.058376915753,103.94704134017229,97.97768653929234,98.80102844298388,4.041098788380623
cifar,qwen_lora,20260908_v3_formal_cifar_qwen_lora_s42,21,joint,2380.670339614153,107.61196269840002,100.40095894038677,101.24466447770094,4.454147435724735
cifar,qwen_lora,20260908_v3_formal_cifar_qwen_lora_s42,22,joint,2488.582603789866,107.91226417571306,100.51890029758215,101.3635969387383,4.618130803108215
cifar,qwen_lora,20260908_v3_formal_cifar_qwen_lora_s42,23,joint,2592.7116772010922,104.12907341122627,97.77817348390818,98.59983880730238,4.307124674320221
cifar,qwen_lora,20260908_v3_formal_cifar_qwen_lora_s42,24,joint,2693.486414819956,100.77473761886358,93.99401222914457,94.78387787812898,3.9275309443473816
cifar,qwen_lora,20260908_v3_formal_cifar_qwen_lora_s42,25,joint,2795.267205737531,101.78079091757536,95.53397507220507,96.33678158541687,4.215977318584919
cifar,qwen_lora,20260908_v3_formal_cifar_qwen_lora_s42,26,joint,2904.5422414541245,109.27503571659327,102.51642908900976,103.3779116863964,4.521757580339909
cifar,qwen_lora,20260908_v3_formal_cifar_qwen_lora_s42,27,joint,3014.220112852752,109.67787139862776,102.9675837829709,103.83285759627317,4.326992243528366
cifar,qwen_lora,20260908_v3_formal_cifar_qwen_lora_s42,28,joint,3123.935116313398,109.71500346064568,102.8765727430582,103.74108175770576,4.315318062901497
cifar,qwen_lora,20260908_v3_formal_cifar_qwen_lora_s42,29,joint,3225.2746995911,101.33958327770233,94.84167516976595,95.63866403673877,4.617375306785107
cifar,qwen_lora,20260908_v3_formal_cifar_qwen_lora_s42,30,joint,3330.098479114473,104.82377952337265,95.09786473214626,95.89700645258446,7.765362121164799
cifar,clip_lora,20260908_v3_formal_cifar_clip_lora_s42,1,experts,61.58957961946726,,51.030898705124855,51.459729786680526,4.149421893060207
cifar,clip_lora,20260908_v3_formal_cifar_clip_lora_s42,2,experts,116.60558055341244,55.01600093394518,50.0175364613533,50.43785189380165,4.082091294229031
cifar,clip_lora,20260908_v3_formal_cifar_clip_lora_s42,3,experts,173.76155813783407,57.155977584421635,52.24031603336334,52.67931028574454,4.069825544953346
cifar,clip_lora,20260908_v3_formal_cifar_clip_lora_s42,4,experts,234.01970149576664,60.25814335793257,50.76087424904108,51.187436217520414,7.890156485140324
cifar,clip_lora,20260908_v3_formal_cifar_clip_lora_s42,5,optics,309.89655286073685,75.87685136497021,70.38711270689964,70.97860104897444,4.344065696001053
cifar,clip_lora,20260908_v3_formal_cifar_clip_lora_s42,6,optics,386.99115335941315,77.0946004986763,70.80434268712997,71.3993371634924,4.789679057896137
cifar,clip_lora,20260908_v3_formal_cifar_clip_lora_s42,7,optics,465.2647980004549,78.27364464104176,70.7946036607027,71.38951629650693,5.581647254526615
cifar,clip_lora,20260908_v3_formal_cifar_clip_lora_s42,8,optics,549.3718526884913,84.10705468803644,77.80711785703897,78.4609591835687,4.702444091439247
cifar,clip_lora,20260908_v3_formal_cifar_clip_lora_s42,9,optics,632.5595129728317,83.18766028434038,77.37512868642807,78.02533985186024,4.602099880576134
cifar,clip_lora,20260908_v3_formal_cifar_clip_lora_s42,10,optics,714.2449783459306,81.68546537309885,75.85996399819851,76.497442687259,4.158747009932995
cifar,clip_lora,20260908_v3_formal_cifar_clip_lora_s42,11,optics,790.6496298536658,76.40465150773525,70.48913717269897,71.08148286322586,4.095253609120846
cifar,clip_lora,20260908_v3_formal_cifar_clip_lora_s42,12,optics,870.8396137431264,80.18998388946056,71.01176059246063,71.60849807643089,7.843296378850937
cifar,clip_lora,20260908_v3_formal_cifar_clip_lora_s42,13,joint,952.0869813412428,81.2473675981164,75.6544454023242,76.29019704436054,4.009949341416359
cifar,clip_lora,20260908_v3_formal_cifar_clip_lora_s42,14,joint,1035.0629513785243,82.97597003728151,77.54657193273306,78.19822379771401,3.977939233183861
cifar,clip_lora,20260908_v3_formal_cifar_clip_lora_s42,15,joint,1116.628071591258,81.56512021273375,75.98129744827747,76.61979574616215,4.08454966545105
cifar,clip_lora,20260908_v3_formal_cifar_clip_lora_s42,16,joint,1197.7114511579275,81.08337956666946,75.79121438413858,76.42811534534984,3.951932303607464
cifar,clip_lora,20260908_v3_formal_cifar_clip_lora_s42,17,joint,1276.6156573742628,78.9042062163353,73.70429123938084,74.3236550313084,3.794072426855564
cifar,clip_lora,20260908_v3_formal_cifar_clip_lora_s42,18,joint,1354.0661772713065,77.4505198970437,72.16952481120825,72.77599140626042,3.9731035828590393
cifar,clip_lora,20260908_v3_formal_cifar_clip_lora_s42,19,joint,1430.8241860345006,76.75800876319408,71.22034370154142,71.81883398474766,3.755249284207821
cifar,clip_lora,20260908_v3_formal_cifar_clip_lora_s42,20,joint,1509.867773771286,79.04358773678541,72.60304657369852,73.21315620877161,4.406287185847759
cifar,clip_lora,20260908_v3_formal_cifar_clip_lora_s42,21,joint,1595.092507980764,85.2247342094779,79.1984829083085,79.86401637812622,4.354704201221466
cifar,clip_lora,20260908_v3_formal_cifar_clip_lora_s42,22,joint,1681.8454601168633,86.75295213609934,80.13644086569548,80.8098563351551,4.548786893486977
cifar,clip_lora,20260908_v3_formal_cifar_clip_lora_s42,23,joint,1768.6371540501714,86.79169393330812,80.69967137277126,81.37781987170212,4.415931895375252
cifar,clip_lora,20260908_v3_formal_cifar_clip_lora_s42,24,joint,1847.609893657267,78.97273960709572,73.0803447291255,73.69446527306773,3.9392337948083878
cifar,clip_lora,20260908_v3_formal_cifar_clip_lora_s42,25,joint,1924.1615292057395,76.5516355484724,71.42972258478403,72.02997235440407,3.8209600001573563
cifar,clip_lora,20260908_v3_formal_cifar_clip_lora_s42,26,joint,2002.2483861595392,78.08685695379972,73.0198759585619,73.63348836157502,3.773310862481594
cifar,clip_lora,20260908_v3_formal_cifar_clip_lora_s42,27,joint,2078.946823552251,76.69843739271164,71.25730090588331,71.85610175383191,3.5689209327101707
cifar,clip_lora,20260908_v3_formal_cifar_clip_lora_s42,28,joint,2158.3358196020126,79.38899604976177,73.48912607133389,74.1066817526056,3.9593032523989677
cifar,clip_lora,20260908_v3_formal_cifar_clip_lora_s42,29,joint,2240.431091800332,82.09527219831944,76.62700551003218,77.27092992608287,3.9623910412192345
cifar,clip_lora,20260908_v3_formal_cifar_clip_lora_s42,30,joint,2319.0377466008067,78.60665480047464,69.9324966520071,70.5201646910996,7.230264209210873
imagenette,direct,20260908_v3_formal_imagenette_direct_s42,1,experts,57.193390883505344,,44.057995073497295,44.42823032621576,5.520388700067997
imagenette,direct,20260908_v3_formal_imagenette_direct_s42,2,experts,107.6061267927289,50.41273590922356,44.49642404913902,44.87034357896372,5.239933669567108
imagenette,direct,20260908_v3_formal_imagenette_direct_s42,3,experts,157.4230136871338,49.81688689440489,44.125163197517395,44.49596288825283,5.0716729909181595
imagenette,direct,20260908_v3_formal_imagenette_direct_s42,4,experts,213.2564994096756,55.83348572254181,44.825218215584755,45.20190072159807,10.146592870354652
imagenette,direct,20260908_v3_formal_imagenette_direct_s42,5,optics,280.1869962140918,66.93049680441618,60.884915478527546,61.39655342372525,5.045680694282055
imagenette,direct,20260908_v3_formal_imagenette_direct_s42,6,optics,347.7684509381652,67.58145472407341,61.366050362586975,61.8817314580709,5.05597348511219
imagenette,direct,20260908_v3_formal_imagenette_direct_s42,7,optics,414.9920576289296,67.22360669076443,60.706404112279415,61.21654196196244,5.369018353521824
imagenette,direct,20260908_v3_formal_imagenette_direct_s42,8,optics,481.80230117589235,66.81024354696274,60.87068260461092,61.382200945826135,5.007738456130028
imagenette,direct,20260908_v3_formal_imagenette_direct_s42,9,optics,548.6988881975412,66.89658702164888,60.981173910200596,61.49362074978211,5.038339383900166
imagenette,direct,20260908_v3_formal_imagenette_direct_s42,10,optics,616.7366825789213,68.03779438138008,62.2599978223443,62.7831910813556,4.940389312803745
imagenette,direct,20260908_v3_formal_imagenette_direct_s42,11,optics,683.1555009633303,66.41881838440895,60.414254918694496,60.92193773313731,5.022143729031086
imagenette,direct,20260908_v3_formal_imagenette_direct_s42,12,optics,756.4778609499335,73.32235998660326,60.8320379704237,61.34323156681381,11.63779702782631
imagenette,direct,20260908_v3_formal_imagenette_direct_s42,13,joint,825.872666016221,69.39480506628752,63.52989514172077,64.06375980677726,4.892305180430412
imagenette,direct,20260908_v3_formal_imagenette_direct_s42,14,joint,894.2827909588814,68.41012494266033,62.44370587915182,62.96844290334638,4.934188522398472
imagenette,direct,20260908_v3_formal_imagenette_direct_s42,15,joint,963.7085595279932,69.42576856911182,63.31101547926664,63.84304081942855,5.030157871544361
imagenette,direct,20260908_v3_formal_imagenette_direct_s42,16,joint,1033.580627925694,69.87206839770079,63.48331119120121,64.01678439448861,5.322206988930702
imagenette,direct,20260908_v3_formal_imagenette_direct_s42,17,joint,1103.9820172935724,70.40138936787844,64.1302276328206,64.66913710872666,5.19690802693367
imagenette,direct,20260908_v3_formal_imagenette_direct_s42,18,joint,1175.2537883967161,71.27177110314369,64.808164909482,65.35277133729278,5.243518084287643
imagenette,direct,20260908_v3_formal_imagenette_direct_s42,19,joint,1246.0548084899783,70.8010200932622,62.27750215679407,62.80084251105284,7.2786916717886925
imagenette,direct,20260908_v3_formal_imagenette_direct_s42,20,joint,1317.4942587465048,71.43945025652647,64.69349981099367,65.23714266654824,4.978296831250191
imagenette,direct,20260908_v3_formal_imagenette_direct_s42,21,joint,1387.9371318295598,70.44287308305502,64.50875722616911,65.05084762302768,4.9332955703139305
imagenette,direct,20260908_v3_formal_imagenette_direct_s42,22,joint,1458.7092185392976,70.77208670973778,64.55477045476437,65.09724751740944,5.093657806515694
imagenette,direct,20260908_v3_formal_imagenette_direct_s42,23,joint,1530.1089325845242,71.39971404522657,64.20186240971088,64.74137385853199,5.622713550925255
imagenette,direct,20260908_v3_formal_imagenette_direct_s42,24,joint,1600.3163094967604,70.20737691223621,63.926041550934315,64.46323517741276,5.187188096344471
imagenette,direct,20260908_v3_formal_imagenette_direct_s42,25,joint,1670.5812991410494,70.26498964428902,64.04444836080074,64.58263700248814,5.08650241792202
imagenette,direct,20260908_v3_formal_imagenette_direct_s42,26,joint,1741.2960445284843,70.71474538743496,63.90337295085192,64.44037608489269,5.161979861557484
imagenette,direct,20260908_v3_formal_imagenette_direct_s42,27,joint,1811.207657545805,69.91161301732063,63.89838816225529,64.43534940731625,4.915244124829769
imagenette,direct,20260908_v3_formal_imagenette_direct_s42,28,joint,1881.9479814842343,70.74032393842936,64.05653899163008,64.59482923525722,5.5285631120204926
imagenette,direct,20260908_v3_formal_imagenette_direct_s42,29,joint,1951.29910646379,69.3511249795556,62.98879084736109,63.51810841750699,5.213502116501331
imagenette,direct,20260908_v3_formal_imagenette_direct_s42,30,joint,2024.6847366318107,73.38563016802073,62.0741705596447,62.59580224501987,10.27162952721119
imagenette,qwen_lora,20260908_v3_formal_imagenette_qwen_lora_s42,1,experts,85.76458818465471,,72.15865390747786,72.76502915039784,5.888119086623192
imagenette,qwen_lora,20260908_v3_formal_imagenette_qwen_lora_s42,2,experts,165.34136651456356,79.57677832990885,72.45087112486362,73.0597019746524,5.688043758273125
imagenette,qwen_lora,20260908_v3_formal_imagenette_qwen_lora_s42,3,experts,245.3002230450511,79.95885653048754,72.09512059390545,72.70096194343407,6.021580256521702
imagenette,qwen_lora,20260908_v3_formal_imagenette_qwen_lora_s42,4,experts,329.44440776109695,84.14418471604586,71.225700519979,71.82423581846622,10.919838681817055
imagenette,qwen_lora,20260908_v3_formal_imagenette_qwen_lora_s42,5,optics,425.7809860482812,96.33657828718424,88.40754835307598,89.15046892747158,5.27001978456974
imagenette,qwen_lora,20260908_v3_formal_imagenette_qwen_lora_s42,6,optics,522.760149396956,96.97916334867477,89.68517213314772,90.43882904182964,5.745827168226242
imagenette,qwen_lora,20260908_v3_formal_imagenette_qwen_lora_s42,7,optics,619.984401896596,97.22425249963999,89.83667932450771,90.59160940286492,5.699759878218174
imagenette,qwen_lora,20260908_v3_formal_imagenette_qwen_lora_s42,8,optics,716.7870301306248,96.80262823402882,89.65631337463856,90.40972777274476,5.553287133574486
imagenette,qwen_lora,20260908_v3_formal_imagenette_qwen_lora_s42,9,optics,825.6692915782332,108.88226144760847,100.62855448573828,101.47417259066044,6.042447946965694
imagenette,qwen_lora,20260908_v3_formal_imagenette_qwen_lora_s42,10,optics,924.7820604220033,99.11276884377003,91.61018540710211,92.38001889791809,5.727842040359974
imagenette,qwen_lora,20260908_v3_formal_imagenette_qwen_lora_s42,11,optics,1023.763594135642,98.98153371363878,90.63258194923401,91.39420028494185,5.8251668736338615
imagenette,qwen_lora,20260908_v3_formal_imagenette_qwen_lora_s42,12,optics,1131.7959359958768,108.03234186023474,93.61688379943371,94.40358030194996,11.835814878344536
imagenette,qwen_lora,20260908_v3_formal_imagenette_qwen_lora_s42,13,joint,1239.0238156616688,107.22787966579199,99.00454021990299,99.83651114612067,6.343164965510368
imagenette,qwen_lora,20260908_v3_formal_imagenette_qwen_lora_s42,14,joint,1348.1751928851008,109.15137722343206,100.6287349164486,101.47435453759522,6.580010548233986
imagenette,qwen_lora,20260908_v3_formal_imagenette_qwen_lora_s42,15,joint,1456.9145100563765,108.73931717127562,100.2462175488472,101.0886227383333,6.528791978955269
imagenette,qwen_lora,20260908_v3_formal_imagenette_qwen_lora_s42,16,joint,1567.2516660615802,110.33715600520372,101.19846019148827,102.04886741998817,6.732274316251278
imagenette,qwen_lora,20260908_v3_formal_imagenette_qwen_lora_s42,17,joint,1674.8117610514164,107.56009498983622,99.7665538713336,100.60492827361371,6.001809969544411
imagenette,qwen_lora,20260908_v3_formal_imagenette_qwen_lora_s42,18,joint,1785.3236720487475,110.51191099733114,101.39445348083973,102.24650771177116,7.123174078762531
imagenette,qwen_lora,20260908_v3_formal_imagenette_qwen_lora_s42,19,joint,1904.1670119166374,118.84333986788988,109.89368066936731,110.81715697751326,7.109735168516636
imagenette,qwen_lora,20260908_v3_formal_imagenette_qwen_lora_s42,20,joint,2023.1434826180339,118.97647070139647,109.92700868844986,110.85076506398306,6.101026952266693
imagenette,qwen_lora,20260908_v3_formal_imagenette_qwen_lora_s42,21,joint,2133.417965017259,110.27448239922523,102.26019190251827,103.1195212462369,6.011810392141342
imagenette,qwen_lora,20260908_v3_formal_imagenette_qwen_lora_s42,22,joint,2241.8728104308248,108.45484541356564,99.68318016827106,100.52085395119772,5.9397315084934235
imagenette,qwen_lora,20260908_v3_formal_imagenette_qwen_lora_s42,23,joint,2351.665448501706,109.79263807088137,100.62153685092926,101.46709598413035,6.467874616384506
imagenette,qwen_lora,20260908_v3_formal_imagenette_qwen_lora_s42,24,joint,2463.9911522194743,112.32570371776819,103.09586086124182,103.96221263318503,6.531658224761486
imagenette,qwen_lora,20260908_v3_formal_imagenette_qwen_lora_s42,25,joint,2574.5878034234047,110.59665120393038,101.40706533938646,102.25922555232249,6.112497702240944
imagenette,qwen_lora,20260908_v3_formal_imagenette_qwen_lora_s42,26,joint,2678.9902639836073,104.4024605602026,96.58801484853029,97.39967883885409,5.787990361452103
imagenette,qwen_lora,20260908_v3_formal_imagenette_qwen_lora_s42,27,joint,2788.3904515877366,109.40018760412931,99.71007765829563,100.54797747055021,6.926394157111645
imagenette,qwen_lora,20260908_v3_formal_imagenette_qwen_lora_s42,28,joint,2903.6818396374583,115.29138804972172,106.17549595981836,107.06772701830423,6.274624772369862
imagenette,qwen_lora,20260908_v3_formal_imagenette_qwen_lora_s42,29,joint,3019.2701134756207,115.58827383816242,106.19738845527172,107.08980348430762,6.535627193748951
imagenette,qwen_lora,20260908_v3_formal_imagenette_qwen_lora_s42,30,joint,3135.618855305016,116.3487418293953,102.87788331508636,103.74240334294424,11.472769312560558
imagenette,clip_lora,20260908_v3_formal_imagenette_clip_lora_s42,1,experts,67.77562955021858,,54.31241796910763,54.768824842797606,5.380764164030552
imagenette,clip_lora,20260908_v3_formal_imagenette_clip_lora_s42,2,experts,128.33167435228825,60.556044802069664,54.119515262544155,54.57430110508654,5.507610782980919
imagenette,clip_lora,20260908_v3_formal_imagenette_clip_lora_s42,3,experts,191.2746692970395,62.94299494475126,55.69734366238117,56.165388567107065,6.26823353767395
imagenette,clip_lora,20260908_v3_formal_imagenette_clip_lora_s42,4,experts,261.3259015753865,70.05123227834702,57.70989004522562,58.19484710442919,11.254263877868652
imagenette,clip_lora,20260908_v3_formal_imagenette_clip_lora_s42,5,optics,342.1439829096198,80.81808133423328,74.12747832387686,74.75039830979179,5.4799065589904785
imagenette,clip_lora,20260908_v3_formal_imagenette_clip_lora_s42,6,optics,422.0441695228219,79.9001866132021,72.84537737816572,73.45752340655368,5.436297334730625
imagenette,clip_lora,20260908_v3_formal_imagenette_clip_lora_s42,7,optics,501.18055725097656,79.13638772815466,72.26397003233433,72.8712302847069,5.465988293290138
imagenette,clip_lora,20260908_v3_formal_imagenette_clip_lora_s42,8,optics,578.9209363460541,77.74037909507751,71.11420096457005,71.7117992920034,5.301389247179031
imagenette,clip_lora,20260908_v3_formal_imagenette_clip_lora_s42,9,optics,656.9549550190568,78.03401867300272,71.08893178403378,71.68631776541221,5.751876808702946
imagenette,clip_lora,20260908_v3_formal_imagenette_clip_lora_s42,10,optics,735.8212118372321,78.86625681817532,71.94374140352011,72.54831065901188,5.674133360385895
imagenette,clip_lora,20260908_v3_formal_imagenette_clip_lora_s42,11,optics,813.6044740900397,77.78326225280762,70.37039005756378,70.96173787317356,5.911918438971043
imagenette,clip_lora,20260908_v3_formal_imagenette_clip_lora_s42,12,optics,895.7066979631782,82.10222387313843,70.11202348023653,70.70120014813767,10.519125260412693
imagenette,clip_lora,20260908_v3_formal_imagenette_clip_lora_s42,13,joint,974.8184246942401,79.11172673106194,72.46497540175915,73.07392477488317,5.2104480266571045
imagenette,clip_lora,20260908_v3_formal_imagenette_clip_lora_s42,14,joint,1056.5796500444412,81.76122535020113,74.8977617174387,75.52715467304742,5.497069172561169
imagenette,clip_lora,20260908_v3_formal_imagenette_clip_lora_s42,15,joint,1141.5006246641278,84.9209746196866,77.09873661398888,77.74662515696357,6.370573364198208
imagenette,clip_lora,20260908_v3_formal_imagenette_clip_lora_s42,16,joint,1225.0825649499893,83.58194028586149,75.94142059981823,76.57958379813603,6.217509627342224
imagenette,clip_lora,20260908_v3_formal_imagenette_clip_lora_s42,17,joint,1309.579909928143,84.4973449781537,77.07848490774632,77.72620326831561,6.064983941614628
imagenette,clip_lora,20260908_v3_formal_imagenette_clip_lora_s42,18,joint,1401.2269352450967,91.64702531695366,83.73585669696331,84.43951935828234,6.0275577157735825
imagenette,clip_lora,20260908_v3_formal_imagenette_clip_lora_s42,19,joint,1487.2131755426526,85.98624029755592,78.69768492877483,79.35901001220992,5.916267201304436
imagenette,clip_lora,20260908_v3_formal_imagenette_clip_lora_s42,20,joint,1572.9436862841249,85.73051074147224,78.19422457367182,78.85131889782032,5.593427434563637
imagenette,clip_lora,20260908_v3_formal_imagenette_clip_lora_s42,21,joint,1657.303970940411,84.36028465628624,76.16820468008518,76.80827362697666,6.744523346424103
imagenette,clip_lora,20260908_v3_formal_imagenette_clip_lora_s42,22,joint,1742.2937064543366,84.98973551392555,77.14406868070364,77.79233816541543,5.520039334893227
imagenette,clip_lora,20260908_v3_formal_imagenette_clip_lora_s42,23,joint,1826.5410391390324,84.24733268469572,75.99618121981621,76.6348045914113,6.3408020213246346
imagenette,clip_lora,20260908_v3_formal_imagenette_clip_lora_s42,24,joint,1909.5685863271356,83.0275471881032,74.82918133586645,75.45799798574768,6.079542264342308
imagenette,clip_lora,20260908_v3_formal_imagenette_clip_lora_s42,25,joint,1993.2557135000825,83.68712717294693,75.75925666838884,76.3958890773669,6.015167318284512
imagenette,clip_lora,20260908_v3_formal_imagenette_clip_lora_s42,26,joint,2079.1062833219767,85.85056982189417,76.95959971100092,77.60631903630345,6.631062835454941
imagenette,clip_lora,20260908_v3_formal_imagenette_clip_lora_s42,27,joint,2163.445253998041,84.33897067606449,76.6263026073575,77.27022111666302,6.170827992260456
imagenette,clip_lora,20260908_v3_formal_imagenette_clip_lora_s42,28,joint,2244.023982323706,80.578728325665,73.57471929490566,74.19299424696369,5.575715057551861
imagenette,clip_lora,20260908_v3_formal_imagenette_clip_lora_s42,29,joint,2324.6766100525856,80.65262772887945,74.30494865775108,74.92935999100949,5.001147016882896
imagenette,clip_lora,20260908_v3_formal_imagenette_clip_lora_s42,30,joint,2408.966587074101,84.28997702151537,72.36110401153564,72.96918051583425,10.528804145753384
